2026-07-19 00:23:40: ◇ injected env (8) from .env // tip: ⌘ enable debugging { debug: true }
2026-07-19 00:23:40: [PP369] [369] initH4Cache: Tất cả 779 coin đã có nến H4 đầu năm. 
2026-07-19 00:23:46: [AutoTrade] Bỏ qua 142 coin có grid ngoài khoảng 3–30% (theo giá hiện tại): SOL(40.0%), ETC(43.0%), LINK(36.2%), BAT(38.6%), QTUM(42.1%), DOT(36.1%), AVAX(45.9%), AAVE(33.8%), FIL(40.2%), BEL(2.9%), COTI(40.7%), ALICE(2.6%), NKN(2.6%), DGB(1.6%), ATA(1.8%), DYDX(2.5%), 1000XEC(3.0%), KLAY(2.4%), APE(2.1%), DAR(2.1%), OP(31.7%), STG(2.2%), SPELL(35.6%), APT(49.6%), FET(1.9%), CKB(32.3%), AMB(2.5%), RDNT(2.9%), HFT(34.7%), SUI(40.7%), NMR(3.0%), MAV(33.5%), ARKM(2.8%), DODOX(1.4%), RIF(2.2%), SUPER(35.9%), 1000SATS(319.5%), ACE(42.4%), JUP(1.6%), GLM(30.2%), PORTAL(2.8%), MYRO(3.0%), W(32.5%), IO(2.0%), ZK(32.1%), ZRO(38.2%), SYN(1.3%), SYS(1.7%), SUN(1.6%), DOGS(82.4%), BSW(2.5%), QUICK(2.3%), NEIRO(50.2%), FIO(2.5%), GHST(1.8%), LOKA(2.6%), COS(2.5%), SANTOS(58.5%), 1000000MOG(30.1%), ACT(36.4%), HIPPO(2.9%), DEGEN(2.9%), 1000WHY(197.4%), THE(55.5%), VELODROME(1.6%), MOCA(36.1%), USUAL(34.1%), DEXE(0.8%), DF(2.6%), COOKIE(35.5%), D(2.2%), PIPPIN(181.5%), VVV(2.6%), TST(2.8%), HEI(2.8%), RED(30.3%), MUBARAK(2.6%), TUT(2.3%), BROCCOLI714(2.5%), BR(1.9%), PLUME(2.9%), FUN(1.7%), BABY(2.4%), PUMP(1.8%), BANK(2.8%), SIGN(35.7%), PUNDIX(36.9%), SXT(39.7%), ASR(34.7%), MILK(3.0%), OG(116.0%), AGT(2.2%), B(2.0%), MERL(176.2%), PUMPBTC(34.0%), MYX(387.4%), DMC(2.3%), OL(1.7%), SAHARA(33.9%), BULLA(31.7%), TANSSI(2.4%), VELVET(0.6%), ZORA(48.3%), ESPORTS(104.7%), A2Z(2.1%), YALA(1.8%), AIO(2.9%), LA(59.3%), SOMI(30.5%), BAS(1.1%), Q(1.5%), PTB(54.3%), PORT3(2.5%), 1000000BOB(1.9%), AVNT(34.0%), TRADOOR(56.3%), HANA(0.9%), AKE(1.8%), LIGHT(253.0%), XAN(2.6%), TRUTH(2.5%), YB(39.3%), EUL(31.3%), LAB(1.6%), RIVER(91.6%), 币安人生(0.4%), BLUAI(2.5%), APR(1.4%), KITE(2.8%), AT(2.1%), CC(2.4%), UAI(0.8%), STABLE(0.8%), JCT(0.8%), ALLO(0.7%), BOB(2.8%), POWER(37.1%), US(0.6%), BREV(40.4%), MAGMA(1.0%), OPEN(2.0%), RLS(2.8%)
2026-07-19 00:23:51: [PP369] [Binance] Đang lấy leverage brackets cho 465 coin... 
2026-07-19 00:23:52: [PP369] [Binance] Lỗi -1021 (Timestamp outside recvWindow). Đang tự động đồng bộ lại giờ và thử lại... 
2026-07-19 00:23:52: [PP369] [Binance] Đã đồng bộ giờ: offset = 71463ms (Giờ server: 2026-07-18T17:25:03.800Z) 
2026-07-19 00:23:52: [PP369] [Binance] Đã lưu leverage cho 465 coin vào step_sizes.json 
2026-07-19 00:23:52: [PP369] [AutoTrade] Khởi động: 465 coin | margin=$10 | 10x | type=LIMIT 
2026-07-19 00:23:52: [PP369] [Binance] Loaded step and tick sizes from existing file: 827 symbols 
2026-07-19 00:23:52: [PP369] [AutoTrade] Đã nạp leverageInfo cho 465 coin từ cache. 
2026-07-19 00:23:53: [PP369] [PP369Stream] Kết nối WebSocket thành công (market/stream) 
2026-07-19 00:23:56: [PP369] [AutoTrade] Bắt đầu scan... 
2026-07-19 00:31:46: [PP369] [AutoTrade] GUA → SHORT (Score: +6.6đ) tại $0.05815 
2026-07-19 00:31:46: [PP369] [AutoTrade] Set leverage GUAUSDT = 10x (Lưới: 4.32% → tính được 11x, giới hạn: 10x | Ký quỹ mục tiêu: $10) 
2026-07-19 00:31:47: [PP369] [AutoTrade] ✓ GUA SELL 1719 @ $0.05815 orderId=897528088 status=NEW 
2026-07-19 00:36:07: [PP369] [AutoTrade] ✓ Đặt TP GUA @ $0.0575700 (đối ứng BUY) orderId=1000002461226777 
2026-07-19 00:36:07: [PP369] [AutoTrade] ✓ Đặt SL GUA @ $0.0587300 (đối ứng BUY) orderId=1000002461226779 
2026-07-19 00:51:38: ◇ injected env (8) from .env // tip: ⌘ enable debugging { debug: true }
2026-07-19 00:51:39: [PP369] [369] initH4Cache: Tất cả 779 coin đã có nến H4 đầu năm. 
2026-07-19 00:51:39: [PP369] [Binance] Đã đồng bộ giờ: offset = 71646ms (Giờ server: 2026-07-18T17:52:50.910Z) 
2026-07-19 00:51:39: [AutoTrade] Bỏ qua 142 coin có grid ngoài khoảng 3–30% (theo giá hiện tại): SOL(39.8%), ETC(42.8%), LINK(36.2%), BAT(38.4%), QTUM(42.3%), DOT(35.9%), AVAX(45.6%), AAVE(33.7%), FIL(40.0%), BEL(2.9%), CTK(30.0%), COTI(40.5%), ALICE(2.6%), NKN(2.6%), DGB(1.6%), ATA(1.8%), DYDX(2.5%), KLAY(2.4%), APE(2.1%), DAR(2.1%), OP(31.5%), STG(2.1%), SPELL(35.1%), APT(49.3%), FET(1.9%), CKB(32.5%), AMB(2.5%), RDNT(2.9%), HFT(34.5%), SUI(40.6%), NMR(3.0%), MAV(33.4%), ARKM(2.8%), DODOX(1.4%), RIF(2.2%), SUPER(35.8%), 1000SATS(319.1%), ACE(42.7%), JUP(1.6%), GLM(30.2%), PORTAL(2.8%), MYRO(3.0%), W(32.4%), IO(2.0%), ZK(31.9%), ZRO(38.1%), SYN(1.3%), SYS(1.7%), SUN(1.6%), DOGS(82.3%), BSW(2.5%), QUICK(2.3%), NEIRO(50.0%), FIO(2.5%), GHST(1.8%), LOKA(2.6%), COS(2.5%), SANTOS(58.4%), ACT(36.3%), HIPPO(2.9%), DEGEN(2.9%), 1000WHY(197.4%), THE(55.4%), VELODROME(1.6%), MOCA(36.0%), USUAL(34.2%), DEXE(0.9%), DF(2.6%), COOKIE(35.3%), D(2.2%), PIPPIN(180.0%), VVV(2.6%), TST(2.7%), HEI(2.8%), RED(30.2%), MUBARAK(2.6%), TUT(2.3%), BROCCOLI714(2.5%), BR(1.9%), PLUME(2.9%), FUN(1.7%), BABY(2.4%), PUMP(1.8%), BANK(2.7%), SIGN(35.6%), PUNDIX(36.9%), SXT(39.5%), ASR(34.8%), MILK(3.0%), OG(115.7%), AGT(2.2%), B(1.9%), MERL(176.0%), PUMPBTC(33.7%), MYX(382.5%), DMC(2.3%), OL(1.7%), SAHARA(33.6%), BULLA(31.5%), TANSSI(2.4%), VELVET(0.6%), ZORA(48.2%), ESPORTS(87.9%), A2Z(2.1%), YALA(1.8%), AIO(2.9%), LA(59.2%), SOMI(30.5%), BAS(1.1%), Q(1.5%), PTB(53.8%), PORT3(2.5%), 1000000BOB(1.9%), AVNT(33.8%), TRADOOR(55.5%), HANA(0.9%), AKE(1.8%), LIGHT(250.6%), XAN(2.5%), TRUTH(2.4%), YB(39.2%), EUL(31.1%), ZBT(3.0%), LAB(1.6%), RIVER(90.1%), 币安人生(0.4%), BLUAI(2.5%), APR(1.4%), KITE(2.7%), AT(2.1%), CC(2.4%), UAI(0.8%), STABLE(0.8%), JCT(0.8%), ALLO(0.7%), BOB(2.8%), POWER(37.0%), US(0.6%), BREV(40.2%), MAGMA(1.0%), OPEN(2.0%), RLS(2.8%)
2026-07-19 00:51:40: [PP369] [Binance] Đang lấy leverage brackets cho 465 coin... 
2026-07-19 00:51:40: [PP369] [Binance] Đã lưu leverage cho 465 coin vào step_sizes.json 
2026-07-19 00:51:40: [PP369] [AutoTrade] Khởi động: 465 coin | margin=$10 | 10x | type=LIMIT 
2026-07-19 00:51:40: [PP369] [Binance] Loaded step and tick sizes from existing file: 827 symbols 
2026-07-19 00:51:40: [PP369] [AutoTrade] Đã nạp leverageInfo cho 465 coin từ cache. 
2026-07-19 00:51:40: [PP369] [PP369Stream] Kết nối WebSocket thành công (market/stream) 
2026-07-19 00:51:44: [PP369] [AutoTrade] Bắt đầu scan... 
2026-07-19 00:53:00: [PP369] [AutoTrade] BLESS → SHORT (Score: +5.5đ) tại $0.00857 
2026-07-19 00:53:00: [PP369] [AutoTrade] BLESS SHORT có Score = 5.5đ < 6đ — bỏ qua 
2026-07-19 01:13:59: [PP369] [AutoTrade] VTHO → SHORT (Score: +4.5đ) tại $0.0003897 
2026-07-19 01:13:59: [PP369] [AutoTrade] VTHO SHORT có Score = 4.5đ < 6đ — bỏ qua 
2026-07-19 01:15:58: [PP369] [AutoTrade] VTHO → SHORT (Score: +4.5đ) tại $0.0003897 
2026-07-19 01:15:58: [PP369] [AutoTrade] VTHO SHORT có Score = 4.5đ < 6đ — bỏ qua 
2026-07-19 01:21:39: [PP369] [Binance] Đã đồng bộ giờ: offset = 71825ms (Giờ server: 2026-07-18T18:22:51.004Z) 
2026-07-19 01:28:28: [PP369] [AutoTrade] MANTA → SHORT (Score: +7đ) tại $0.06492 
2026-07-19 01:28:28: [PP369] [AutoTrade] Set leverage MANTAUSDT = 10x (Lưới: 4.63% → tính được 10x, giới hạn: 50x | Ký quỹ mục tiêu: $15) 
2026-07-19 01:28:28: [PP369] [AutoTrade] ✓ MANTA SELL 2310.5 @ $0.06492 orderId=4001206373 status=NEW 
2026-07-19 01:42:28: [PP369] [AutoTrade] ALT → LONG (Score: +5.4đ) tại $0.00634 
2026-07-19 01:42:28: [PP369] [AutoTrade] ALT LONG có Score = 5.4đ < 6đ — bỏ qua 
2026-07-19 01:42:29: [PP369] [AutoTrade] BOME → LONG (Score: +6.4đ) tại $0.0003922 
2026-07-19 01:42:29: [PP369] [AutoTrade] Set leverage BOMEUSDT = 6x (Lưới: 7.60% → tính được 6x, giới hạn: 50x | Ký quỹ mục tiêu: $10) 
2026-07-19 01:42:29: [PP369] [AutoTrade] ✓ BOME BUY 152983 @ $0.0003922 orderId=8417388469 status=NEW 
2026-07-19 01:44:56: [PP369] [AutoTrade] Lệnh LIMIT của MANTA đã treo quá 15 phút (15.3 phút) -> Tiến hành hủy... 
2026-07-19 01:44:56: [PP369] [AutoTrade] ✓ Đã hủy thành công lệnh LIMIT treo của MANTA 
2026-07-19 01:45:28: [PP369] [AutoTrade] KAITO → LONG (Score: +6.3đ) tại $0.8063 
2026-07-19 01:45:28: [PP369] [AutoTrade] Set leverage KAITOUSDT = 13x (Lưới: 3.71% → tính được 13x, giới hạn: 75x | Ký quỹ mục tiêu: $10) 
2026-07-19 01:45:28: [PP369] [AutoTrade] ✓ KAITO BUY 161.2 @ $0.8063 orderId=4621263652 status=NEW 
2026-07-19 01:45:30: [PP369] [AutoTrade] ✓ Đặt TP KAITO @ $0.812500 (đối ứng SELL) orderId=1000002461294493 
2026-07-19 01:45:30: [PP369] [AutoTrade] ✓ Đặt SL KAITO @ $0.800100 (đối ứng SELL) orderId=1000002461294495 
2026-07-19 01:49:39: [PP369] [AutoTrade] Trailing SL: KAITO đạt ROI 5.16% -> Dịch SL trên sàn về entry + 1% ROI ($0.8069) [Mức: Hòa vốn] 
2026-07-19 01:49:39: [PP369] [AutoTrade] Đã hủy SL cũ của KAITO (orderId=1000002461294495) 
2026-07-19 01:49:39: [PP369] [AutoTrade] ✓ Đã dịch SL mới cho KAITO @ $0.806900 (orderId=1000002461298483) 
2026-07-19 01:51:39: [PP369] [Binance] Đã đồng bộ giờ: offset = 71997ms (Giờ server: 2026-07-18T18:52:51.175Z) 
2026-07-19 01:58:56: [PP369] [AutoTrade] Lệnh LIMIT của BOME đã treo quá 15 phút (15.3 phút) -> Tiến hành hủy... 
2026-07-19 01:58:57: [PP369] [AutoTrade] ✓ Đã hủy thành công lệnh LIMIT treo của BOME 
2026-07-19 01:59:00: [PP369] [AutoTrade] BOME → LONG (Score: +6.4đ) tại $0.0003922 
2026-07-19 01:59:00: [PP369] [AutoTrade] Set leverage BOMEUSDT = 6x (Lưới: 7.60% → tính được 6x, giới hạn: 50x | Ký quỹ mục tiêu: $10) 
2026-07-19 01:59:01: [PP369] [AutoTrade] ✓ BOME BUY 152983 @ $0.0003922 orderId=8417395733 status=NEW 
2026-07-19 02:02:58: [PP369] [AutoTrade] VANRY → LONG (Score: +8.5đ) tại $0.004838 
2026-07-19 02:02:58: [PP369] [AutoTrade] Set leverage VANRYUSDT = 13x (Lưới: 3.68% → tính được 13x, giới hạn: 20x | Ký quỹ mục tiêu: $20) 
2026-07-19 02:02:58: [PP369] [AutoTrade] ✓ VANRY BUY 53741 @ $0.004838 orderId=2592426649 status=NEW 
2026-07-19 02:15:26: [PP369] [AutoTrade] Lệnh LIMIT của BOME đã treo quá 15 phút (15.2 phút) -> Tiến hành hủy... 
2026-07-19 02:15:26: [PP369] [AutoTrade] ✓ Đã hủy thành công lệnh LIMIT treo của BOME 
2026-07-19 02:17:51: [PP369] [AutoTrade] ✓ Đặt TP VANRY @ $0.0048750 (đối ứng SELL) orderId=1000002461322179 
2026-07-19 02:17:51: [PP369] [AutoTrade] ✓ Đặt SL VANRY @ $0.0048080 (đối ứng SELL) orderId=1000002461322182 
2026-07-19 02:17:57: [PP369] [AutoTrade] BOME → LONG (Score: +6.4đ) tại $0.0003922 
2026-07-19 02:17:57: [PP369] [AutoTrade] Set leverage BOMEUSDT = 6x (Lưới: 7.60% → tính được 6x, giới hạn: 50x | Ký quỹ mục tiêu: $10) 
2026-07-19 02:17:57: [PP369] [AutoTrade] ✓ BOME BUY 152983 @ $0.0003922 orderId=8417404289 status=NEW 
2026-07-19 02:21:39: [PP369] [Binance] Đã đồng bộ giờ: offset = 72176ms (Giờ server: 2026-07-18T19:22:51.351Z) 
2026-07-19 02:34:26: [PP369] [AutoTrade] Lệnh LIMIT của BOME đã treo quá 15 phút (15.3 phút) -> Tiến hành hủy... 
2026-07-19 02:34:27: [PP369] [AutoTrade] ✓ Đã hủy thành công lệnh LIMIT treo của BOME 
2026-07-19 02:34:27: [PP369] [AutoTrade] BOME → LONG (Score: +6.4đ) tại $0.0003922 
2026-07-19 02:34:28: [PP369] [AutoTrade] Set leverage BOMEUSDT = 6x (Lưới: 7.60% → tính được 6x, giới hạn: 50x | Ký quỹ mục tiêu: $10) 
2026-07-19 02:34:28: [PP369] [AutoTrade] ✓ BOME BUY 152983 @ $0.0003922 orderId=8417408808 status=NEW 
2026-07-19 02:34:39: [PP369] [AutoTrade] Trailing SL: VANRY đạt ROI 5.18% -> Dịch SL trên sàn về entry + 1% ROI ($0.004842) [Mức: Hòa vốn] 
2026-07-19 02:34:39: [PP369] [AutoTrade] Đã hủy SL cũ của VANRY (orderId=1000002461322182) 
2026-07-19 02:34:39: [PP369] [AutoTrade] ✓ Đã dịch SL mới cho VANRY @ $0.0048420 (orderId=1000002461336286) 
2026-07-19 02:41:27: [PP369] [AutoTrade] MANTA → SHORT (Score: +7đ) tại $0.06492 
2026-07-19 02:41:27: [PP369] [AutoTrade] Set leverage MANTAUSDT = 10x (Lưới: 4.63% → tính được 10x, giới hạn: 50x | Ký quỹ mục tiêu: $15) 
2026-07-19 02:41:27: [PP369] [AutoTrade] ✓ MANTA SELL 2310.5 @ $0.06492 orderId=4001266355 status=NEW 
2026-07-19 02:45:45: [PP369] [AutoTrade] ✓ Đặt TP MANTA @ $0.0636200 (đối ứng BUY) orderId=1000002461345679 
2026-07-19 02:45:45: [PP369] [AutoTrade] ✓ Đặt SL MANTA @ $0.0657600 (đối ứng BUY) orderId=1000002461345681 
2026-07-19 02:50:56: [PP369] [AutoTrade] Lệnh LIMIT của BOME đã treo quá 15 phút (15.3 phút) -> Tiến hành hủy... 
2026-07-19 02:50:57: [PP369] [AutoTrade] ✓ Đã hủy thành công lệnh LIMIT treo của BOME 
2026-07-19 02:51:39: [PP369] [Binance] Đã đồng bộ giờ: offset = 72352ms (Giờ server: 2026-07-18T19:52:51.526Z) 
2026-07-19 02:59:28: [PP369] [AutoTrade] MELANIA → LONG (Score: +5.5đ) tại $0.0795 
2026-07-19 02:59:28: [PP369] [AutoTrade] MELANIA LONG có Score = 5.5đ < 6đ — bỏ qua 
2026-07-19 03:01:58: [PP369] [AutoTrade] GUA → LONG (Score: +5đ) tại $0.05574 
2026-07-19 03:01:58: [PP369] [AutoTrade] GUA LONG có Score = 5đ < 6đ — bỏ qua 
2026-07-19 03:21:39: [PP369] [Binance] Đã đồng bộ giờ: offset = 72527ms (Giờ server: 2026-07-18T20:22:51.703Z) 
2026-07-19 03:29:27: [PP369] [AutoTrade] ALT → LONG (Score: +6.4đ) tại $0.00634 
2026-07-19 03:29:27: [PP369] [AutoTrade] Set leverage ALTUSDT = 10x (Lưới: 4.57% → tính được 10x, giới hạn: 50x | Ký quỹ mục tiêu: $10) 
2026-07-19 03:29:28: [PP369] [AutoTrade] ✓ ALT BUY 15772 @ $0.00634 orderId=4611730159 status=NEW 
2026-07-19 03:29:58: [PP369] [AutoTrade] TWT → LONG (Score: +7đ) tại $0.3357 
2026-07-19 03:29:58: [PP369] [AutoTrade] Set leverage TWTUSDT = 7x (Lưới: 6.49% → tính được 7x, giới hạn: 75x | Ký quỹ mục tiêu: $15) 
2026-07-19 03:29:58: [PP369] [AutoTrade] ✓ TWT BUY 312 @ $0.3357 orderId=2185809160 status=NEW 
2026-07-19 03:34:28: [PP369] [AutoTrade] SAFE → LONG (Score: +4.5đ) tại $0.0811 
2026-07-19 03:34:28: [PP369] [AutoTrade] SAFE LONG có Score = 4.5đ < 6đ — bỏ qua 
2026-07-19 03:45:56: [PP369] [AutoTrade] Lệnh LIMIT của ALT đã treo quá 15 phút (15.3 phút) -> Tiến hành hủy... 
2026-07-19 03:45:57: [PP369] [AutoTrade] ✓ Đã hủy thành công lệnh LIMIT treo của ALT 
2026-07-19 03:45:57: [PP369] [AutoTrade] ALT → LONG (Score: +6.4đ) tại $0.00634 
2026-07-19 03:45:57: [PP369] [AutoTrade] Set leverage ALTUSDT = 10x (Lưới: 4.57% → tính được 10x, giới hạn: 50x | Ký quỹ mục tiêu: $10) 
2026-07-19 03:45:57: [PP369] [AutoTrade] ✓ ALT BUY 15772 @ $0.00634 orderId=4611734917 status=NEW 
2026-07-19 03:46:26: [PP369] [AutoTrade] Lệnh LIMIT của TWT đã treo quá 15 phút (15.3 phút) -> Tiến hành hủy... 
2026-07-19 03:46:27: [PP369] [AutoTrade] ✓ Đã hủy thành công lệnh LIMIT treo của TWT 
2026-07-19 03:46:27: [PP369] [AutoTrade] TWT → LONG (Score: +7đ) tại $0.3357 
2026-07-19 03:46:27: [PP369] [AutoTrade] Set leverage TWTUSDT = 7x (Lưới: 6.49% → tính được 7x, giới hạn: 75x | Ký quỹ mục tiêu: $15) 
2026-07-19 03:46:27: [PP369] [AutoTrade] ✓ TWT BUY 312 @ $0.3357 orderId=2185812145 status=NEW 
2026-07-19 03:51:39: [PP369] [Binance] Đã đồng bộ giờ: offset = 72701ms (Giờ server: 2026-07-18T20:52:51.878Z) 
2026-07-19 03:53:13: [PP369] [AutoTrade] Trailing SL: MANTA đạt ROI 9.01% -> Dịch SL trên sàn về entry + 1% ROI ($0.06486) [Mức: Hòa vốn] 
2026-07-19 03:53:13: [PP369] [AutoTrade] Đã hủy SL cũ của MANTA (orderId=1000002461345681) 
2026-07-19 03:53:13: [PP369] [AutoTrade] ✓ Đã dịch SL mới cho MANTA @ $0.0648600 (orderId=1000002461399713) 
2026-07-19 04:02:26: [PP369] [AutoTrade] Lệnh LIMIT của ALT đã treo quá 15 phút (15.3 phút) -> Tiến hành hủy... 
2026-07-19 04:02:27: [PP369] [AutoTrade] ✓ Đã hủy thành công lệnh LIMIT treo của ALT 
2026-07-19 04:02:27: [PP369] [AutoTrade] ALT → LONG (Score: +6.4đ) tại $0.00634 
2026-07-19 04:02:28: [PP369] [AutoTrade] Set leverage ALTUSDT = 10x (Lưới: 4.57% → tính được 10x, giới hạn: 50x | Ký quỹ mục tiêu: $10) 
2026-07-19 04:02:28: [PP369] [AutoTrade] ✓ ALT BUY 15772 @ $0.00634 orderId=4611738242 status=NEW 
2026-07-19 04:02:56: [PP369] [AutoTrade] Lệnh LIMIT của TWT đã treo quá 15 phút (15.3 phút) -> Tiến hành hủy... 
2026-07-19 04:02:57: [PP369] [AutoTrade] ✓ Đã hủy thành công lệnh LIMIT treo của TWT 
2026-07-19 04:04:57: [PP369] [AutoTrade] TWT → LONG (Score: +6.5đ) tại $0.3357 
2026-07-19 04:04:57: [PP369] [AutoTrade] Set leverage TWTUSDT = 7x (Lưới: 6.49% → tính được 7x, giới hạn: 75x | Ký quỹ mục tiêu: $10) 
2026-07-19 04:04:58: [PP369] [AutoTrade] ✓ TWT BUY 208 @ $0.3357 orderId=2185815658 status=NEW 
2026-07-19 04:18:57: [PP369] [AutoTrade] Lệnh LIMIT của ALT đã treo quá 15 phút (15.3 phút) -> Tiến hành hủy... 
2026-07-19 04:18:57: [PP369] [AutoTrade] ✓ Đã hủy thành công lệnh LIMIT treo của ALT 
2026-07-19 04:21:27: [PP369] [AutoTrade] Lệnh LIMIT của TWT đã treo quá 15 phút (15.3 phút) -> Tiến hành hủy... 
2026-07-19 04:21:27: [PP369] [AutoTrade] ✓ Đã hủy thành công lệnh LIMIT treo của TWT 
2026-07-19 04:21:27: [PP369] [AutoTrade] TWT → LONG (Score: +6.5đ) tại $0.3357 
2026-07-19 04:21:27: [PP369] [AutoTrade] Set leverage TWTUSDT = 7x (Lưới: 6.49% → tính được 7x, giới hạn: 75x | Ký quỹ mục tiêu: $10) 
2026-07-19 04:21:28: [PP369] [AutoTrade] ✓ TWT BUY 208 @ $0.3357 orderId=2185819684 status=NEW 
2026-07-19 04:21:39: [PP369] [Binance] Đã đồng bộ giờ: offset = 72877ms (Giờ server: 2026-07-18T21:22:52.052Z) 
2026-07-19 04:37:57: [PP369] [AutoTrade] Lệnh LIMIT của TWT đã treo quá 15 phút (15.3 phút) -> Tiến hành hủy... 
2026-07-19 04:37:57: [PP369] [AutoTrade] ✓ Đã hủy thành công lệnh LIMIT treo của TWT 
2026-07-19 04:37:57: [PP369] [AutoTrade] TWT → LONG (Score: +6.5đ) tại $0.3357 
2026-07-19 04:37:57: [PP369] [AutoTrade] Set leverage TWTUSDT = 7x (Lưới: 6.49% → tính được 7x, giới hạn: 75x | Ký quỹ mục tiêu: $10) 
2026-07-19 04:37:58: [PP369] [AutoTrade] ✓ TWT BUY 208 @ $0.3357 orderId=2185822628 status=NEW 
2026-07-19 04:38:57: [PP369] [AutoTrade] ALT → LONG (Score: +6.4đ) tại $0.00634 
2026-07-19 04:38:57: [PP369] [AutoTrade] Set leverage ALTUSDT = 10x (Lưới: 4.57% → tính được 10x, giới hạn: 50x | Ký quỹ mục tiêu: $10) 
2026-07-19 04:38:57: [PP369] [AutoTrade] ✓ ALT BUY 15772 @ $0.00634 orderId=4611751150 status=NEW 
2026-07-19 04:51:39: [PP369] [Binance] Đã đồng bộ giờ: offset = 73051ms (Giờ server: 2026-07-18T21:52:52.228Z) 
2026-07-19 04:51:40: [PP369] [AutoTrade] [CoinRefresh] Tái kiểm tra danh sách: 465 → 463 coin hợp lệ theo giá hiện tại. 
2026-07-19 04:54:27: [PP369] [AutoTrade] Lệnh LIMIT của TWT đã treo quá 15 phút (15.3 phút) -> Tiến hành hủy... 
2026-07-19 04:54:27: [PP369] [AutoTrade] ✓ Đã hủy thành công lệnh LIMIT treo của TWT 
2026-07-19 04:55:27: [PP369] [AutoTrade] Lệnh LIMIT của ALT đã treo quá 15 phút (15.3 phút) -> Tiến hành hủy... 
2026-07-19 04:55:27: [PP369] [AutoTrade] ✓ Đã hủy thành công lệnh LIMIT treo của ALT 
2026-07-19 05:00:28: [PP369] [AutoTrade] ALT → LONG (Score: +6.4đ) tại $0.00634 
2026-07-19 05:00:28: [PP369] [AutoTrade] Set leverage ALTUSDT = 10x (Lưới: 4.57% → tính được 10x, giới hạn: 50x | Ký quỹ mục tiêu: $10) 
2026-07-19 05:00:28: [PP369] [AutoTrade] ✓ ALT BUY 15772 @ $0.00634 orderId=4611758501 status=NEW 
2026-07-19 05:16:27: [PP369] [AutoTrade] TWT → LONG (Score: +6đ) tại $0.3357 
2026-07-19 05:16:28: [PP369] [AutoTrade] Set leverage TWTUSDT = 7x (Lưới: 6.49% → tính được 7x, giới hạn: 75x | Ký quỹ mục tiêu: $10) 
2026-07-19 05:16:28: [PP369] [AutoTrade] ✓ TWT BUY 208 @ $0.3357 orderId=2185829202 status=NEW 
2026-07-19 05:16:57: [PP369] [AutoTrade] Lệnh LIMIT của ALT đã treo quá 15 phút (15.3 phút) -> Tiến hành hủy... 
2026-07-19 05:16:57: [PP369] [AutoTrade] ✓ Đã hủy thành công lệnh LIMIT treo của ALT 
2026-07-19 05:21:39: [PP369] [Binance] Đã đồng bộ giờ: offset = 73228ms (Giờ server: 2026-07-18T22:22:52.405Z) 
2026-07-19 05:24:27: [PP369] [AutoTrade] ALT → LONG (Score: +6.4đ) tại $0.00634 
2026-07-19 05:24:27: [PP369] [AutoTrade] Set leverage ALTUSDT = 10x (Lưới: 4.57% → tính được 10x, giới hạn: 50x | Ký quỹ mục tiêu: $10) 
2026-07-19 05:24:28: [PP369] [AutoTrade] ✓ ALT BUY 15772 @ $0.00634 orderId=4611761913 status=NEW 
2026-07-19 05:25:58: [PP369] [AutoTrade] AIN → SHORT (Score: +7.5đ) tại $0.07565 
2026-07-19 05:25:58: [PP369] [AutoTrade] Set leverage AINUSDT = 10x (Lưới: 3.83% → tính được 13x, giới hạn: 10x | Ký quỹ mục tiêu: $15) 
2026-07-19 05:25:58: [PP369] [AutoTrade] ✓ AIN SELL 1982 @ $0.07565 orderId=739646353 status=NEW 
2026-07-19 05:32:57: [PP369] [AutoTrade] Lệnh LIMIT của TWT đã treo quá 15 phút (15.3 phút) -> Tiến hành hủy... 
2026-07-19 05:32:57: [PP369] [AutoTrade] ✓ Đã hủy thành công lệnh LIMIT treo của TWT 
2026-07-19 05:32:57: [PP369] [AutoTrade] TWT → LONG (Score: +6đ) tại $0.3357 
2026-07-19 05:32:58: [PP369] [AutoTrade] Set leverage TWTUSDT = 7x (Lưới: 6.49% → tính được 7x, giới hạn: 75x | Ký quỹ mục tiêu: $10) 
2026-07-19 05:32:58: [PP369] [AutoTrade] ✓ TWT BUY 208 @ $0.3357 orderId=2185832240 status=NEW 
2026-07-19 05:40:57: [PP369] [AutoTrade] Lệnh LIMIT của ALT đã treo quá 15 phút (15.3 phút) -> Tiến hành hủy... 
2026-07-19 05:40:57: [PP369] [AutoTrade] ✓ Đã hủy thành công lệnh LIMIT treo của ALT 
2026-07-19 05:40:57: [PP369] [AutoTrade] ALT → LONG (Score: +6.4đ) tại $0.00634 
2026-07-19 05:40:58: [PP369] [AutoTrade] Set leverage ALTUSDT = 10x (Lưới: 4.57% → tính được 10x, giới hạn: 50x | Ký quỹ mục tiêu: $10) 
2026-07-19 05:40:58: [PP369] [AutoTrade] ✓ ALT BUY 15772 @ $0.00634 orderId=4611764746 status=NEW 
2026-07-19 05:42:27: [PP369] [AutoTrade] Lệnh LIMIT của AIN đã treo quá 15 phút (15.2 phút) -> Tiến hành hủy... 
2026-07-19 05:42:27: [PP369] [AutoTrade] ✓ Đã hủy thành công lệnh LIMIT treo của AIN 
2026-07-19 05:49:27: [PP369] [AutoTrade] Lệnh LIMIT của TWT đã treo quá 15 phút (15.3 phút) -> Tiến hành hủy... 
2026-07-19 05:49:27: [PP369] [AutoTrade] ✓ Đã hủy thành công lệnh LIMIT treo của TWT 
2026-07-19 05:51:39: [PP369] [Binance] Đã đồng bộ giờ: offset = 73404ms (Giờ server: 2026-07-18T22:52:52.581Z) 
2026-07-19 05:57:27: [PP369] [AutoTrade] Lệnh LIMIT của ALT đã treo quá 15 phút (15.3 phút) -> Tiến hành hủy... 
2026-07-19 05:57:27: [PP369] [AutoTrade] ✓ Đã hủy thành công lệnh LIMIT treo của ALT 
2026-07-19 06:05:28: [PP369] [AutoTrade] ALT → LONG (Score: +6.4đ) tại $0.00634 
2026-07-19 06:05:29: [PP369] [AutoTrade] Set leverage ALTUSDT = 10x (Lưới: 4.57% → tính được 10x, giới hạn: 50x | Ký quỹ mục tiêu: $10) 
2026-07-19 06:05:29: [PP369] [AutoTrade] ✓ ALT BUY 15772 @ $0.00634 orderId=4611769479 status=NEW 
2026-07-19 06:21:28: [PP369] [AutoTrade] SCRT → SHORT (Score: +6.5đ) tại $0.0422 
2026-07-19 06:21:28: [PP369] [AutoTrade] Set leverage SCRTUSDT = 10x (Lưới: 4.71% → tính được 10x, giới hạn: 10x | Ký quỹ mục tiêu: $10) 
2026-07-19 06:21:28: [PP369] [AutoTrade] ✓ SCRT SELL 2369 @ $0.0422 orderId=841513488 status=NEW 
2026-07-19 06:21:39: [PP369] [Binance] Đã đồng bộ giờ: offset = 73578ms (Giờ server: 2026-07-18T23:22:52.756Z) 
2026-07-19 06:21:57: [PP369] [AutoTrade] Lệnh LIMIT của ALT đã treo quá 15 phút (15.2 phút) -> Tiến hành hủy... 
2026-07-19 06:21:57: [PP369] [AutoTrade] ✓ Đã hủy thành công lệnh LIMIT treo của ALT 
2026-07-19 06:22:29: [PP369] [AutoTrade] ✓ Đặt TP SCRT @ $0.0417800 (đối ứng BUY) orderId=1000002461506110 
2026-07-19 06:22:30: [PP369] [AutoTrade] ✓ Đặt SL SCRT @ $0.0426200 (đối ứng BUY) orderId=1000002461506111 
2026-07-19 06:31:27: [PP369] [AutoTrade] Trailing SL: SCRT đạt ROI 6.50% -> Dịch SL trên sàn về entry + 1% ROI ($0.04216) [Mức: Hòa vốn] 
2026-07-19 06:31:27: [PP369] [AutoTrade] Đã hủy SL cũ của SCRT (orderId=1000002461506111) 
2026-07-19 06:31:27: [PP369] [AutoTrade] ✓ Đã dịch SL mới cho SCRT @ $0.0421600 (orderId=1000002461512758) 
2026-07-19 06:31:57: [PP369] [AutoTrade] ALT → LONG (Score: +6.4đ) tại $0.00634 
2026-07-19 06:31:58: [PP369] [AutoTrade] Set leverage ALTUSDT = 10x (Lưới: 4.57% → tính được 10x, giới hạn: 50x | Ký quỹ mục tiêu: $10) 
2026-07-19 06:31:58: [PP369] [AutoTrade] ✓ ALT BUY 15772 @ $0.00634 orderId=4611775123 status=NEW 
2026-07-19 06:48:27: [PP369] [AutoTrade] Lệnh LIMIT của ALT đã treo quá 15 phút (15.3 phút) -> Tiến hành hủy... 
2026-07-19 06:48:27: [PP369] [AutoTrade] ✓ Đã hủy thành công lệnh LIMIT treo của ALT 
2026-07-19 06:48:28: [PP369] [AutoTrade] ALT → LONG (Score: +6.4đ) tại $0.00634 
2026-07-19 06:48:28: [PP369] [AutoTrade] Set leverage ALTUSDT = 10x (Lưới: 4.57% → tính được 10x, giới hạn: 50x | Ký quỹ mục tiêu: $10) 
2026-07-19 06:48:28: [PP369] [AutoTrade] ✓ ALT BUY 15772 @ $0.00634 orderId=4611778458 status=NEW 
2026-07-19 06:51:39: [PP369] [Binance] Đã đồng bộ giờ: offset = 73754ms (Giờ server: 2026-07-18T23:52:52.977Z) 
2026-07-19 06:56:58: [PP369] [AutoTrade] HBAR → SHORT (Score: +7đ) tại $0.06726 
2026-07-19 06:56:58: [PP369] [AutoTrade] Set leverage HBARUSDT = 16x (Lưới: 3.03% → tính được 16x, giới hạn: 75x | Ký quỹ mục tiêu: $15) 
2026-07-19 06:56:58: [PP369] [AutoTrade] ✓ HBAR SELL 3568 @ $0.06726 orderId=16756060914 status=NEW 
2026-07-19 07:04:57: [PP369] [AutoTrade] Lệnh LIMIT của ALT đã treo quá 15 phút (15.3 phút) -> Tiến hành hủy... 
2026-07-19 07:04:57: [PP369] [AutoTrade] ✓ Đã hủy thành công lệnh LIMIT treo của ALT 
2026-07-19 07:04:58: [PP369] [AutoTrade] ALT → LONG (Score: +6.9đ) tại $0.00634 
2026-07-19 07:04:58: [PP369] [AutoTrade] Set leverage ALTUSDT = 10x (Lưới: 4.57% → tính được 10x, giới hạn: 50x | Ký quỹ mục tiêu: $10) 
2026-07-19 07:04:58: [PP369] [AutoTrade] ✓ ALT BUY 15772 @ $0.00634 orderId=4611780635 status=NEW 
2026-07-19 07:13:27: [PP369] [AutoTrade] Lệnh LIMIT của HBAR đã treo quá 15 phút (15.2 phút) -> Tiến hành hủy... 
2026-07-19 07:13:27: [PP369] [AutoTrade] ✓ Đã hủy thành công lệnh LIMIT treo của HBAR 
2026-07-19 07:13:28: [PP369] [AutoTrade] HBAR → SHORT (Score: +6.5đ) tại $0.06726 
2026-07-19 07:13:28: [PP369] [AutoTrade] Set leverage HBARUSDT = 16x (Lưới: 3.03% → tính được 16x, giới hạn: 75x | Ký quỹ mục tiêu: $10) 
2026-07-19 07:13:28: [PP369] [AutoTrade] ✓ HBAR SELL 2378 @ $0.06726 orderId=16756169547 status=NEW 
2026-07-19 07:14:58: [PP369] [AutoTrade] KAITO → SHORT (Score: +3.5đ) tại $0.8362 
2026-07-19 07:14:58: [PP369] [AutoTrade] KAITO SHORT không đạt Tiêu chí 2 (Biến động H1/M15 an toàn) — bỏ qua 
2026-07-19 07:21:27: [PP369] [AutoTrade] Lệnh LIMIT của ALT đã treo quá 15 phút (15.2 phút) -> Tiến hành hủy... 
2026-07-19 07:21:27: [PP369] [AutoTrade] ✓ Đã hủy thành công lệnh LIMIT treo của ALT 
2026-07-19 07:21:39: [PP369] [Binance] Đã đồng bộ giờ: offset = 73927ms (Giờ server: 2026-07-19T00:22:53.108Z) 
2026-07-19 07:21:57: [PP369] [AutoTrade] ALT → LONG (Score: +6.9đ) tại $0.00634 
2026-07-19 07:21:58: [PP369] [AutoTrade] Set leverage ALTUSDT = 10x (Lưới: 4.57% → tính được 10x, giới hạn: 50x | Ký quỹ mục tiêu: $10) 
2026-07-19 07:21:58: [PP369] [AutoTrade] ✓ ALT BUY 15772 @ $0.00634 orderId=4611784153 status=NEW 
2026-07-19 07:26:33: [PP369] [AutoTrade] ✓ Đặt TP ALT @ $0.0064030 (đối ứng SELL) orderId=1000002461553499 
2026-07-19 07:26:33: [PP369] [AutoTrade] ✓ Đặt SL ALT @ $0.0062890 (đối ứng SELL) orderId=1000002461553500 
2026-07-19 07:29:57: [PP369] [AutoTrade] Lệnh LIMIT của HBAR đã treo quá 15 phút (15.2 phút) -> Tiến hành hủy... 
2026-07-19 07:29:57: [PP369] [AutoTrade] ✓ Đã hủy thành công lệnh LIMIT treo của HBAR 
2026-07-19 07:29:58: [PP369] [AutoTrade] HBAR → SHORT (Score: +6.5đ) tại $0.06726 
2026-07-19 07:29:58: [PP369] [AutoTrade] Set leverage HBARUSDT = 16x (Lưới: 3.03% → tính được 16x, giới hạn: 75x | Ký quỹ mục tiêu: $10) 
2026-07-19 07:29:58: [PP369] [AutoTrade] ✓ HBAR SELL 2378 @ $0.06726 orderId=16756258123 status=NEW 
2026-07-19 07:40:15: [PP369] [AutoTrade] ✓ Đặt TP HBAR @ $0.06684 (đối ứng BUY) orderId=1000002461563712 
2026-07-19 07:40:15: [PP369] [AutoTrade] ✓ Đặt SL HBAR @ $0.06768 (đối ứng BUY) orderId=1000002461563714 
2026-07-19 07:46:28: [PP369] [AutoTrade] AIN → SHORT (Score: +7đ) tại $0.07565 
2026-07-19 07:46:28: [PP369] [AutoTrade] Set leverage AINUSDT = 10x (Lưới: 3.83% → tính được 13x, giới hạn: 10x | Ký quỹ mục tiêu: $15) 
2026-07-19 07:46:28: [PP369] [AutoTrade] ✓ AIN SELL 1982 @ $0.07565 orderId=739692876 status=NEW 
2026-07-19 07:51:39: [PP369] [Binance] Đã đồng bộ giờ: offset = 74103ms (Giờ server: 2026-07-19T00:52:53.282Z) 
2026-07-19 07:54:28: [PP369] [AutoTrade] TWT → LONG (Score: +7đ) tại $0.3357 
2026-07-19 07:54:28: [PP369] [AutoTrade] Set leverage TWTUSDT = 7x (Lưới: 6.49% → tính được 7x, giới hạn: 75x | Ký quỹ mục tiêu: $15) 
2026-07-19 07:54:28: [PP369] [AutoTrade] ✓ TWT BUY 312 @ $0.3357 orderId=2185853433 status=NEW 
2026-07-19 07:55:28: [PP369] [AutoTrade] VANRY → SHORT (Score: +3.8đ) tại $0.005316 
2026-07-19 07:55:28: [PP369] [AutoTrade] VANRY SHORT có Score = 3.8đ < 6đ — bỏ qua 
2026-07-19 08:00:28: [PP369] [AutoTrade] 0G → LONG (Score: +6.1đ) tại $0.1669 
2026-07-19 08:00:28: [PP369] [AutoTrade] Set leverage 0GUSDT = 3x (Lưới: 16.12% → tính được 3x, giới hạn: 75x | Ký quỹ mục tiêu: $10) 
2026-07-19 08:00:29: [PP369] [AutoTrade] ✓ 0G BUY 179 @ $0.1669 orderId=2056587587 status=NEW 
2026-07-19 08:00:58: [PP369] [AutoTrade] RUNE → SHORT (Score: +6đ) tại $0.4377 
2026-07-19 08:00:59: [PP369] [AutoTrade] Set leverage RUNEUSDT = 7x (Lưới: 6.99% → tính được 7x, giới hạn: 75x | Ký quỹ mục tiêu: $10) 
2026-07-19 08:00:59: [PP369] [AutoTrade] ✓ RUNE SELL 159 @ $0.4377 orderId=15540194861 status=NEW 
2026-07-19 08:02:57: [PP369] [AutoTrade] Lệnh LIMIT của AIN đã treo quá 15 phút (15.2 phút) -> Tiến hành hủy... 
2026-07-19 08:02:57: [PP369] [AutoTrade] ✓ Đã hủy thành công lệnh LIMIT treo của AIN 
2026-07-19 08:05:28: [PP369] [AutoTrade] AIN → SHORT (Score: +7đ) tại $0.07565 
2026-07-19 08:05:28: [PP369] [AutoTrade] Set leverage AINUSDT = 10x (Lưới: 3.83% → tính được 13x, giới hạn: 10x | Ký quỹ mục tiêu: $15) 
2026-07-19 08:05:28: [PP369] [AutoTrade] ✓ AIN SELL 1982 @ $0.07565 orderId=739702140 status=NEW 
2026-07-19 08:09:58: [PP369] [AutoTrade] LAYER → SHORT (Score: +5đ) tại $0.0659 
2026-07-19 08:09:58: [PP369] [AutoTrade] LAYER SHORT có Score = 5đ < 6đ — bỏ qua 
2026-07-19 08:10:28: [PP369] [AutoTrade] LAYER → SHORT (Score: +5đ) tại $0.0659 
2026-07-19 08:10:28: [PP369] [AutoTrade] LAYER SHORT có Score = 5đ < 6đ — bỏ qua 
2026-07-19 08:10:57: [PP369] [AutoTrade] Lệnh LIMIT của TWT đã treo quá 15 phút (15.2 phút) -> Tiến hành hủy... 
2026-07-19 08:10:57: [PP369] [AutoTrade] ✓ Đã hủy thành công lệnh LIMIT treo của TWT 
2026-07-19 08:11:28: [PP369] [AutoTrade] LAYER → SHORT (Score: +5đ) tại $0.0659 
2026-07-19 08:11:28: [PP369] [AutoTrade] LAYER SHORT có Score = 5đ < 6đ — bỏ qua 
2026-07-19 08:13:21: [PP369] [AutoTrade] ✓ Đặt TP 0G @ $0.1725000 (đối ứng SELL) orderId=1000002461588641 
2026-07-19 08:13:22: [PP369] [AutoTrade] ✓ Đặt SL 0G @ $0.1624000 (đối ứng SELL) orderId=1000002461588643 
2026-07-19 08:15:28: [PP369] [AutoTrade] LAYER → SHORT (Score: +5đ) tại $0.0659 
2026-07-19 08:15:28: [PP369] [AutoTrade] LAYER SHORT có Score = 5đ < 6đ — bỏ qua 
2026-07-19 08:16:16: [PP369] [AutoTrade] ✓ Đặt TP AIN @ $0.0741400 (đối ứng BUY) orderId=1000002461590637 
2026-07-19 08:16:16: [PP369] [AutoTrade] ✓ Đặt SL AIN @ $0.0766300 (đối ứng BUY) orderId=1000002461590638 
2026-07-19 08:16:28: [PP369] [AutoTrade] LAYER → SHORT (Score: +5đ) tại $0.0659 
2026-07-19 08:16:28: [PP369] [AutoTrade] LAYER SHORT có Score = 5đ < 6đ — bỏ qua 
2026-07-19 08:16:58: [PP369] [AutoTrade] LAYER → SHORT (Score: +5đ) tại $0.0659 
2026-07-19 08:16:58: [PP369] [AutoTrade] LAYER SHORT có Score = 5đ < 6đ — bỏ qua 
2026-07-19 08:17:27: [PP369] [AutoTrade] Lệnh LIMIT của RUNE đã treo quá 15 phút (15.2 phút) -> Tiến hành hủy... 
2026-07-19 08:17:27: [PP369] [AutoTrade] ✓ Đã hủy thành công lệnh LIMIT treo của RUNE 
2026-07-19 08:17:28: [PP369] [AutoTrade] LAYER → SHORT (Score: +5đ) tại $0.0659 
2026-07-19 08:17:28: [PP369] [AutoTrade] LAYER SHORT có Score = 5đ < 6đ — bỏ qua 
2026-07-19 08:17:57: [PP369] [AutoTrade] LAYER → SHORT (Score: +5đ) tại $0.0659 
2026-07-19 08:17:57: [PP369] [AutoTrade] LAYER SHORT có Score = 5đ < 6đ — bỏ qua 
2026-07-19 08:18:28: [PP369] [AutoTrade] LAYER → SHORT (Score: +5đ) tại $0.0659 
2026-07-19 08:18:28: [PP369] [AutoTrade] LAYER SHORT có Score = 5đ < 6đ — bỏ qua 
2026-07-19 08:18:57: [PP369] [AutoTrade] LAYER → SHORT (Score: +5đ) tại $0.0659 
2026-07-19 08:18:57: [PP369] [AutoTrade] LAYER SHORT có Score = 5đ < 6đ — bỏ qua 
2026-07-19 08:19:27: [PP369] [AutoTrade] LAYER → SHORT (Score: +5đ) tại $0.0659 
2026-07-19 08:19:27: [PP369] [AutoTrade] LAYER SHORT có Score = 5đ < 6đ — bỏ qua 
2026-07-19 08:19:57: [PP369] [AutoTrade] LAYER → SHORT (Score: +5đ) tại $0.0659 
2026-07-19 08:19:57: [PP369] [AutoTrade] LAYER SHORT có Score = 5đ < 6đ — bỏ qua 
2026-07-19 08:20:27: [PP369] [AutoTrade] LAYER → SHORT (Score: +5đ) tại $0.0659 
2026-07-19 08:20:27: [PP369] [AutoTrade] LAYER SHORT có Score = 5đ < 6đ — bỏ qua 
2026-07-19 08:21:39: [PP369] [Binance] Đã đồng bộ giờ: offset = 74278ms (Giờ server: 2026-07-19T01:22:53.459Z) 
2026-07-19 08:51:28: [PP369] [AutoTrade] BLESS → SHORT (Score: +3.8đ) tại $0.00857 
2026-07-19 08:51:28: [PP369] [AutoTrade] BLESS SHORT có Score = 3.8đ < 6đ — bỏ qua 
2026-07-19 08:51:39: [PP369] [Binance] Đã đồng bộ giờ: offset = 74454ms (Giờ server: 2026-07-19T01:52:53.633Z) 
2026-07-19 08:51:40: [PP369] [AutoTrade] [CoinRefresh] Tái kiểm tra danh sách: 463 → 465 coin hợp lệ theo giá hiện tại. 
2026-07-19 09:02:25: [PP369] [AutoTrade] Trailing SL: ALT đạt ROI 5.29% -> Dịch SL trên sàn về entry + 1% ROI ($0.006346) [Mức: Hòa vốn] 
2026-07-19 09:02:25: [PP369] [AutoTrade] Đã hủy SL cũ của ALT (orderId=1000002461553500) 
2026-07-19 09:02:25: [PP369] [AutoTrade] ✓ Đã dịch SL mới cho ALT @ $0.0063460 (orderId=1000002461625218) 
2026-07-19 09:02:58: [PP369] [AutoTrade] RUNE → SHORT (Score: +5.5đ) tại $0.4377 
2026-07-19 09:02:58: [PP369] [AutoTrade] RUNE SHORT có Score = 5.5đ < 6đ — bỏ qua 
2026-07-19 09:03:27: [PP369] [AutoTrade] RUNE → SHORT (Score: +5.5đ) tại $0.4377 
2026-07-19 09:03:27: [PP369] [AutoTrade] RUNE SHORT có Score = 5.5đ < 6đ — bỏ qua 
2026-07-19 09:03:57: [PP369] [AutoTrade] RUNE → SHORT (Score: +5.5đ) tại $0.4377 
2026-07-19 09:03:57: [PP369] [AutoTrade] RUNE SHORT có Score = 5.5đ < 6đ — bỏ qua 
2026-07-19 09:04:28: [PP369] [AutoTrade] RUNE → SHORT (Score: +5.5đ) tại $0.4377 
2026-07-19 09:04:28: [PP369] [AutoTrade] RUNE SHORT có Score = 5.5đ < 6đ — bỏ qua 
2026-07-19 09:04:57: [PP369] [AutoTrade] RUNE → SHORT (Score: +5.5đ) tại $0.4377 
2026-07-19 09:04:57: [PP369] [AutoTrade] RUNE SHORT có Score = 5.5đ < 6đ — bỏ qua 
2026-07-19 09:05:27: [PP369] [AutoTrade] RUNE → SHORT (Score: +5.5đ) tại $0.4377 
2026-07-19 09:05:27: [PP369] [AutoTrade] RUNE SHORT có Score = 5.5đ < 6đ — bỏ qua 
2026-07-19 09:05:52: [PP369] [AutoTrade] Trailing SL: FLUX đạt ROI 10.16% -> Dịch SL trên sàn về entry + 1% ROI ($0.04195) [Mức: Hòa vốn] 
2026-07-19 09:05:52: [PP369] [AutoTrade] Đã hủy SL cũ của FLUX (orderId=1000002460687452) 
2026-07-19 09:05:52: [PP369] [AutoTrade] ✓ Đã dịch SL mới cho FLUX @ $0.0419500 (orderId=1000002461628795) 
2026-07-19 09:05:57: [PP369] [AutoTrade] RUNE → SHORT (Score: +5.5đ) tại $0.4377 
2026-07-19 09:05:57: [PP369] [AutoTrade] RUNE SHORT có Score = 5.5đ < 6đ — bỏ qua 
2026-07-19 09:06:28: [PP369] [AutoTrade] RUNE → SHORT (Score: +5.5đ) tại $0.4377 
2026-07-19 09:06:28: [PP369] [AutoTrade] RUNE SHORT có Score = 5.5đ < 6đ — bỏ qua 
2026-07-19 09:09:58: [PP369] [AutoTrade] A → LONG (Score: +7đ) tại $0.0687 
2026-07-19 09:09:59: [PP369] [AutoTrade] Set leverage AUSDT = 13x (Lưới: 3.64% → tính được 13x, giới hạn: 75x | Ký quỹ mục tiêu: $15) 
2026-07-19 09:09:59: [PP369] [AutoTrade] ✓ A BUY 2838 @ $0.0687 orderId=882115736 status=NEW 
2026-07-19 09:10:04: [PP369] [AutoTrade] ✓ Đặt TP A @ $0.0692300 (đối ứng SELL) orderId=1000002461633633 
2026-07-19 09:10:04: [PP369] [AutoTrade] ✓ Đặt SL A @ $0.0682800 (đối ứng SELL) orderId=1000002461633637 
2026-07-19 09:21:39: [PP369] [Binance] Đã đồng bộ giờ: offset = 74630ms (Giờ server: 2026-07-19T02:22:53.809Z) 
2026-07-19 09:23:28: [PP369] [AutoTrade] NAORIS → SHORT (Score: +5.5đ) tại $0.04093 
2026-07-19 09:23:28: [PP369] [AutoTrade] NAORIS SHORT có Score = 5.5đ < 6đ — bỏ qua 
2026-07-19 09:41:59: [PP369] [AutoTrade] VANRY → LONG (Score: +9.5đ) tại $0.005138 
2026-07-19 09:41:59: [PP369] [AutoTrade] Set leverage VANRYUSDT = 14x (Lưới: 3.46% → tính được 14x, giới hạn: 20x | Ký quỹ mục tiêu: $25) 
2026-07-19 09:41:59: [PP369] [AutoTrade] ✓ VANRY BUY 68119 @ $0.005138 orderId=2593875667 status=NEW 
2026-07-19 09:45:34: [PP369] [AutoTrade] Trailing SL: HBAR đạt ROI 5.13% -> Dịch SL trên sàn về entry + 1% ROI ($0.06722) [Mức: Hòa vốn] 
2026-07-19 09:45:34: [PP369] [AutoTrade] Đã hủy SL cũ của HBAR (orderId=1000002461563714) 
2026-07-19 09:45:35: [PP369] [AutoTrade] ✓ Đã dịch SL mới cho HBAR @ $0.06722 (orderId=1000002461666288) 
2026-07-19 09:46:22: [PP369] [AutoTrade] ✓ Đặt TP VANRY @ $0.0052300 (đối ứng SELL) orderId=1000002461666948 
2026-07-19 09:46:22: [PP369] [AutoTrade] ✓ Đặt SL VANRY @ $0.0050830 (đối ứng SELL) orderId=1000002461666952 
2026-07-19 09:51:28: [PP369] [AutoTrade] A → LONG (Score: +5đ) tại $0.0657 
2026-07-19 09:51:28: [PP369] [AutoTrade] A LONG không đạt Tiêu chí 2 (Biến động H1/M15 an toàn) — bỏ qua 
2026-07-19 09:51:39: [PP369] [Binance] Đã đồng bộ giờ: offset = 74804ms (Giờ server: 2026-07-19T02:52:53.985Z) 
2026-07-19 10:01:40: [PP369] [AutoTrade] Trailing SL: AIN đạt ROI 9.00% -> Dịch SL trên sàn về entry + 1% ROI ($0.07557) [Mức: Hòa vốn] 
2026-07-19 10:01:40: [PP369] [AutoTrade] Đã hủy SL cũ của AIN (orderId=1000002461590638) 
2026-07-19 10:01:41: [PP369] [AutoTrade] ✓ Đã dịch SL mới cho AIN @ $0.0755700 (orderId=1000002461679993) 
2026-07-19 10:21:39: [PP369] [Binance] Đã đồng bộ giờ: offset = 74980ms (Giờ server: 2026-07-19T03:22:54.160Z) 
2026-07-19 10:31:28: [PP369] [AutoTrade] LUMIA → LONG (Score: +7.2đ) tại $0.0665 
2026-07-19 10:31:28: [PP369] [AutoTrade] Set leverage LUMIAUSDT = 10x (Lưới: 4.21% → tính được 11x, giới hạn: 10x | Ký quỹ mục tiêu: $15) 
2026-07-19 10:31:28: [PP369] [AutoTrade] ✓ LUMIA BUY 2255.6 @ $0.0665 orderId=1227956460 status=NEW 
2026-07-19 10:33:28: [PP369] [AutoTrade] KAITO → SHORT (Score: +4.3đ) tại $0.8662 
2026-07-19 10:33:28: [PP369] [AutoTrade] KAITO SHORT có Score = 4.3đ < 6đ — bỏ qua 
2026-07-19 10:34:28: [PP369] [AutoTrade] MAVIA → SHORT (Score: +6.4đ) tại $0.02764 
2026-07-19 10:34:28: [PP369] [AutoTrade] Set leverage MAVIAUSDT = 4x (Lưới: 10.12% → tính được 4x, giới hạn: 10x | Ký quỹ mục tiêu: $10) 
2026-07-19 10:34:28: [PP369] [AutoTrade] ✓ MAVIA SELL 1447 @ $0.02764 orderId=579196406 status=NEW 
2026-07-19 10:35:32: [PP369] [AutoTrade] ✓ Đặt TP MAVIA @ $0.0269500 (đối ứng BUY) orderId=1000002461708104 
2026-07-19 10:35:32: [PP369] [AutoTrade] ✓ Đặt SL MAVIA @ $0.0283300 (đối ứng BUY) orderId=1000002461708105 
2026-07-19 10:36:20: [PP369] [AutoTrade] ✓ Đặt TP LUMIA @ $0.0671700 (đối ứng SELL) orderId=1000002461708761 
2026-07-19 10:36:20: [PP369] [AutoTrade] ✓ Đặt SL LUMIA @ $0.0659700 (đối ứng SELL) orderId=1000002461708763 
2026-07-19 10:51:38: [PP369] [AutoTrade] Trailing SL: MAVIA đạt ROI 5.09% -> Dịch SL trên sàn về entry + 1% ROI ($0.02757) [Mức: Hòa vốn] 
2026-07-19 10:51:38: [PP369] [AutoTrade] Đã hủy SL cũ của MAVIA (orderId=1000002461708105) 
2026-07-19 10:51:38: [PP369] [AutoTrade] ✓ Đã dịch SL mới cho MAVIA @ $0.0275700 (orderId=1000002461721662) 
2026-07-19 10:51:39: [PP369] [Binance] Đã đồng bộ giờ: offset = 75155ms (Giờ server: 2026-07-19T03:52:54.335Z) 
2026-07-19 11:21:39: [PP369] [Binance] Đã đồng bộ giờ: offset = 75330ms (Giờ server: 2026-07-19T04:22:54.510Z) 
2026-07-19 11:47:28: [PP369] [AutoTrade] KAITO → SHORT (Score: +2đ) tại $0.8962 
2026-07-19 11:47:28: [PP369] [AutoTrade] KAITO SHORT không đạt Tiêu chí 2 (Biến động H1/M15 an toàn) — bỏ qua 
2026-07-19 11:51:39: [PP369] [Binance] Đã đồng bộ giờ: offset = 75505ms (Giờ server: 2026-07-19T04:52:54.686Z) 
2026-07-19 11:56:28: [PP369] [AutoTrade] SIREN → SHORT (Score: +5.5đ) tại $0.0295 
2026-07-19 11:56:28: [PP369] [AutoTrade] SIREN SHORT có Score = 5.5đ < 6đ — bỏ qua 
2026-07-19 12:21:39: [PP369] [Binance] Đã đồng bộ giờ: offset = 75680ms (Giờ server: 2026-07-19T05:22:54.901Z) 
2026-07-19 12:51:39: [PP369] [Binance] Đã đồng bộ giờ: offset = 75856ms (Giờ server: 2026-07-19T05:52:55.036Z) 
2026-07-19 12:51:40: [PP369] [AutoTrade] [CoinRefresh] Tái kiểm tra danh sách: 465 → 465 coin hợp lệ theo giá hiện tại. 
2026-07-19 13:21:39: [PP369] [Binance] Đã đồng bộ giờ: offset = 76031ms (Giờ server: 2026-07-19T06:22:55.212Z) 
2026-07-19 13:42:30: [PP369] [AutoTrade] Trailing SL: 0G đạt ROI 5.03% -> Dịch SL trên sàn về entry + 1% ROI ($0.1675) [Mức: Hòa vốn] 
2026-07-19 13:42:31: [PP369] [AutoTrade] Đã hủy SL cũ của 0G (orderId=1000002461588643) 
2026-07-19 13:42:31: [PP369] [AutoTrade] ✓ Đã dịch SL mới cho 0G @ $0.1675000 (orderId=1000002461851769) 
2026-07-19 13:51:39: [PP369] [Binance] Đã đồng bộ giờ: offset = 76202ms (Giờ server: 2026-07-19T06:52:55.387Z) 
2026-07-19 14:01:58: [PP369] [AutoTrade] KAITO → SHORT (Score: +3.8đ) tại $0.9262 
2026-07-19 14:01:58: [PP369] [AutoTrade] KAITO SHORT có Score = 3.8đ < 6đ — bỏ qua 
2026-07-19 14:02:28: [PP369] [AutoTrade] KAITO → SHORT (Score: +2.8đ) tại $0.9262 
2026-07-19 14:02:28: [PP369] [AutoTrade] KAITO SHORT không đạt Tiêu chí 2 (Biến động H1/M15 an toàn) — bỏ qua 
2026-07-19 14:06:28: [PP369] [AutoTrade] LUMIA → SHORT (Score: +4.3đ) tại $0.0723 
2026-07-19 14:06:28: [PP369] [AutoTrade] LUMIA SHORT không đạt Tiêu chí 2 (Biến động H1/M15 an toàn) — bỏ qua 
2026-07-19 14:08:28: [PP369] [AutoTrade] LUMIA → SHORT (Score: +4.3đ) tại $0.0723 
2026-07-19 14:08:28: [PP369] [AutoTrade] LUMIA SHORT không đạt Tiêu chí 2 (Biến động H1/M15 an toàn) — bỏ qua 
2026-07-19 14:09:28: [PP369] [AutoTrade] LUMIA → SHORT (Score: +4.3đ) tại $0.0723 
2026-07-19 14:09:28: [PP369] [AutoTrade] LUMIA SHORT không đạt Tiêu chí 2 (Biến động H1/M15 an toàn) — bỏ qua 
2026-07-19 14:17:28: [PP369] [AutoTrade] ATH → SHORT (Score: +6.8đ) tại $0.00468 
2026-07-19 14:17:28: [PP369] [AutoTrade] Set leverage ATHUSDT = 7x (Lưới: 6.36% → tính được 7x, giới hạn: 50x | Ký quỹ mục tiêu: $10) 
2026-07-19 14:17:29: [PP369] [AutoTrade] ✓ ATH SELL 14957 @ $0.00468 orderId=786988537 status=NEW 
2026-07-19 14:18:40: [PP369] [AutoTrade] ✓ Đặt TP ATH @ $0.0046130 (đối ứng BUY) orderId=1000002461879082 
2026-07-19 14:18:40: [PP369] [AutoTrade] ✓ Đặt SL ATH @ $0.0047330 (đối ứng BUY) orderId=1000002461879084 
2026-07-19 14:21:39: [PP369] [Binance] Đã đồng bộ giờ: offset = 76380ms (Giờ server: 2026-07-19T07:22:55.562Z) 
2026-07-19 14:25:58: [PP369] [AutoTrade] VANRY → SHORT (Score: +3.3đ) tại $0.005616 
2026-07-19 14:25:58: [PP369] [AutoTrade] VANRY SHORT không đạt Tiêu chí 2 (Biến động H1/M15 an toàn) — bỏ qua 
2026-07-19 14:26:28: [PP369] [AutoTrade] VANRY → SHORT (Score: +4.1đ) tại $0.005616 
2026-07-19 14:26:28: [PP369] [AutoTrade] VANRY SHORT có Score = 4.1đ < 6đ — bỏ qua 
2026-07-19 14:49:28: [PP369] [AutoTrade] VANRY → LONG (Score: +8đ) tại $0.005438 
2026-07-19 14:49:28: [PP369] [AutoTrade] Set leverage VANRYUSDT = 15x (Lưới: 3.27% → tính được 15x, giới hạn: 20x | Ký quỹ mục tiêu: $20) 
2026-07-19 14:49:28: [PP369] [AutoTrade] ✓ VANRY BUY 55167 @ $0.005438 orderId=2594941325 status=NEW 
2026-07-19 14:51:39: [PP369] [Binance] Đã đồng bộ giờ: offset = 76555ms (Giờ server: 2026-07-19T07:52:55.739Z) 
2026-07-19 14:51:49: [PP369] [AutoTrade] Trailing SL: ATH đạt ROI 5.09% -> Dịch SL trên sàn về entry + 1% ROI ($0.004673) [Mức: Hòa vốn] 
2026-07-19 14:51:49: [PP369] [AutoTrade] Đã hủy SL cũ của ATH (orderId=1000002461879084) 
2026-07-19 14:51:49: [PP369] [AutoTrade] ✓ Đã dịch SL mới cho ATH @ $0.0046730 (orderId=1000002461905477) 
2026-07-19 15:05:57: [PP369] [AutoTrade] Lệnh LIMIT của VANRY đã treo quá 15 phút (15.2 phút) -> Tiến hành hủy... 
2026-07-19 15:05:57: [PP369] [AutoTrade] ✓ Đã hủy thành công lệnh LIMIT treo của VANRY 
2026-07-19 15:19:58: [PP369] [AutoTrade] VANRY → LONG (Score: +6.2đ) tại $0.005438 
2026-07-19 15:19:58: [PP369] [AutoTrade] VANRY LONG không đạt Tiêu chí 2 (Biến động H1/M15 an toàn) — bỏ qua 
2026-07-19 15:21:39: [PP369] [Binance] Đã đồng bộ giờ: offset = 76731ms (Giờ server: 2026-07-19T08:22:55.914Z) 
2026-07-19 15:51:39: [PP369] [Binance] Đã đồng bộ giờ: offset = 76905ms (Giờ server: 2026-07-19T08:52:56.104Z) 
2026-07-19 15:53:28: [PP369] [AutoTrade] LUMIA → SHORT (Score: +5.8đ) tại $0.0753 
2026-07-19 15:53:28: [PP369] [AutoTrade] LUMIA SHORT không đạt Tiêu chí 2 (Biến động H1/M15 an toàn) — bỏ qua 
2026-07-19 16:13:29: [PP369] [AutoTrade] FLOCK → LONG (Score: +6đ) tại $0.031 
2026-07-19 16:13:29: [PP369] [AutoTrade] Set leverage FLOCKUSDT = 7x (Lưới: 7.10% → tính được 7x, giới hạn: 50x | Ký quỹ mục tiêu: $10) 
2026-07-19 16:13:29: [PP369] [AutoTrade] ✓ FLOCK BUY 2258 @ $0.031 orderId=330865597 status=NEW 
2026-07-19 16:13:50: [PP369] [AutoTrade] ✓ Đặt TP FLOCK @ $0.0314400 (đối ứng SELL) orderId=1000002461978718 
2026-07-19 16:13:51: [PP369] [AutoTrade] ✓ Đặt SL FLOCK @ $0.0306500 (đối ứng SELL) orderId=1000002461978725 
2026-07-19 16:21:39: [PP369] [Binance] Đã đồng bộ giờ: offset = 77082ms (Giờ server: 2026-07-19T09:22:56.266Z) 
2026-07-19 16:51:39: [PP369] [Binance] Đã đồng bộ giờ: offset = 77252ms (Giờ server: 2026-07-19T09:52:56.543Z) 
2026-07-19 16:51:40: [PP369] [AutoTrade] [CoinRefresh] Tái kiểm tra danh sách: 465 → 466 coin hợp lệ theo giá hiện tại. 
2026-07-19 16:58:30: [PP369] [AutoTrade] Trailing SL: FLOCK đạt ROI 5.50% -> Dịch SL trên sàn về entry + 1% ROI ($0.03104) [Mức: Hòa vốn] 
2026-07-19 16:58:30: [PP369] [AutoTrade] Đã hủy SL cũ của FLOCK (orderId=1000002461978725) 
2026-07-19 16:58:30: [PP369] [AutoTrade] ✓ Đã dịch SL mới cho FLOCK @ $0.0310400 (orderId=1000002462020688) 
2026-07-19 16:59:28: [PP369] [AutoTrade] SKL → SHORT (Score: +5.6đ) tại $0.00397 
2026-07-19 16:59:28: [PP369] [AutoTrade] SKL SHORT có Score = 5.6đ < 6đ — bỏ qua 
2026-07-19 17:21:28: [PP369] [AutoTrade] GUA → SHORT (Score: +6.5đ) tại $0.06115 
2026-07-19 17:21:29: [PP369] [AutoTrade] Set leverage GUAUSDT = 10x (Lưới: 4.10% → tính được 12x, giới hạn: 10x | Ký quỹ mục tiêu: $10) 
2026-07-19 17:21:29: [PP369] [AutoTrade] ✓ GUA SELL 1635 @ $0.06115 orderId=898607911 status=NEW 
2026-07-19 17:21:39: [PP369] [Binance] Đã đồng bộ giờ: offset = 77431ms (Giờ server: 2026-07-19T10:22:56.719Z) 
2026-07-19 17:23:06: [PP369] [AutoTrade] ✓ Đặt TP GUA @ $0.0605400 (đối ứng BUY) orderId=1000002462042396 
2026-07-19 17:23:06: [PP369] [AutoTrade] ✓ Đặt SL GUA @ $0.0617600 (đối ứng BUY) orderId=1000002462042400 
2026-07-19 17:29:28: [PP369] [AutoTrade] LUMIA → LONG (Score: +6.699999999999999đ) tại $0.0725 
2026-07-19 17:29:28: [PP369] [AutoTrade] Set leverage LUMIAUSDT = 10x (Lưới: 3.86% → tính được 12x, giới hạn: 10x | Ký quỹ mục tiêu: $10) 
2026-07-19 17:29:29: [PP369] [AutoTrade] ✓ LUMIA BUY 1379.3 @ $0.0725 orderId=1229801462 status=NEW 
2026-07-19 17:31:48: [PP369] [AutoTrade] ✓ Đặt TP LUMIA @ $0.0732200 (đối ứng SELL) orderId=1000002462049853 
2026-07-19 17:31:48: [PP369] [AutoTrade] ✓ Đặt SL LUMIA @ $0.0719200 (đối ứng SELL) orderId=1000002462049854 
2026-07-19 17:41:29: [PP369] [AutoTrade] G → SHORT (Score: +4.5đ) tại $0.003754 
2026-07-19 17:41:29: [PP369] [AutoTrade] G SHORT có Score = 4.5đ < 6đ — bỏ qua 
2026-07-19 17:51:39: [PP369] [Binance] Đã đồng bộ giờ: offset = 77607ms (Giờ server: 2026-07-19T10:52:56.895Z) 
2026-07-19 18:11:58: [PP369] [AutoTrade] SKL → LONG (Score: +5.5đ) tại $0.00411 
2026-07-19 18:11:58: [PP369] [AutoTrade] SKL LONG không đạt Tiêu chí 2 (Biến động H1/M15 an toàn) — bỏ qua 
2026-07-19 18:12:28: [PP369] [AutoTrade] SKL → LONG (Score: +5.3đ) tại $0.00411 
2026-07-19 18:12:28: [PP369] [AutoTrade] SKL LONG không đạt Tiêu chí 2 (Biến động H1/M15 an toàn) — bỏ qua 
2026-07-19 18:12:59: [PP369] [AutoTrade] CYS → LONG (Score: +5.8đ) tại $0.3063 
2026-07-19 18:12:59: [PP369] [AutoTrade] CYS LONG có Score = 5.8đ < 6đ — bỏ qua 
2026-07-19 18:13:29: [PP369] [AutoTrade] SKL → LONG (Score: +5.3đ) tại $0.00411 
2026-07-19 18:13:29: [PP369] [AutoTrade] SKL LONG không đạt Tiêu chí 2 (Biến động H1/M15 an toàn) — bỏ qua 
2026-07-19 18:13:29: [PP369] [AutoTrade] CYS → LONG (Score: +5.8đ) tại $0.3063 
2026-07-19 18:13:29: [PP369] [AutoTrade] CYS LONG có Score = 5.8đ < 6đ — bỏ qua 
2026-07-19 18:13:59: [PP369] [AutoTrade] CYS → LONG (Score: +5.8đ) tại $0.3063 
2026-07-19 18:13:59: [PP369] [AutoTrade] CYS LONG có Score = 5.8đ < 6đ — bỏ qua 
2026-07-19 18:14:28: [PP369] [AutoTrade] CYS → LONG (Score: +5.8đ) tại $0.3063 
2026-07-19 18:14:28: [PP369] [AutoTrade] CYS LONG có Score = 5.8đ < 6đ — bỏ qua 
2026-07-19 18:14:58: [PP369] [AutoTrade] CYS → LONG (Score: +5.8đ) tại $0.3063 
2026-07-19 18:14:58: [PP369] [AutoTrade] CYS LONG có Score = 5.8đ < 6đ — bỏ qua 
2026-07-19 18:15:58: [PP369] [AutoTrade] SKL → LONG (Score: +5.3đ) tại $0.00411 
2026-07-19 18:15:58: [PP369] [AutoTrade] SKL LONG không đạt Tiêu chí 2 (Biến động H1/M15 an toàn) — bỏ qua 
2026-07-19 18:16:28: [PP369] [AutoTrade] CYS → LONG (Score: +5.8đ) tại $0.3063 
2026-07-19 18:16:28: [PP369] [AutoTrade] CYS LONG có Score = 5.8đ < 6đ — bỏ qua 
2026-07-19 18:16:58: [PP369] [AutoTrade] CYS → LONG (Score: +5.8đ) tại $0.3063 
2026-07-19 18:16:58: [PP369] [AutoTrade] CYS LONG có Score = 5.8đ < 6đ — bỏ qua 
2026-07-19 18:17:28: [PP369] [AutoTrade] CYS → LONG (Score: +5.8đ) tại $0.3063 
2026-07-19 18:17:28: [PP369] [AutoTrade] CYS LONG có Score = 5.8đ < 6đ — bỏ qua 
2026-07-19 18:17:58: [PP369] [AutoTrade] CYS → LONG (Score: +5.8đ) tại $0.3063 
2026-07-19 18:17:58: [PP369] [AutoTrade] CYS LONG có Score = 5.8đ < 6đ — bỏ qua 
2026-07-19 18:18:28: [PP369] [AutoTrade] CYS → LONG (Score: +5.8đ) tại $0.3063 
2026-07-19 18:18:28: [PP369] [AutoTrade] CYS LONG có Score = 5.8đ < 6đ — bỏ qua 
2026-07-19 18:18:58: [PP369] [AutoTrade] CYS → LONG (Score: +5.8đ) tại $0.3063 
2026-07-19 18:18:58: [PP369] [AutoTrade] CYS LONG có Score = 5.8đ < 6đ — bỏ qua 
2026-07-19 18:19:28: [PP369] [AutoTrade] CYS → LONG (Score: +5.8đ) tại $0.3063 
2026-07-19 18:19:28: [PP369] [AutoTrade] CYS LONG có Score = 5.8đ < 6đ — bỏ qua 
2026-07-19 18:19:58: [PP369] [AutoTrade] CYS → LONG (Score: +5.8đ) tại $0.3063 
2026-07-19 18:19:58: [PP369] [AutoTrade] CYS LONG có Score = 5.8đ < 6đ — bỏ qua 
2026-07-19 18:20:28: [PP369] [AutoTrade] CYS → LONG (Score: +5.8đ) tại $0.3063 
2026-07-19 18:20:28: [PP369] [AutoTrade] CYS LONG có Score = 5.8đ < 6đ — bỏ qua 
2026-07-19 18:20:58: [PP369] [AutoTrade] CYS → LONG (Score: +5.8đ) tại $0.3063 
2026-07-19 18:20:58: [PP369] [AutoTrade] CYS LONG có Score = 5.8đ < 6đ — bỏ qua 
2026-07-19 18:21:28: [PP369] [AutoTrade] CYS → LONG (Score: +5.8đ) tại $0.3063 
2026-07-19 18:21:28: [PP369] [AutoTrade] CYS LONG có Score = 5.8đ < 6đ — bỏ qua 
2026-07-19 18:21:39: [PP369] [Binance] Đã đồng bộ giờ: offset = 77781ms (Giờ server: 2026-07-19T11:22:57.117Z) 
2026-07-19 18:22:28: [PP369] [AutoTrade] CYS → LONG (Score: +5.8đ) tại $0.3063 
2026-07-19 18:22:28: [PP369] [AutoTrade] CYS LONG có Score = 5.8đ < 6đ — bỏ qua 
2026-07-19 18:22:59: [PP369] [AutoTrade] CYS → LONG (Score: +5.8đ) tại $0.3063 
2026-07-19 18:22:59: [PP369] [AutoTrade] CYS LONG có Score = 5.8đ < 6đ — bỏ qua 
2026-07-19 18:23:28: [PP369] [AutoTrade] CYS → LONG (Score: +5.8đ) tại $0.3063 
2026-07-19 18:23:28: [PP369] [AutoTrade] CYS LONG có Score = 5.8đ < 6đ — bỏ qua 
2026-07-19 18:23:58: [PP369] [AutoTrade] CYS → LONG (Score: +5.8đ) tại $0.3063 
2026-07-19 18:23:58: [PP369] [AutoTrade] CYS LONG có Score = 5.8đ < 6đ — bỏ qua 
2026-07-19 18:24:28: [PP369] [AutoTrade] CYS → LONG (Score: +5.8đ) tại $0.3063 
2026-07-19 18:24:28: [PP369] [AutoTrade] CYS LONG có Score = 5.8đ < 6đ — bỏ qua 
2026-07-19 18:24:58: [PP369] [AutoTrade] CYS → LONG (Score: +5.8đ) tại $0.3063 
2026-07-19 18:24:58: [PP369] [AutoTrade] CYS LONG có Score = 5.8đ < 6đ — bỏ qua 
2026-07-19 18:51:39: [PP369] [Binance] Đã đồng bộ giờ: offset = 77955ms (Giờ server: 2026-07-19T11:52:57.286Z) 
2026-07-19 19:08:29: [PP369] [AutoTrade] HOLO → LONG (Score: +7.5đ) tại $0.06269 
2026-07-19 19:08:30: [PP369] [AutoTrade] Set leverage HOLOUSDT = 14x (Lưới: 3.41% → tính được 14x, giới hạn: 50x | Ký quỹ mục tiêu: $15) 
2026-07-19 19:08:30: [PP369] [AutoTrade] ✓ HOLO BUY 3349 @ $0.06269 orderId=828048492 status=NEW 
2026-07-19 19:10:19: [PP369] [AutoTrade] ✓ Đặt TP HOLO @ $0.0631400 (đối ứng SELL) orderId=1000002462154282 
2026-07-19 19:10:19: [PP369] [AutoTrade] ✓ Đặt SL HOLO @ $0.0627300 (đối ứng SELL) orderId=1000002462154285 
2026-07-19 19:21:39: [PP369] [Binance] Đã đồng bộ giờ: offset = 78132ms (Giờ server: 2026-07-19T12:22:57.468Z) 
2026-07-19 19:51:39: [PP369] [Binance] Đã đồng bộ giờ: offset = 78307ms (Giờ server: 2026-07-19T12:52:57.638Z) 
2026-07-19 19:57:28: [PP369] [AutoTrade] VANRY → LONG (Score: +7.7đ) tại $0.005438 
2026-07-19 19:57:29: [PP369] [AutoTrade] Set leverage VANRYUSDT = 15x (Lưới: 3.27% → tính được 15x, giới hạn: 20x | Ký quỹ mục tiêu: $15) 
2026-07-19 19:57:29: [PP369] [AutoTrade] ✓ VANRY BUY 41375 @ $0.005438 orderId=2596759641 status=NEW 
2026-07-19 20:04:13: [PP369] [AutoTrade] ✓ Đặt TP VANRY @ $0.0055110 (đối ứng SELL) orderId=1000002462214004 
2026-07-19 20:04:13: [PP369] [AutoTrade] ✓ Đặt SL VANRY @ $0.0053910 (đối ứng SELL) orderId=1000002462214007 
2026-07-19 20:07:31: [PP369] [AutoTrade] Trailing SL: VANRY đạt ROI 9.52% -> Dịch SL trên sàn về entry + 1% ROI ($0.005442) [Mức: Hòa vốn] 
2026-07-19 20:07:31: [PP369] [AutoTrade] Đã hủy SL cũ của VANRY (orderId=1000002462214007) 
2026-07-19 20:07:31: [PP369] [AutoTrade] ✓ Đã dịch SL mới cho VANRY @ $0.0054420 (orderId=1000002462216989) 
2026-07-19 20:21:39: [PP369] [Binance] Đã đồng bộ giờ: offset = 78482ms (Giờ server: 2026-07-19T13:22:57.839Z) 
2026-07-19 20:51:39: [PP369] [Binance] Đã đồng bộ giờ: offset = 78656ms (Giờ server: 2026-07-19T13:52:57.987Z) 
2026-07-19 20:51:40: [PP369] [AutoTrade] [CoinRefresh] Tái kiểm tra danh sách: 466 → 467 coin hợp lệ theo giá hiện tại. 
2026-07-19 21:21:39: [PP369] [Binance] Đã đồng bộ giờ: offset = 78831ms (Giờ server: 2026-07-19T14:22:58.180Z) 
2026-07-19 21:47:59: [PP369] [AutoTrade] KAITO → SHORT (Score: +1đ) tại $0.9262 
2026-07-19 21:47:59: [PP369] [AutoTrade] KAITO SHORT không đạt Tiêu chí 2 (Biến động H1/M15 an toàn) — bỏ qua 
2026-07-19 21:48:28: [PP369] [AutoTrade] KAITO → SHORT (Score: +1đ) tại $0.9262 
2026-07-19 21:48:28: [PP369] [AutoTrade] KAITO SHORT không đạt Tiêu chí 2 (Biến động H1/M15 an toàn) — bỏ qua 
2026-07-19 21:51:39: [PP369] [Binance] Đã đồng bộ giờ: offset = 79007ms (Giờ server: 2026-07-19T14:52:58.336Z) 
2026-07-19 22:21:39: [PP369] [Binance] Đã đồng bộ giờ: offset = 79183ms (Giờ server: 2026-07-19T15:22:58.512Z) 
2026-07-19 22:25:29: [PP369] [AutoTrade] JTO → SHORT (Score: +5.8đ) tại $0.5711 
2026-07-19 22:25:29: [PP369] [AutoTrade] JTO SHORT có Score = 5.8đ < 6đ — bỏ qua 
2026-07-19 22:51:39: [PP369] [Binance] Đã đồng bộ giờ: offset = 79357ms (Giờ server: 2026-07-19T15:52:58.688Z) 
2026-07-19 23:06:30: [PP369] [AutoTrade] PIEVERSE → LONG (Score: +6.5đ) tại $0.6428 
2026-07-19 23:06:30: [PP369] [AutoTrade] Set leverage PIEVERSEUSDT = 12x (Lưới: 3.86% → tính được 12x, giới hạn: 20x | Ký quỹ mục tiêu: $10) 
2026-07-19 23:06:31: [PP369] [AutoTrade] ✓ PIEVERSE BUY 186 @ $0.6428 orderId=1696044210 status=NEW 
2026-07-19 23:10:29: [PP369] [AutoTrade] NAORIS → LONG (Score: +7đ) tại $0.03859 
2026-07-19 23:10:29: [PP369] [AutoTrade] Set leverage NAORISUSDT = 8x (Lưới: 6.06% → tính được 8x, giới hạn: 10x | Ký quỹ mục tiêu: $15) 
2026-07-19 23:10:29: [PP369] [AutoTrade] ✓ NAORIS BUY 3109 @ $0.03859 orderId=1336743082 status=NEW 
2026-07-19 23:21:39: [PP369] [Binance] Đã đồng bộ giờ: offset = 79534ms (Giờ server: 2026-07-19T16:22:58.826Z) 
2026-07-19 23:22:58: [PP369] [AutoTrade] Lệnh LIMIT của PIEVERSE đã treo quá 15 phút (15.1 phút) -> Tiến hành hủy... 
2026-07-19 23:22:58: [PP369] [AutoTrade] ✓ Đã hủy thành công lệnh LIMIT treo của PIEVERSE 
2026-07-19 23:22:59: [PP369] [AutoTrade] PIEVERSE → LONG (Score: +6.5đ) tại $0.6428 
2026-07-19 23:22:59: [PP369] [AutoTrade] Set leverage PIEVERSEUSDT = 12x (Lưới: 3.86% → tính được 12x, giới hạn: 20x | Ký quỹ mục tiêu: $10) 
2026-07-19 23:22:59: [PP369] [AutoTrade] ✓ PIEVERSE BUY 186 @ $0.6428 orderId=1696049208 status=NEW 
2026-07-19 23:26:58: [PP369] [AutoTrade] Lệnh LIMIT của NAORIS đã treo quá 15 phút (15.2 phút) -> Tiến hành hủy... 
2026-07-19 23:26:58: [PP369] [AutoTrade] ✓ Đã hủy thành công lệnh LIMIT treo của NAORIS 
2026-07-19 23:26:59: [PP369] [AutoTrade] H → LONG (Score: +6.4đ) tại $0.05613 
2026-07-19 23:26:59: [PP369] [AutoTrade] Set leverage HUSDT = 4x (Lưới: 3.51% → tính được 14x, giới hạn: 4x | Ký quỹ mục tiêu: $10) 
2026-07-19 23:26:59: [PP369] [AutoTrade] ✓ H BUY 712 @ $0.05613 orderId=4550804672 status=NEW 
2026-07-19 23:33:39: [PP369] [AutoTrade] ✓ Đặt TP PIEVERSE @ $0.6482000 (đối ứng SELL) orderId=1000002462446746 
2026-07-19 23:33:39: [PP369] [AutoTrade] ✓ Đặt SL PIEVERSE @ $0.6385000 (đối ứng SELL) orderId=1000002462446747 
2026-07-19 23:34:10: [PP369] [AutoTrade] ✓ Đặt TP H @ $0.0575300 (đối ứng SELL) orderId=1000002462447310 
2026-07-19 23:34:10: [PP369] [AutoTrade] ✓ Đặt SL H @ $0.0550100 (đối ứng SELL) orderId=1000002462447313 
2026-07-19 23:39:28: [PP369] [AutoTrade] VANRY → SHORT (Score: +2đ) tại $0.005916 
2026-07-19 23:39:28: [PP369] [AutoTrade] VANRY SHORT có Score = 2đ < 6đ — bỏ qua 
2026-07-19 23:47:58: [PP369] [AutoTrade] VANRY → LONG (Score: +7.3đ) tại $0.005738 
2026-07-19 23:47:58: [PP369] [AutoTrade] VANRY LONG không đạt Tiêu chí 2 (Biến động H1/M15 an toàn) — bỏ qua 
2026-07-19 23:49:58: [PP369] [AutoTrade] VANRY → LONG (Score: +7.3đ) tại $0.005738 
2026-07-19 23:49:58: [PP369] [AutoTrade] VANRY LONG không đạt Tiêu chí 2 (Biến động H1/M15 an toàn) — bỏ qua 
2026-07-19 23:51:39: [PP369] [Binance] Đã đồng bộ giờ: offset = 79709ms (Giờ server: 2026-07-19T16:52:59.000Z) 
2026-07-19 23:55:59: [PP369] [AutoTrade] HYPER → LONG (Score: +5.3đ) tại $0.0672 
2026-07-19 23:55:59: [PP369] [AutoTrade] HYPER LONG có Score = 5.3đ < 6đ — bỏ qua 
2026-07-19 23:59:59: [PP369] [AutoTrade] VTHO → LONG (Score: +5.9đ) tại $0.0003684 
2026-07-19 23:59:59: [PP369] [AutoTrade] VTHO LONG có Score = 5.9đ < 6đ — bỏ qua 
2026-07-20 00:00:29: [PP369] [AutoTrade] GMT → LONG (Score: +5.5đ) tại $0.00703 
2026-07-20 00:00:29: [PP369] [AutoTrade] GMT LONG có Score = 5.5đ < 6đ — bỏ qua 
2026-07-20 00:00:31: [PP369] [AutoTrade] VTHO → LONG (Score: +5.9đ) tại $0.0003684 
2026-07-20 00:00:31: [PP369] [AutoTrade] VTHO LONG có Score = 5.9đ < 6đ — bỏ qua 
2026-07-20 00:00:59: [PP369] [AutoTrade] TWT → LONG (Score: +6.5đ) tại $0.3357 
2026-07-20 00:00:59: [PP369] [AutoTrade] Set leverage TWTUSDT = 7x (Lưới: 6.49% → tính được 7x, giới hạn: 75x | Ký quỹ mục tiêu: $10) 
2026-07-20 00:00:59: [PP369] [AutoTrade] ✓ TWT BUY 208 @ $0.3357 orderId=2186009275 status=NEW 
2026-07-20 00:01:00: [PP369] [AutoTrade] SAFE → LONG (Score: +6đ) tại $0.0781 
2026-07-20 00:01:00: [PP369] [AutoTrade] Set leverage SAFEUSDT = 14x (Lưới: 3.46% → tính được 14x, giới hạn: 50x | Ký quỹ mục tiêu: $10) 
2026-07-20 00:01:00: [PP369] [AutoTrade] ✓ SAFE BUY 1792 @ $0.0781 orderId=1004303857 status=NEW 
2026-07-20 00:17:28: [PP369] [AutoTrade] Lệnh LIMIT của SAFE đã treo quá 15 phút (15.1 phút) -> Tiến hành hủy... 
2026-07-20 00:17:28: [PP369] [AutoTrade] ✓ Đã hủy thành công lệnh LIMIT treo của SAFE 
2026-07-20 00:17:28: [PP369] [AutoTrade] Lệnh LIMIT của TWT đã treo quá 15 phút (15.2 phút) -> Tiến hành hủy... 
2026-07-20 00:17:28: [PP369] [AutoTrade] ✓ Đã hủy thành công lệnh LIMIT treo của TWT 
2026-07-20 00:17:29: [PP369] [AutoTrade] TWT → LONG (Score: +6.5đ) tại $0.3357 
2026-07-20 00:17:29: [PP369] [AutoTrade] Set leverage TWTUSDT = 7x (Lưới: 6.49% → tính được 7x, giới hạn: 75x | Ký quỹ mục tiêu: $10) 
2026-07-20 00:17:29: [PP369] [AutoTrade] ✓ TWT BUY 208 @ $0.3357 orderId=2186013598 status=NEW 
2026-07-20 00:21:39: [PP369] [Binance] Đã đồng bộ giờ: offset = 79883ms (Giờ server: 2026-07-19T17:22:59.177Z) 
2026-07-20 00:33:58: [PP369] [AutoTrade] Lệnh LIMIT của TWT đã treo quá 15 phút (15.2 phút) -> Tiến hành hủy... 
2026-07-20 00:33:58: [PP369] [AutoTrade] ✓ Đã hủy thành công lệnh LIMIT treo của TWT 
2026-07-20 00:33:59: [PP369] [AutoTrade] TWT → LONG (Score: +6.5đ) tại $0.3357 
2026-07-20 00:33:59: [PP369] [AutoTrade] Set leverage TWTUSDT = 7x (Lưới: 6.49% → tính được 7x, giới hạn: 75x | Ký quỹ mục tiêu: $10) 
2026-07-20 00:33:59: [PP369] [AutoTrade] ✓ TWT BUY 208 @ $0.3357 orderId=2186016182 status=NEW 
2026-07-20 00:44:29: [PP369] [AutoTrade] DYM → LONG (Score: +7.5đ) tại $0.01441 
2026-07-20 00:44:29: [PP369] [AutoTrade] Set leverage DYMUSDT = 2x (Lưới: 18.74% → tính được 2x, giới hạn: 25x | Ký quỹ mục tiêu: $15) 
2026-07-20 00:44:29: [PP369] [AutoTrade] ✓ DYM BUY 2081.8 @ $0.01441 orderId=3081980930 status=NEW 
2026-07-20 00:50:28: [PP369] [AutoTrade] Lệnh LIMIT của TWT đã treo quá 15 phút (15.1 phút) -> Tiến hành hủy... 
2026-07-20 00:50:28: [PP369] [AutoTrade] ✓ Đã hủy thành công lệnh LIMIT treo của TWT 
2026-07-20 00:50:29: [PP369] [AutoTrade] TWT → LONG (Score: +6.5đ) tại $0.3357 
2026-07-20 00:50:29: [PP369] [AutoTrade] Set leverage TWTUSDT = 7x (Lưới: 6.49% → tính được 7x, giới hạn: 75x | Ký quỹ mục tiêu: $10) 
2026-07-20 00:50:29: [PP369] [AutoTrade] ✓ TWT BUY 208 @ $0.3357 orderId=2186018499 status=NEW 
2026-07-20 00:50:59: [PP369] [AutoTrade] IN → LONG (Score: +6đ) tại $0.04234 
2026-07-20 00:50:59: [PP369] [AutoTrade] Set leverage INUSDT = 7x (Lưới: 6.28% → tính được 7x, giới hạn: 25x | Ký quỹ mục tiêu: $10) 
2026-07-20 00:50:59: [PP369] [AutoTrade] ✓ IN BUY 1653 @ $0.04234 orderId=1177354077 status=NEW 
2026-07-20 00:51:39: [PP369] [Binance] Đã đồng bộ giờ: offset = 80054ms (Giờ server: 2026-07-19T17:52:59.350Z) 
2026-07-20 00:51:40: [PP369] [AutoTrade] ✓ Đặt TP IN @ $0.0429400 (đối ứng SELL) orderId=1000002462526463 
2026-07-20 00:51:40: [PP369] [AutoTrade] [CoinRefresh] Tái kiểm tra danh sách: 467 → 465 coin hợp lệ theo giá hiện tại. 
2026-07-20 00:51:40: [PP369] [AutoTrade] ✓ Đặt SL IN @ $0.0418600 (đối ứng SELL) orderId=1000002462526464 
2026-07-20 00:59:52: [PP369] [AutoTrade] ✓ Đặt TP TWT @ $0.340500 (đối ứng SELL) orderId=1000002462533926 
2026-07-20 00:59:52: [PP369] [AutoTrade] ✓ Đặt SL TWT @ $0.331900 (đối ứng SELL) orderId=1000002462533928 
2026-07-20 01:00:58: [PP369] [AutoTrade] Lệnh LIMIT của DYM đã treo quá 15 phút (15.1 phút) -> Tiến hành hủy... 
2026-07-20 01:00:58: [PP369] [AutoTrade] ✓ Đã hủy thành công lệnh LIMIT treo của DYM 
2026-07-20 01:21:39: [PP369] [Binance] Đã đồng bộ giờ: offset = 80234ms (Giờ server: 2026-07-19T18:22:59.528Z) 
2026-07-20 01:49:59: [PP369] [AutoTrade] H → SHORT (Score: +5.3đ) tại $0.0581 
2026-07-20 01:49:59: [PP369] [AutoTrade] H SHORT có Score = 5.3đ < 6đ — bỏ qua 
2026-07-20 01:50:29: [PP369] [AutoTrade] H → SHORT (Score: +5.3đ) tại $0.0581 
2026-07-20 01:50:29: [PP369] [AutoTrade] H SHORT có Score = 5.3đ < 6đ — bỏ qua 
2026-07-20 01:51:39: [PP369] [Binance] Đã đồng bộ giờ: offset = 80409ms (Giờ server: 2026-07-19T18:52:59.704Z) 
2026-07-20 01:55:29: [PP369] [AutoTrade] LUMIA → SHORT (Score: +7.1đ) tại $0.0753 
2026-07-20 01:55:29: [PP369] [AutoTrade] Set leverage LUMIAUSDT = 10x (Lưới: 3.86% → tính được 12x, giới hạn: 10x | Ký quỹ mục tiêu: $15) 
2026-07-20 01:55:29: [PP369] [AutoTrade] ✓ LUMIA SELL 1992 @ $0.0753 orderId=1231184612 status=NEW 
2026-07-20 02:03:41: [PP369] [AutoTrade] ✓ Đặt TP LUMIA @ $0.0737900 (đối ứng BUY) orderId=1000002462594268 
2026-07-20 02:03:41: [PP369] [AutoTrade] ✓ Đặt SL LUMIA @ $0.0762800 (đối ứng BUY) orderId=1000002462594285 
2026-07-20 02:21:39: [PP369] [Binance] Đã đồng bộ giờ: offset = 80581ms (Giờ server: 2026-07-19T19:22:59.881Z) 
2026-07-20 02:23:50: [PP369] [AutoTrade] Trailing SL: LUMIA đạt ROI 10.23% -> Dịch SL trên sàn về entry + 1% ROI ($0.07522) [Mức: Hòa vốn] 
2026-07-20 02:23:50: [PP369] [AutoTrade] Đã hủy SL cũ của LUMIA (orderId=1000002462594285) 
2026-07-20 02:23:50: [PP369] [AutoTrade] ✓ Đã dịch SL mới cho LUMIA @ $0.0752200 (orderId=1000002462609410) 
2026-07-20 02:24:38: [PP369] [AutoTrade] Trailing SL: LUMIA đạt ROI 15.10% -> Dịch SL trên sàn về entry + 8% ROI ($0.07470) [Mức: Khóa lãi] 
2026-07-20 02:24:38: [PP369] [AutoTrade] Đã hủy SL cũ của LUMIA (orderId=1000002462609410) 
2026-07-20 02:24:38: [PP369] [AutoTrade] ✓ Đã dịch SL mới cho LUMIA @ $0.0747000 (orderId=1000002462610081) 
2026-07-20 02:50:59: [PP369] [AutoTrade] TREE → LONG (Score: +5.5đ) tại $0.0349 
2026-07-20 02:50:59: [PP369] [AutoTrade] TREE LONG có Score = 5.5đ < 6đ — bỏ qua 
2026-07-20 02:51:29: [PP369] [AutoTrade] TREE → LONG (Score: +5.5đ) tại $0.0349 
2026-07-20 02:51:29: [PP369] [AutoTrade] TREE LONG có Score = 5.5đ < 6đ — bỏ qua 
2026-07-20 02:51:39: [PP369] [Binance] Đã đồng bộ giờ: offset = 80759ms (Giờ server: 2026-07-19T19:53:00.061Z) 
2026-07-20 03:05:59: [PP369] [AutoTrade] JELLYJELLY → SHORT (Score: +5.6đ) tại $0.05548 
2026-07-20 03:05:59: [PP369] [AutoTrade] JELLYJELLY SHORT có Score = 5.6đ < 6đ — bỏ qua 
2026-07-20 03:07:29: [PP369] [AutoTrade] VANRY → LONG (Score: +7.7đ) tại $0.005438 
2026-07-20 03:07:29: [PP369] [AutoTrade] Set leverage VANRYUSDT = 15x (Lưới: 3.27% → tính được 15x, giới hạn: 20x | Ký quỹ mục tiêu: $15) 
2026-07-20 03:07:29: [PP369] [AutoTrade] ✓ VANRY BUY 41375 @ $0.005438 orderId=2600124367 status=NEW 
2026-07-20 03:09:26: [PP369] [AutoTrade] ✓ Đặt TP VANRY @ $0.0055110 (đối ứng SELL) orderId=1000002462647636 
2026-07-20 03:09:26: [PP369] [AutoTrade] ✓ Đặt SL VANRY @ $0.0053910 (đối ứng SELL) orderId=1000002462647638 
2026-07-20 03:12:17: [PP369] [AutoTrade] Trailing SL: VANRY đạt ROI 9.65% -> Dịch SL trên sàn về entry + 1% ROI ($0.005442) [Mức: Hòa vốn] 
2026-07-20 03:12:17: [PP369] [AutoTrade] Đã hủy SL cũ của VANRY (orderId=1000002462647638) 
2026-07-20 03:12:17: [PP369] [AutoTrade] ✓ Đã dịch SL mới cho VANRY @ $0.0054420 (orderId=1000002462649740) 
2026-07-20 03:21:39: [PP369] [Binance] Đã đồng bộ giờ: offset = 80933ms (Giờ server: 2026-07-19T20:23:00.231Z) 
2026-07-20 03:30:29: [PP369] [AutoTrade] TAC → SHORT (Score: +5.8đ) tại $0.003512 
2026-07-20 03:30:29: [PP369] [AutoTrade] TAC SHORT có Score = 5.8đ < 6đ — bỏ qua 
2026-07-20 03:30:59: [PP369] [AutoTrade] TAC → SHORT (Score: +5.8đ) tại $0.003512 
2026-07-20 03:30:59: [PP369] [AutoTrade] TAC SHORT có Score = 5.8đ < 6đ — bỏ qua 
2026-07-20 03:31:29: [PP369] [AutoTrade] TAC → SHORT (Score: +6đ) tại $0.003512 
2026-07-20 03:31:29: [PP369] [AutoTrade] Set leverage TACUSDT = 6x (Lưới: 8.33% → tính được 6x, giới hạn: 10x | Ký quỹ mục tiêu: $10) 
2026-07-20 03:31:29: [PP369] [AutoTrade] ✓ TAC SELL 17084 @ $0.003512 orderId=1003995879 status=NEW 
2026-07-20 03:47:58: [PP369] [AutoTrade] Lệnh LIMIT của TAC đã treo quá 15 phút (15.1 phút) -> Tiến hành hủy... 
2026-07-20 03:47:58: [PP369] [AutoTrade] ✓ Đã hủy thành công lệnh LIMIT treo của TAC 
2026-07-20 03:49:29: [PP369] [AutoTrade] TAC → SHORT (Score: +6đ) tại $0.003512 
2026-07-20 03:49:29: [PP369] [AutoTrade] Set leverage TACUSDT = 6x (Lưới: 8.33% → tính được 6x, giới hạn: 10x | Ký quỹ mục tiêu: $10) 
2026-07-20 03:49:29: [PP369] [AutoTrade] ✓ TAC SELL 17084 @ $0.003512 orderId=1004033072 status=NEW 
2026-07-20 03:51:30: [PP369] [AutoTrade] WAL → LONG (Score: +6.5đ) tại $0.0288 
2026-07-20 03:51:30: [PP369] [AutoTrade] Set leverage WALUSDT = 14x (Lưới: 3.47% → tính được 14x, giới hạn: 75x | Ký quỹ mục tiêu: $10) 
2026-07-20 03:51:30: [PP369] [AutoTrade] ✓ WAL BUY 4861 @ $0.0288 orderId=944334093 status=NEW 
2026-07-20 03:51:39: [PP369] [Binance] Đã đồng bộ giờ: offset = 81109ms (Giờ server: 2026-07-19T20:53:00.406Z) 
2026-07-20 03:51:57: [PP369] [AutoTrade] ✓ Đặt TP WAL @ $0.0290100 (đối ứng SELL) orderId=1000002462677360 
2026-07-20 03:51:57: [PP369] [AutoTrade] ✓ Đặt SL WAL @ $0.0286400 (đối ứng SELL) orderId=1000002462677363 
2026-07-20 03:58:59: [PP369] [AutoTrade] TURBO → SHORT (Score: +6.5đ) tại $0.00083 
2026-07-20 03:58:59: [PP369] [AutoTrade] Set leverage TURBOUSDT = 16x (Lưới: 3.11% → tính được 16x, giới hạn: 75x | Ký quỹ mục tiêu: $10) 
2026-07-20 03:58:59: [PP369] [AutoTrade] ✓ TURBO SELL 192771 @ $0.00083 orderId=8248099643 status=NEW 
2026-07-20 03:59:48: [PP369] [AutoTrade] ✓ Đặt TP TURBO @ $0.0008248 (đối ứng BUY) orderId=1000002462682749 
2026-07-20 03:59:48: [PP369] [AutoTrade] ✓ Đặt SL TURBO @ $0.0008352 (đối ứng BUY) orderId=1000002462682752 
2026-07-20 04:01:15: [PP369] [AutoTrade] Trailing SL: TURBO đạt ROI 5.01% -> Dịch SL trên sàn về entry + 1% ROI ($0.0008295) [Mức: Hòa vốn] 
2026-07-20 04:01:15: [PP369] [AutoTrade] Đã hủy SL cũ của TURBO (orderId=1000002462682752) 
2026-07-20 04:01:15: [PP369] [AutoTrade] ✓ Đã dịch SL mới cho TURBO @ $0.0008295 (orderId=1000002462683979) 
2026-07-20 04:05:58: [PP369] [AutoTrade] Lệnh LIMIT của TAC đã treo quá 15 phút (15.1 phút) -> Tiến hành hủy... 
2026-07-20 04:05:58: [PP369] [AutoTrade] ✓ Đã hủy thành công lệnh LIMIT treo của TAC 
2026-07-20 04:06:12: [PP369] [AutoTrade] Trailing SL: WAL đạt ROI 5.78% -> Dịch SL trên sàn về entry + 1% ROI ($0.02882) [Mức: Hòa vốn] 
2026-07-20 04:06:12: [PP369] [AutoTrade] Đã hủy SL cũ của WAL (orderId=1000002462677363) 
2026-07-20 04:06:12: [PP369] [AutoTrade] ✓ Đã dịch SL mới cho WAL @ $0.0288200 (orderId=1000002462686924) 
2026-07-20 04:17:59: [PP369] [AutoTrade] LUMIA → LONG (Score: +6.199999999999999đ) tại $0.0725 
2026-07-20 04:17:59: [PP369] [AutoTrade] Set leverage LUMIAUSDT = 10x (Lưới: 3.86% → tính được 12x, giới hạn: 10x | Ký quỹ mục tiêu: $10) 
2026-07-20 04:17:59: [PP369] [AutoTrade] ✓ LUMIA BUY 1379.3 @ $0.0725 orderId=1231591864 status=NEW 
2026-07-20 04:18:51: [PP369] [AutoTrade] ✓ Đặt TP LUMIA @ $0.0732200 (đối ứng SELL) orderId=1000002462695204 
2026-07-20 04:18:51: [PP369] [AutoTrade] ✓ Đặt SL LUMIA @ $0.0719200 (đối ứng SELL) orderId=1000002462695207 
2026-07-20 04:21:39: [PP369] [Binance] Đã đồng bộ giờ: offset = 81284ms (Giờ server: 2026-07-19T21:23:00.630Z) 
2026-07-20 04:28:29: [PP369] [AutoTrade] HYPER → LONG (Score: +3đ) tại $0.0642 
2026-07-20 04:28:29: [PP369] [AutoTrade] HYPER LONG không đạt Tiêu chí 2 (Biến động H1/M15 an toàn) — bỏ qua 
2026-07-20 04:33:45: [PP369] [AutoTrade] Trailing SL: LUMIA đạt ROI 5.52% -> Dịch SL trên sàn về entry + 1% ROI ($0.07257) [Mức: Hòa vốn] 
2026-07-20 04:33:45: [PP369] [AutoTrade] Đã hủy SL cũ của LUMIA (orderId=1000002462695207) 
2026-07-20 04:33:45: [PP369] [AutoTrade] ✓ Đã dịch SL mới cho LUMIA @ $0.0725700 (orderId=1000002462705035) 
2026-07-20 04:51:39: [PP369] [Binance] Đã đồng bộ giờ: offset = 81459ms (Giờ server: 2026-07-19T21:53:00.765Z) 
2026-07-20 04:51:40: [PP369] [AutoTrade] [CoinRefresh] Tái kiểm tra danh sách: 465 → 464 coin hợp lệ theo giá hiện tại. 
2026-07-20 05:18:59: [PP369] [AutoTrade] HYPER → SHORT (Score: +3.8đ) tại $0.0667 
2026-07-20 05:18:59: [PP369] [AutoTrade] HYPER SHORT không đạt Tiêu chí 2 (Biến động H1/M15 an toàn) — bỏ qua 
2026-07-20 05:19:29: [PP369] [AutoTrade] HYPER → SHORT (Score: +3.8đ) tại $0.0667 
2026-07-20 05:19:29: [PP369] [AutoTrade] HYPER SHORT không đạt Tiêu chí 2 (Biến động H1/M15 an toàn) — bỏ qua 
2026-07-20 05:21:39: [PP369] [Binance] Đã đồng bộ giờ: offset = 81632ms (Giờ server: 2026-07-19T22:23:00.938Z) 
2026-07-20 05:51:39: [PP369] [Binance] Đã đồng bộ giờ: offset = 81810ms (Giờ server: 2026-07-19T22:53:01.114Z) 
2026-07-20 06:07:29: [PP369] [AutoTrade] C → LONG (Score: +6đ) tại $0.06223 
2026-07-20 06:07:29: [PP369] [AutoTrade] Set leverage CUSDT = 13x (Lưới: 3.63% → tính được 13x, giới hạn: 50x | Ký quỹ mục tiêu: $10) 
2026-07-20 06:07:30: [PP369] [AutoTrade] ✓ C BUY 2089 @ $0.06223 orderId=1532833701 status=NEW 
2026-07-20 06:21:39: [PP369] [Binance] Đã đồng bộ giờ: offset = 81985ms (Giờ server: 2026-07-19T23:23:01.289Z) 
2026-07-20 06:23:58: [PP369] [AutoTrade] Lệnh LIMIT của C đã treo quá 15 phút (15.1 phút) -> Tiến hành hủy... 
2026-07-20 06:23:58: [PP369] [AutoTrade] ✓ Đã hủy thành công lệnh LIMIT treo của C 
2026-07-20 06:26:29: [PP369] [AutoTrade] C → LONG (Score: +6đ) tại $0.06223 
2026-07-20 06:26:29: [PP369] [AutoTrade] Set leverage CUSDT = 13x (Lưới: 3.63% → tính được 13x, giới hạn: 50x | Ký quỹ mục tiêu: $10) 
2026-07-20 06:26:29: [PP369] [AutoTrade] ✓ C BUY 2089 @ $0.06223 orderId=1532836947 status=NEW 
2026-07-20 06:42:58: [PP369] [AutoTrade] Lệnh LIMIT của C đã treo quá 15 phút (15.1 phút) -> Tiến hành hủy... 
2026-07-20 06:42:58: [PP369] [AutoTrade] ✓ Đã hủy thành công lệnh LIMIT treo của C 
2026-07-20 06:42:59: [PP369] [AutoTrade] C → LONG (Score: +6đ) tại $0.06223 
2026-07-20 06:42:59: [PP369] [AutoTrade] Set leverage CUSDT = 13x (Lưới: 3.63% → tính được 13x, giới hạn: 50x | Ký quỹ mục tiêu: $10) 
2026-07-20 06:42:59: [PP369] [AutoTrade] ✓ C BUY 2089 @ $0.06223 orderId=1532843095 status=NEW 
2026-07-20 06:48:37: [PP369] [AutoTrade] ✓ Đặt TP C @ $0.0627100 (đối ứng SELL) orderId=1000002462841355 
2026-07-20 06:48:37: [PP369] [AutoTrade] ✓ Đặt SL C @ $0.0618500 (đối ứng SELL) orderId=1000002462841356 
2026-07-20 06:51:39: [PP369] [Binance] Đã đồng bộ giờ: offset = 82160ms (Giờ server: 2026-07-19T23:53:01.466Z) 
2026-07-20 06:55:59: [PP369] [AutoTrade] SAFE → SHORT (Score: +6.5đ) tại $0.0808 
2026-07-20 06:55:59: [PP369] [AutoTrade] Set leverage SAFEUSDT = 14x (Lưới: 3.46% → tính được 14x, giới hạn: 50x | Ký quỹ mục tiêu: $10) 
2026-07-20 06:55:59: [PP369] [AutoTrade] ✓ SAFE SELL 1732 @ $0.0808 orderId=1004380104 status=NEW 
2026-07-20 06:56:19: [PP369] [AutoTrade] ✓ Đặt TP SAFE @ $0.0802000 (đối ứng BUY) orderId=1000002462848114 
2026-07-20 06:56:19: [PP369] [AutoTrade] ✓ Đặt SL SAFE @ $0.0814000 (đối ứng BUY) orderId=1000002462848115 
2026-07-20 07:01:29: [PP369] [AutoTrade] GUA → LONG (Score: +5.4đ) tại $0.05274 
2026-07-20 07:01:29: [PP369] [AutoTrade] GUA LONG có Score = 5.4đ < 6đ — bỏ qua 
2026-07-20 07:02:29: [PP369] [AutoTrade] GUA → LONG (Score: +5.4đ) tại $0.05274 
2026-07-20 07:02:29: [PP369] [AutoTrade] GUA LONG có Score = 5.4đ < 6đ — bỏ qua 
2026-07-20 07:03:55: [PP369] [AutoTrade] Trailing SL: C đạt ROI 5.01% -> Dịch SL trên sàn về entry + 1% ROI ($0.06228) [Mức: Hòa vốn] 
2026-07-20 07:03:55: [PP369] [AutoTrade] Đã hủy SL cũ của C (orderId=1000002462841356) 
2026-07-20 07:03:55: [PP369] [AutoTrade] ✓ Đã dịch SL mới cho C @ $0.0622800 (orderId=1000002462859777) 
2026-07-20 07:21:39: [PP369] [Binance] Đã đồng bộ giờ: offset = 82335ms (Giờ server: 2026-07-20T00:23:01.642Z) 
2026-07-20 07:51:39: [PP369] [Binance] Đã đồng bộ giờ: offset = 82510ms (Giờ server: 2026-07-20T00:53:01.821Z) 
2026-07-20 08:21:39: [PP369] [Binance] Đã đồng bộ giờ: offset = 82685ms (Giờ server: 2026-07-20T01:23:01.992Z) 
2026-07-20 08:51:39: [PP369] [Binance] Đã đồng bộ giờ: offset = 82861ms (Giờ server: 2026-07-20T01:53:02.167Z) 
2026-07-20 08:51:40: [PP369] [AutoTrade] [CoinRefresh] Tái kiểm tra danh sách: 464 → 464 coin hợp lệ theo giá hiện tại. 
2026-07-20 09:16:59: [PP369] [AutoTrade] HOLO → LONG (Score: +5.1đ) tại $0.05969 
2026-07-20 09:16:59: [PP369] [AutoTrade] HOLO LONG có Score = 5.1đ < 6đ — bỏ qua 
2026-07-20 09:17:29: [PP369] [AutoTrade] HOLO → LONG (Score: +5.1đ) tại $0.05969 
2026-07-20 09:17:29: [PP369] [AutoTrade] HOLO LONG có Score = 5.1đ < 6đ — bỏ qua 
2026-07-20 09:21:39: [PP369] [Binance] Đã đồng bộ giờ: offset = 83025ms (Giờ server: 2026-07-20T02:23:02.356Z) 
2026-07-20 09:40:11: ◇ injected env (8) from .env // tip: ⌘ multiple files { path: ['.env.local', '.env'] }
2026-07-20 09:40:12: [PP369] [369] initH4Cache: Tất cả 779 coin đã có nến H4 đầu năm. 
2026-07-20 09:40:12: [PP369] [Binance] Đã đồng bộ giờ: offset = 83131ms (Giờ server: 2026-07-20T02:41:35.438Z) 
2026-07-20 09:40:12: [AutoTrade] Bỏ qua 142 coin có grid ngoài khoảng 3–30% (theo giá hiện tại): SOL(39.1%), ETC(43.6%), LINK(35.5%), BAT(38.7%), QTUM(42.1%), DOT(37.0%), AVAX(45.5%), AAVE(33.6%), FIL(41.6%), BEL(3.0%), COTI(40.8%), ALICE(2.5%), NKN(2.6%), DGB(1.6%), ATA(1.8%), DYDX(2.5%), KLAY(2.4%), APE(2.1%), DAR(2.1%), OP(31.6%), STG(2.2%), SPELL(35.5%), APT(50.6%), FET(1.9%), CKB(33.4%), AMB(2.5%), RDNT(2.9%), HFT(33.7%), SUI(39.9%), MAV(34.4%), ARKM(2.8%), DODOX(1.5%), RIF(2.3%), SUPER(35.7%), 1000SATS(315.8%), ACE(31.0%), JUP(1.5%), GLM(30.7%), PORTAL(2.8%), MYRO(3.0%), W(33.2%), IO(2.1%), ZK(31.7%), ZRO(38.9%), SYN(1.4%), SYS(1.7%), SUN(1.6%), DOGS(81.9%), BSW(2.5%), QUICK(2.3%), NEIRO(50.5%), FIO(2.5%), GHST(1.8%), LOKA(2.6%), COS(2.5%), SANTOS(59.0%), ACT(36.5%), HIPPO(2.9%), DEGEN(2.9%), 1000WHY(197.4%), THE(56.8%), VELODROME(1.6%), MOCA(34.7%), USUAL(34.9%), DEXE(0.9%), DF(2.6%), COOKIE(35.4%), D(2.2%), AVAAI(2.7%), PIPPIN(179.5%), VVV(2.6%), TST(2.7%), HEI(2.9%), RED(30.4%), MUBARAK(2.6%), TUT(2.3%), BROCCOLI714(2.5%), BR(1.9%), PLUME(2.9%), FUN(1.7%), BABY(2.4%), PUMP(1.5%), BANK(1.3%), SIGN(35.6%), PUNDIX(37.4%), SXT(41.8%), ASR(34.6%), MILK(3.0%), OG(116.2%), AGT(2.0%), B(1.3%), MERL(172.8%), PUMPBTC(31.9%), MYX(396.5%), DMC(2.3%), OL(1.7%), SAHARA(33.8%), BULLA(34.3%), TANSSI(2.4%), VELVET(0.6%), ZORA(47.7%), TAG(2.5%), ESPORTS(122.9%), A2Z(2.1%), YALA(1.8%), AIO(2.7%), LA(60.3%), SOMI(30.8%), BAS(1.1%), Q(1.5%), PTB(52.7%), PORT3(2.5%), 1000000BOB(2.0%), AVNT(33.4%), TRADOOR(61.4%), HANA(0.8%), AKE(1.8%), LIGHT(254.9%), XAN(2.5%), TRUTH(2.4%), YB(32.4%), EUL(31.6%), LAB(2.0%), RIVER(93.4%), 币安人生(0.4%), BLUAI(2.6%), APR(1.4%), ON(2.7%), KITE(2.7%), AT(2.1%), CC(2.3%), UAI(0.9%), STABLE(0.8%), JCT(0.7%), ALLO(0.7%), BOB(2.8%), POWER(38.1%), US(0.6%), BREV(40.9%), MAGMA(1.0%), OPEN(1.9%), RLS(2.8%)
2026-07-20 09:40:13: [PP369] [Binance] Đang lấy leverage brackets cho 465 coin... 
2026-07-20 09:40:13: [PP369] [Binance] Đã lưu leverage cho 465 coin vào step_sizes.json 
2026-07-20 09:40:13: [PP369] [AutoTrade] Khởi động: 465 coin | margin=$10 | 10x | type=LIMIT 
2026-07-20 09:40:13: [PP369] [Binance] Loaded step and tick sizes from existing file: 827 symbols 
2026-07-20 09:40:13: [PP369] [AutoTrade] Đã nạp leverageInfo cho 465 coin từ cache. 
2026-07-20 09:40:13: [PP369] [PP369Stream] Kết nối WebSocket thành công (market/stream) 
2026-07-20 09:40:17: [PP369] [AutoTrade] Bắt đầu scan... 
2026-07-20 09:43:32: [PP369] [AutoTrade] KAITO → SHORT (Score: +4.3đ) tại $0.9862 
2026-07-20 09:43:32: [PP369] [AutoTrade] KAITO SHORT không đạt Tiêu chí 2 (Biến động H1/M15 an toàn) — bỏ qua 
2026-07-20 09:44:01: [PP369] [AutoTrade] KAITO → SHORT (Score: +4.3đ) tại $0.9862 
2026-07-20 09:44:01: [PP369] [AutoTrade] KAITO SHORT không đạt Tiêu chí 2 (Biến động H1/M15 an toàn) — bỏ qua 
2026-07-20 09:50:01: [PP369] [AutoTrade] LAYER → LONG (Score: +7đ) tại $0.0631 
2026-07-20 09:50:01: [PP369] [AutoTrade] Set leverage LAYERUSDT = 11x (Lưới: 4.44% → tính được 11x, giới hạn: 50x | Ký quỹ mục tiêu: $15) 
2026-07-20 09:50:02: [PP369] [AutoTrade] ✓ LAYER BUY 2614.8 @ $0.0631 orderId=2949488094 status=NEW 
2026-07-20 09:57:01: [PP369] [AutoTrade] JELLYJELLY → LONG (Score: +6.5đ) tại $0.05588 
2026-07-20 09:57:01: [PP369] [AutoTrade] Set leverage JELLYJELLYUSDT = 10x (Lưới: 4.65% → tính được 10x, giới hạn: 25x | Ký quỹ mục tiêu: $10) 
2026-07-20 09:57:01: [PP369] [AutoTrade] ✓ JELLYJELLY BUY 1789 @ $0.05588 orderId=2195770961 status=NEW 
2026-07-20 10:01:01: [PP369] [AutoTrade] LUMIA → SHORT (Score: +6.6đ) tại $0.0753 
2026-07-20 10:01:01: [PP369] [AutoTrade] Set leverage LUMIAUSDT = 10x (Lưới: 3.86% → tính được 12x, giới hạn: 10x | Ký quỹ mục tiêu: $10) 
2026-07-20 10:01:01: [PP369] [AutoTrade] ✓ LUMIA SELL 1328 @ $0.0753 orderId=1232295909 status=NEW 
2026-07-20 10:02:31: [PP369] [AutoTrade] AIOT → SHORT (Score: +7.2đ) tại $0.0463 
2026-07-20 10:02:31: [PP369] [AutoTrade] Set leverage AIOTUSDT = 7x (Lưới: 6.68% → tính được 7x, giới hạn: 20x | Ký quỹ mục tiêu: $15) 
2026-07-20 10:02:31: [PP369] [AutoTrade] ✓ AIOT SELL 2267 @ $0.0463 orderId=1609869855 status=NEW 
2026-07-20 10:05:56: [PP369] [AutoTrade] ✓ Đặt TP LUMIA @ $0.0745500 (đối ứng BUY) orderId=1000002463097110 
2026-07-20 10:05:57: [PP369] [AutoTrade] ✓ Đặt SL LUMIA @ $0.0760500 (đối ứng BUY) orderId=1000002463097111 
2026-07-20 10:06:29: [PP369] [AutoTrade] Lệnh LIMIT của LAYER đã treo quá 15 phút (15.1 phút) -> Tiến hành hủy... 
2026-07-20 10:06:29: [PP369] [AutoTrade] ✓ Đã hủy thành công lệnh LIMIT treo của LAYER 
2026-07-20 10:08:02: [PP369] [AutoTrade] ✓ Đặt TP AIOT @ $0.0449800 (đối ứng BUY) orderId=1000002463098888 
2026-07-20 10:08:03: [PP369] [AutoTrade] ✓ Đặt SL AIOT @ $0.0471600 (đối ứng BUY) orderId=1000002463098889 
2026-07-20 10:10:12: [PP369] [Binance] Đã đồng bộ giờ: offset = 83319ms (Giờ server: 2026-07-20T03:11:35.481Z) 
2026-07-20 10:12:00: [PP369] [AutoTrade] 1000XEC → SHORT (Score: +4.6đ) tại $0.00808 
2026-07-20 10:12:00: [PP369] [AutoTrade] 1000XEC SHORT có Score = 4.6đ < 6đ — bỏ qua 
2026-07-20 10:12:30: [PP369] [AutoTrade] 1000XEC → SHORT (Score: +4.6đ) tại $0.00808 
2026-07-20 10:12:30: [PP369] [AutoTrade] 1000XEC SHORT có Score = 4.6đ < 6đ — bỏ qua 
2026-07-20 10:13:29: [PP369] [AutoTrade] Lệnh LIMIT của JELLYJELLY đã treo quá 15 phút (15.1 phút) -> Tiến hành hủy... 
2026-07-20 10:13:29: [PP369] [AutoTrade] ✓ Đã hủy thành công lệnh LIMIT treo của JELLYJELLY 
2026-07-20 10:20:30: [PP369] [AutoTrade] LAYER → LONG (Score: +6.5đ) tại $0.0631 
2026-07-20 10:20:31: [PP369] [AutoTrade] Set leverage LAYERUSDT = 11x (Lưới: 4.44% → tính được 11x, giới hạn: 50x | Ký quỹ mục tiêu: $10) 
2026-07-20 10:20:31: [PP369] [AutoTrade] ✓ LAYER BUY 1743.2 @ $0.0631 orderId=2949507808 status=NEW 
2026-07-20 10:24:57: [PP369] [AutoTrade] ✓ Đặt TP LAYER @ $0.063670 (đối ứng SELL) orderId=1000002463115307 
2026-07-20 10:24:57: [PP369] [AutoTrade] ✓ Đặt SL LAYER @ $0.062640 (đối ứng SELL) orderId=1000002463115310 
2026-07-20 10:26:27: [PP369] [AutoTrade] Trailing SL: AIOT đạt ROI 11.04% -> Dịch SL trên sàn về entry + 1% ROI ($0.04623) [Mức: Hòa vốn] 
2026-07-20 10:26:27: [PP369] [AutoTrade] Đã hủy SL cũ của AIOT (orderId=1000002463098889) 
2026-07-20 10:26:27: [PP369] [AutoTrade] ✓ Đã dịch SL mới cho AIOT @ $0.0462300 (orderId=1000002463116828) 
2026-07-20 10:36:01: [PP369] [AutoTrade] UB → SHORT (Score: +5.3đ) tại $0.08936 
2026-07-20 10:36:01: [PP369] [AutoTrade] UB SHORT có Score = 5.3đ < 6đ — bỏ qua 
2026-07-20 10:40:12: [PP369] [Binance] Đã đồng bộ giờ: offset = 83493ms (Giờ server: 2026-07-20T03:41:35.708Z) 
2026-07-20 11:06:31: [PP369] [AutoTrade] LUMIA → LONG (Score: +6.5đ) tại $0.0725 
2026-07-20 11:06:31: [PP369] [AutoTrade] Set leverage LUMIAUSDT = 10x (Lưới: 3.86% → tính được 12x, giới hạn: 10x | Ký quỹ mục tiêu: $10) 
2026-07-20 11:06:31: [PP369] [AutoTrade] ✓ LUMIA BUY 1379.3 @ $0.0725 orderId=1232536257 status=NEW 
2026-07-20 11:06:39: [PP369] [AutoTrade] ✓ Đặt TP LUMIA @ $0.0732200 (đối ứng SELL) orderId=1000002463156641 
2026-07-20 11:06:39: [PP369] [AutoTrade] ✓ Đặt SL LUMIA @ $0.0719200 (đối ứng SELL) orderId=1000002463156642 
2026-07-20 11:07:31: [PP369] [AutoTrade] HYPER → LONG (Score: +6.5đ) tại $0.0642 
2026-07-20 11:07:31: [PP369] [AutoTrade] Set leverage HYPERUSDT = 12x (Lưới: 3.89% → tính được 12x, giới hạn: 50x | Ký quỹ mục tiêu: $10) 
2026-07-20 11:07:31: [PP369] [AutoTrade] ✓ HYPER BUY 1869 @ $0.0642 orderId=1397367500 status=NEW 
2026-07-20 11:10:12: [PP369] [Binance] Đã đồng bộ giờ: offset = 83671ms (Giờ server: 2026-07-20T04:11:35.852Z) 
2026-07-20 11:13:21: [PP369] [AutoTrade] ✓ Đặt TP HYPER @ $0.0647300 (đối ứng SELL) orderId=1000002463162629 
2026-07-20 11:13:21: [PP369] [AutoTrade] ✓ Đặt SL HYPER @ $0.0637700 (đối ứng SELL) orderId=1000002463162631 
2026-07-20 11:13:27: [PP369] [AutoTrade] Trailing SL: LUMIA đạt ROI 5.61% -> Dịch SL trên sàn về entry + 1% ROI ($0.07257) [Mức: Hòa vốn] 
2026-07-20 11:13:27: [PP369] [AutoTrade] Đã hủy SL cũ của LUMIA (orderId=1000002463156642) 
2026-07-20 11:13:27: [PP369] [AutoTrade] ✓ Đã dịch SL mới cho LUMIA @ $0.0725700 (orderId=1000002463162700) 
2026-07-20 11:22:31: [PP369] [AutoTrade] SWARMS → SHORT (Score: +6.8đ) tại $0.00678 
2026-07-20 11:22:31: [PP369] [AutoTrade] Set leverage SWARMSUSDT = 10x (Lưới: 4.63% → tính được 10x, giới hạn: 20x | Ký quỹ mục tiêu: $10) 
2026-07-20 11:22:32: [PP369] [AutoTrade] ✓ SWARMS SELL 14749 @ $0.00678 orderId=2269871892 status=NEW 
2026-07-20 11:22:33: [PP369] [AutoTrade] ✓ Đặt TP SWARMS @ $0.0067190 (đối ứng BUY) orderId=1000002463171737 
2026-07-20 11:22:33: [PP369] [AutoTrade] ✓ Đặt SL SWARMS @ $0.0068550 (đối ứng BUY) orderId=1000002463171738 
2026-07-20 11:24:12: [PP369] [AutoTrade] Trailing SL: HYPER đạt ROI 5.06% -> Dịch SL trên sàn về entry + 1% ROI ($0.06425) [Mức: Hòa vốn] 
2026-07-20 11:24:12: [PP369] [AutoTrade] Đã hủy SL cũ của HYPER (orderId=1000002463162631) 
2026-07-20 11:24:12: [PP369] [AutoTrade] ✓ Đã dịch SL mới cho HYPER @ $0.0642500 (orderId=1000002463173320) 
2026-07-20 11:38:01: [PP369] [AutoTrade] ATH → SHORT (Score: +5.5đ) tại $0.00498 
2026-07-20 11:38:01: [PP369] [AutoTrade] ATH SHORT có Score = 5.5đ < 6đ — bỏ qua 
2026-07-20 11:38:30: [PP369] [AutoTrade] ATH → SHORT (Score: +5.5đ) tại $0.00498 
2026-07-20 11:38:30: [PP369] [AutoTrade] ATH SHORT có Score = 5.5đ < 6đ — bỏ qua 
2026-07-20 11:40:12: [PP369] [Binance] Đã đồng bộ giờ: offset = 83846ms (Giờ server: 2026-07-20T04:41:36.009Z) 
2026-07-20 11:43:30: [PP369] [AutoTrade] KAITO → LONG (Score: +7.1đ) tại $0.9563 
2026-07-20 11:43:30: [PP369] [AutoTrade] Set leverage KAITOUSDT = 15x (Lưới: 3.13% → tính được 15x, giới hạn: 75x | Ký quỹ mục tiêu: $15) 
2026-07-20 11:43:31: [PP369] [AutoTrade] ✓ KAITO BUY 235.2 @ $0.9563 orderId=4640829913 status=NEW 
2026-07-20 11:49:31: [PP369] [AutoTrade] FLOW → LONG (Score: +5.5đ) tại $0.025 
2026-07-20 11:49:31: [PP369] [AutoTrade] FLOW LONG có Score = 5.5đ < 6đ — bỏ qua 
2026-07-20 11:50:06: [PP369] [AutoTrade] [ReturnCancel] KAITO LONG: entry=$0.9563, max=$0.963700 (+0.77%), current=$0.956900 (về 0.06% trên entry) → Hủy LIMIT stale 
2026-07-20 11:50:06: [PP369] [AutoTrade] ✓ Đặt TP KAITO @ $0.969100 (đối ứng SELL) orderId=1000002463200757 
2026-07-20 11:50:06: [PP369] [AutoTrade] ✓ Đặt SL KAITO @ $0.948000 (đối ứng SELL) orderId=1000002463200759 
2026-07-20 12:01:30: [PP369] [AutoTrade] FLOW → LONG (Score: +5đ) tại $0.025 
2026-07-20 12:01:30: [PP369] [AutoTrade] FLOW LONG có Score = 5đ < 6đ — bỏ qua 
2026-07-20 12:02:01: [PP369] [AutoTrade] FLOW → LONG (Score: +5đ) tại $0.025 
2026-07-20 12:02:01: [PP369] [AutoTrade] FLOW LONG có Score = 5đ < 6đ — bỏ qua 
2026-07-20 12:02:02: [PP369] [AutoTrade] MEME → LONG (Score: +4.9đ) tại $0.00052 
2026-07-20 12:02:02: [PP369] [AutoTrade] MEME LONG có Score = 4.9đ < 6đ — bỏ qua 
2026-07-20 12:02:30: [PP369] [AutoTrade] FLOW → LONG (Score: +5đ) tại $0.025 
2026-07-20 12:02:30: [PP369] [AutoTrade] FLOW LONG có Score = 5đ < 6đ — bỏ qua 
2026-07-20 12:02:31: [PP369] [AutoTrade] MEME → LONG (Score: +4.9đ) tại $0.00052 
2026-07-20 12:02:31: [PP369] [AutoTrade] MEME LONG có Score = 4.9đ < 6đ — bỏ qua 
2026-07-20 12:03:00: [PP369] [AutoTrade] FLOW → LONG (Score: +5đ) tại $0.025 
2026-07-20 12:03:00: [PP369] [AutoTrade] FLOW LONG có Score = 5đ < 6đ — bỏ qua 
2026-07-20 12:03:30: [PP369] [AutoTrade] FLOW → LONG (Score: +5đ) tại $0.025 
2026-07-20 12:03:30: [PP369] [AutoTrade] FLOW LONG có Score = 5đ < 6đ — bỏ qua 
2026-07-20 12:04:00: [PP369] [AutoTrade] FLOW → LONG (Score: +5đ) tại $0.025 
2026-07-20 12:04:00: [PP369] [AutoTrade] FLOW LONG có Score = 5đ < 6đ — bỏ qua 
2026-07-20 12:04:30: [PP369] [AutoTrade] FLOW → LONG (Score: +5đ) tại $0.025 
2026-07-20 12:04:30: [PP369] [AutoTrade] FLOW LONG có Score = 5đ < 6đ — bỏ qua 
2026-07-20 12:08:00: [PP369] [AutoTrade] FLOW → LONG (Score: +5đ) tại $0.025 
2026-07-20 12:08:00: [PP369] [AutoTrade] FLOW LONG có Score = 5đ < 6đ — bỏ qua 
2026-07-20 12:08:02: [PP369] [AutoTrade] SCR → LONG (Score: +6đ) tại $0.02221 
2026-07-20 12:08:02: [PP369] [AutoTrade] SCR LONG Score = 6đ + H4 ngược xu hướng — bỏ qua (counter-trend < 6.5đ) 
2026-07-20 12:08:30: [PP369] [AutoTrade] FLOW → LONG (Score: +5đ) tại $0.025 
2026-07-20 12:08:30: [PP369] [AutoTrade] FLOW LONG có Score = 5đ < 6đ — bỏ qua 
2026-07-20 12:08:31: [PP369] [AutoTrade] MEME → LONG (Score: +4.9đ) tại $0.00052 
2026-07-20 12:08:31: [PP369] [AutoTrade] MEME LONG có Score = 4.9đ < 6đ — bỏ qua 
2026-07-20 12:08:32: [PP369] [AutoTrade] SCR → LONG (Score: +6đ) tại $0.02221 
2026-07-20 12:08:32: [PP369] [AutoTrade] SCR LONG Score = 6đ + H4 ngược xu hướng — bỏ qua (counter-trend < 6.5đ) 
2026-07-20 12:09:00: [PP369] [AutoTrade] FLOW → LONG (Score: +5đ) tại $0.025 
2026-07-20 12:09:00: [PP369] [AutoTrade] FLOW LONG có Score = 5đ < 6đ — bỏ qua 
2026-07-20 12:09:01: [PP369] [AutoTrade] SCR → LONG (Score: +6đ) tại $0.02221 
2026-07-20 12:09:01: [PP369] [AutoTrade] SCR LONG Score = 6đ + H4 ngược xu hướng — bỏ qua (counter-trend < 6.5đ) 
2026-07-20 12:09:02: [PP369] [AutoTrade] SAPIEN → LONG (Score: +5đ) tại $0.07447 
2026-07-20 12:09:02: [PP369] [AutoTrade] SAPIEN LONG có Score = 5đ < 6đ — bỏ qua 
2026-07-20 12:09:30: [PP369] [AutoTrade] FLOW → LONG (Score: +5đ) tại $0.025 
2026-07-20 12:09:30: [PP369] [AutoTrade] FLOW LONG có Score = 5đ < 6đ — bỏ qua 
2026-07-20 12:09:31: [PP369] [AutoTrade] T → LONG (Score: +7.9đ) tại $0.00375 
2026-07-20 12:09:32: [PP369] [AutoTrade] Set leverage TUSDT = 7x (Lưới: 6.67% → tính được 7x, giới hạn: 50x | Ký quỹ mục tiêu: $15) 
2026-07-20 12:09:32: [PP369] [AutoTrade] ✓ T BUY 28000 @ $0.00375 orderId=2315099289 status=NEW 
2026-07-20 12:09:33: [PP369] [AutoTrade] SCR → LONG (Score: +6đ) tại $0.02221 
2026-07-20 12:09:33: [PP369] [AutoTrade] SCR LONG Score = 6đ + H4 ngược xu hướng — bỏ qua (counter-trend < 6.5đ) 
2026-07-20 12:09:33: [PP369] [AutoTrade] KAITO → LONG (Score: +5.8đ) tại $0.9263 
2026-07-20 12:09:33: [PP369] [AutoTrade] KAITO LONG không đạt Tiêu chí 2 (Biến động H1/M15 an toàn) — bỏ qua 
2026-07-20 12:09:34: [PP369] [AutoTrade] SAPIEN → LONG (Score: +5đ) tại $0.07447 
2026-07-20 12:09:34: [PP369] [AutoTrade] SAPIEN LONG có Score = 5đ < 6đ — bỏ qua 
2026-07-20 12:09:46: [PP369] [AutoTrade] ✓ Đặt TP T @ $0.0038040 (đối ứng SELL) orderId=1000002463223225 
2026-07-20 12:09:46: [PP369] [AutoTrade] ✓ Đặt SL T @ $0.0037070 (đối ứng SELL) orderId=1000002463223236 
2026-07-20 12:10:00: [PP369] [AutoTrade] FLOW → LONG (Score: +5đ) tại $0.025 
2026-07-20 12:10:00: [PP369] [AutoTrade] FLOW LONG có Score = 5đ < 6đ — bỏ qua 
2026-07-20 12:10:04: [PP369] [AutoTrade] SAPIEN → LONG (Score: +5đ) tại $0.07447 
2026-07-20 12:10:04: [PP369] [AutoTrade] SAPIEN LONG có Score = 5đ < 6đ — bỏ qua 
2026-07-20 12:10:12: [PP369] [Binance] Đã đồng bộ giờ: offset = 84021ms (Giờ server: 2026-07-20T05:11:36.186Z) 
2026-07-20 12:10:30: [PP369] [AutoTrade] FLOW → LONG (Score: +5đ) tại $0.025 
2026-07-20 12:10:30: [PP369] [AutoTrade] FLOW LONG có Score = 5đ < 6đ — bỏ qua 
2026-07-20 12:10:31: [PP369] [AutoTrade] SAPIEN → LONG (Score: +5đ) tại $0.07447 
2026-07-20 12:10:31: [PP369] [AutoTrade] SAPIEN LONG có Score = 5đ < 6đ — bỏ qua 
2026-07-20 12:11:01: [PP369] [AutoTrade] ONT → LONG (Score: +6.4đ) tại $0.0416 
2026-07-20 12:11:01: [PP369] [AutoTrade] ONT LONG Score = 6.4đ + H4 ngược xu hướng — bỏ qua (counter-trend < 6.5đ) 
2026-07-20 12:11:02: [PP369] [AutoTrade] ZEN → LONG (Score: +6.5đ) tại $4.1 
2026-07-20 12:11:03: [PP369] [AutoTrade] Set leverage ZENUSDT = 7x (Lưới: 6.49% → tính được 7x, giới hạn: 75x | Ký quỹ mục tiêu: $10) 
2026-07-20 12:11:03: [PP369] [AutoTrade] ✓ ZEN BUY 17 @ $4.1 orderId=8860020824 status=NEW 
2026-07-20 12:11:05: [PP369] [AutoTrade] EDU → LONG (Score: +6.5đ) tại $0.0285 
2026-07-20 12:11:05: [PP369] [AutoTrade] Set leverage EDUUSDT = 5x (Lưới: 8.77% → tính được 5x, giới hạn: 50x | Ký quỹ mục tiêu: $10) 
2026-07-20 12:11:05: [PP369] [AutoTrade] ✓ EDU BUY 1754 @ $0.0285 orderId=3466175522 status=NEW 
2026-07-20 12:11:07: [PP369] [AutoTrade] ✓ Đặt TP ZEN @ $4.159 (đối ứng SELL) orderId=1000002463226081 
2026-07-20 12:11:07: [PP369] [AutoTrade] ✓ Đặt SL ZEN @ $4.053 (đối ứng SELL) orderId=1000002463226086 
2026-07-20 12:11:11: [PP369] [AutoTrade] ENSO → LONG (Score: +7đ) tại $0.6927 
2026-07-20 12:11:11: [PP369] [AutoTrade] Set leverage ENSOUSDT = 15x (Lưới: 3.18% → tính được 15x, giới hạn: 50x | Ký quỹ mục tiêu: $15) 
2026-07-20 12:11:11: [PP369] [AutoTrade] ✓ ENSO BUY 324.8 @ $0.6927 orderId=1876641247 status=NEW 
2026-07-20 12:11:30: [PP369] [AutoTrade] ONT → LONG (Score: +6.4đ) tại $0.0416 
2026-07-20 12:11:30: [PP369] [AutoTrade] ONT LONG Score = 6.4đ + H4 ngược xu hướng — bỏ qua (counter-trend < 6.5đ) 
2026-07-20 12:11:38: [PP369] [AutoTrade] STEEM → LONG (Score: +7đ) tại $0.03847 
2026-07-20 12:11:39: [PP369] [AutoTrade] Set leverage STEEMUSDT = 6x (Lưới: 7.25% → tính được 6x, giới hạn: 50x | Ký quỹ mục tiêu: $15) 
2026-07-20 12:11:39: [PP369] [AutoTrade] ✓ STEEM BUY 2339 @ $0.03847 orderId=2277411318 status=NEW 
2026-07-20 12:11:43: [PP369] [AutoTrade] ✓ Đặt TP EDU @ $0.0290700 (đối ứng SELL) orderId=1000002463227312 
2026-07-20 12:11:43: [PP369] [AutoTrade] ✓ Đặt SL EDU @ $0.0280400 (đối ứng SELL) orderId=1000002463227327 
2026-07-20 12:11:46: [PP369] [AutoTrade] ✓ Đặt TP STEEM @ $0.039110 (đối ứng SELL) orderId=1000002463227652 
2026-07-20 12:11:46: [PP369] [AutoTrade] ✓ Đặt SL STEEM @ $0.037960 (đối ứng SELL) orderId=1000002463227656 
2026-07-20 12:12:01: [PP369] [AutoTrade] RLC → LONG (Score: +6.5đ) tại $0.2747 
2026-07-20 12:12:01: [PP369] [AutoTrade] Set leverage RLCUSDT = 5x (Lưới: 9.90% → tính được 5x, giới hạn: 50x | Ký quỹ mục tiêu: $10) 
2026-07-20 12:12:01: [PP369] [AutoTrade] ✓ RLC BUY 182 @ $0.2747 orderId=8282322362 status=NEW 
2026-07-20 12:17:55: [PP369] [AutoTrade] Trailing SL: T đạt ROI 5.24% -> Dịch SL trên sàn về entry + 1% ROI ($0.003755) [Mức: Hòa vốn] 
2026-07-20 12:17:55: [PP369] [AutoTrade] Đã hủy SL cũ của T (orderId=1000002463223236) 
2026-07-20 12:17:55: [PP369] [AutoTrade] ✓ Đã dịch SL mới cho T @ $0.0037550 (orderId=1000002463236903) 
2026-07-20 12:27:59: [PP369] [AutoTrade] Lệnh LIMIT của ENSO đã treo quá 15 phút (15.4 phút) -> Tiến hành hủy... 
2026-07-20 12:27:59: [PP369] [AutoTrade] ✓ Đã hủy thành công lệnh LIMIT treo của ENSO 
2026-07-20 12:28:29: [PP369] [AutoTrade] Lệnh LIMIT của RLC đã treo quá 15 phút (15.1 phút) -> Tiến hành hủy... 
2026-07-20 12:28:29: [PP369] [AutoTrade] ✓ Đã hủy thành công lệnh LIMIT treo của RLC 
2026-07-20 12:36:31: [PP369] [AutoTrade] B2 → LONG (Score: +5.9đ) tại $0.5199 
2026-07-20 12:36:31: [PP369] [AutoTrade] B2 LONG có Score = 5.9đ < 6đ — bỏ qua 
2026-07-20 12:38:30: [PP369] [AutoTrade] VANRY → LONG (Score: +9đ) tại $0.005138 
2026-07-20 12:38:31: [PP369] [AutoTrade] Set leverage VANRYUSDT = 14x (Lưới: 3.46% → tính được 14x, giới hạn: 20x | Ký quỹ mục tiêu: $25) 
2026-07-20 12:38:31: [PP369] [AutoTrade] ✓ VANRY BUY 68119 @ $0.005138 orderId=2601592330 status=NEW 
2026-07-20 12:39:13: [PP369] [AutoTrade] ✓ Đặt TP VANRY @ $0.0052300 (đối ứng SELL) orderId=1000002463262520 
2026-07-20 12:39:13: [PP369] [AutoTrade] ✓ Đặt SL VANRY @ $0.0050830 (đối ứng SELL) orderId=1000002463262522 
2026-07-20 12:39:30: [PP369] [AutoTrade] ENSO → LONG (Score: +7đ) tại $0.6927 
2026-07-20 12:39:31: [PP369] [AutoTrade] Set leverage ENSOUSDT = 15x (Lưới: 3.18% → tính được 15x, giới hạn: 50x | Ký quỹ mục tiêu: $15) 
2026-07-20 12:39:31: [PP369] [AutoTrade] ✓ ENSO BUY 324.8 @ $0.6927 orderId=1876664414 status=NEW 
2026-07-20 12:40:04: [PP369] [AutoTrade] ✓ Đặt TP ENSO @ $0.701900 (đối ứng SELL) orderId=1000002463263480 
2026-07-20 12:40:04: [PP369] [AutoTrade] ✓ Đặt SL ENSO @ $0.686700 (đối ứng SELL) orderId=1000002463263482 
2026-07-20 12:40:12: [PP369] [Binance] Đã đồng bộ giờ: offset = 84196ms (Giờ server: 2026-07-20T05:41:36.360Z) 
2026-07-20 12:40:30: [PP369] [AutoTrade] B2 → LONG (Score: +5.9đ) tại $0.5199 
2026-07-20 12:40:30: [PP369] [AutoTrade] B2 LONG có Score = 5.9đ < 6đ — bỏ qua 
2026-07-20 12:41:00: [PP369] [AutoTrade] B2 → LONG (Score: +5.9đ) tại $0.5199 
2026-07-20 12:41:00: [PP369] [AutoTrade] B2 LONG có Score = 5.9đ < 6đ — bỏ qua 
2026-07-20 12:41:30: [PP369] [AutoTrade] B2 → LONG (Score: +5.9đ) tại $0.5199 
2026-07-20 12:41:30: [PP369] [AutoTrade] B2 LONG có Score = 5.9đ < 6đ — bỏ qua 
2026-07-20 12:42:00: [PP369] [AutoTrade] B2 → LONG (Score: +5.9đ) tại $0.5199 
2026-07-20 12:42:00: [PP369] [AutoTrade] B2 LONG có Score = 5.9đ < 6đ — bỏ qua 
2026-07-20 12:42:30: [PP369] [AutoTrade] B2 → LONG (Score: +5.9đ) tại $0.5199 
2026-07-20 12:42:30: [PP369] [AutoTrade] B2 LONG có Score = 5.9đ < 6đ — bỏ qua 
2026-07-20 12:44:00: [PP369] [AutoTrade] B2 → LONG (Score: +5.9đ) tại $0.5199 
2026-07-20 12:44:00: [PP369] [AutoTrade] B2 LONG có Score = 5.9đ < 6đ — bỏ qua 
2026-07-20 12:44:30: [PP369] [AutoTrade] B2 → LONG (Score: +5.9đ) tại $0.5199 
2026-07-20 12:44:30: [PP369] [AutoTrade] B2 LONG có Score = 5.9đ < 6đ — bỏ qua 
2026-07-20 12:45:00: [PP369] [AutoTrade] B2 → LONG (Score: +5.9đ) tại $0.5199 
2026-07-20 12:45:00: [PP369] [AutoTrade] B2 LONG có Score = 5.9đ < 6đ — bỏ qua 
2026-07-20 12:45:30: [PP369] [AutoTrade] B2 → LONG (Score: +5.9đ) tại $0.5199 
2026-07-20 12:45:30: [PP369] [AutoTrade] B2 LONG có Score = 5.9đ < 6đ — bỏ qua 
2026-07-20 12:46:00: [PP369] [AutoTrade] B2 → LONG (Score: +5.9đ) tại $0.5199 
2026-07-20 12:46:00: [PP369] [AutoTrade] B2 LONG có Score = 5.9đ < 6đ — bỏ qua 
2026-07-20 12:46:30: [PP369] [AutoTrade] B2 → LONG (Score: +5.9đ) tại $0.5199 
2026-07-20 12:46:30: [PP369] [AutoTrade] B2 LONG có Score = 5.9đ < 6đ — bỏ qua 
2026-07-20 12:47:00: [PP369] [AutoTrade] B2 → LONG (Score: +5.9đ) tại $0.5199 
2026-07-20 12:47:00: [PP369] [AutoTrade] B2 LONG có Score = 5.9đ < 6đ — bỏ qua 
2026-07-20 12:47:30: [PP369] [AutoTrade] B2 → LONG (Score: +5.9đ) tại $0.5199 
2026-07-20 12:47:30: [PP369] [AutoTrade] B2 LONG có Score = 5.9đ < 6đ — bỏ qua 
2026-07-20 12:48:00: [PP369] [AutoTrade] B2 → LONG (Score: +5.9đ) tại $0.5199 
2026-07-20 12:48:00: [PP369] [AutoTrade] B2 LONG có Score = 5.9đ < 6đ — bỏ qua 
2026-07-20 12:48:30: [PP369] [AutoTrade] B2 → LONG (Score: +5.9đ) tại $0.5199 
2026-07-20 12:48:30: [PP369] [AutoTrade] B2 LONG có Score = 5.9đ < 6đ — bỏ qua 
2026-07-20 12:49:00: [PP369] [AutoTrade] B2 → LONG (Score: +5.9đ) tại $0.5199 
2026-07-20 12:49:00: [PP369] [AutoTrade] B2 LONG có Score = 5.9đ < 6đ — bỏ qua 
2026-07-20 12:49:30: [PP369] [AutoTrade] B2 → LONG (Score: +5.9đ) tại $0.5199 
2026-07-20 12:49:30: [PP369] [AutoTrade] B2 LONG có Score = 5.9đ < 6đ — bỏ qua 
2026-07-20 12:50:00: [PP369] [AutoTrade] B2 → LONG (Score: +5.9đ) tại $0.5199 
2026-07-20 12:50:00: [PP369] [AutoTrade] B2 LONG có Score = 5.9đ < 6đ — bỏ qua 
2026-07-20 12:50:30: [PP369] [AutoTrade] B2 → LONG (Score: +5.9đ) tại $0.5199 
2026-07-20 12:50:30: [PP369] [AutoTrade] B2 LONG có Score = 5.9đ < 6đ — bỏ qua 
2026-07-20 12:51:00: [PP369] [AutoTrade] B2 → LONG (Score: +5.9đ) tại $0.5199 
2026-07-20 12:51:00: [PP369] [AutoTrade] B2 LONG có Score = 5.9đ < 6đ — bỏ qua 
2026-07-20 12:51:30: [PP369] [AutoTrade] B2 → LONG (Score: +5.9đ) tại $0.5199 
2026-07-20 12:51:30: [PP369] [AutoTrade] B2 LONG có Score = 5.9đ < 6đ — bỏ qua 
2026-07-20 12:52:00: [PP369] [AutoTrade] B2 → LONG (Score: +5.9đ) tại $0.5199 
2026-07-20 12:52:00: [PP369] [AutoTrade] B2 LONG có Score = 5.9đ < 6đ — bỏ qua 
2026-07-20 12:52:01: [PP369] [AutoTrade] UB → LONG (Score: +6.3đ) tại $0.08659 
2026-07-20 12:52:01: [PP369] [AutoTrade] UB LONG Score = 6.3đ + H4 ngược xu hướng — bỏ qua (counter-trend < 6.5đ) 
2026-07-20 12:52:30: [PP369] [AutoTrade] B2 → LONG (Score: +5.9đ) tại $0.5199 
2026-07-20 12:52:30: [PP369] [AutoTrade] B2 LONG có Score = 5.9đ < 6đ — bỏ qua 
2026-07-20 12:52:31: [PP369] [AutoTrade] UB → LONG (Score: +6.3đ) tại $0.08659 
2026-07-20 12:52:31: [PP369] [AutoTrade] UB LONG Score = 6.3đ + H4 ngược xu hướng — bỏ qua (counter-trend < 6.5đ) 
2026-07-20 12:53:01: [PP369] [AutoTrade] BANANAS31 → LONG (Score: +6.5đ) tại $0.006885 
2026-07-20 12:53:01: [PP369] [AutoTrade] Set leverage BANANAS31USDT = 13x (Lưới: 3.83% → tính được 13x, giới hạn: 25x | Ký quỹ mục tiêu: $10) 
2026-07-20 12:53:01: [PP369] [AutoTrade] ✓ BANANAS31 BUY 18881 @ $0.006885 orderId=2199500580 status=NEW 
2026-07-20 12:53:02: [PP369] [AutoTrade] B2 → LONG (Score: +5.9đ) tại $0.5199 
2026-07-20 12:53:02: [PP369] [AutoTrade] B2 LONG có Score = 5.9đ < 6đ — bỏ qua 
2026-07-20 12:53:07: [PP369] [AutoTrade] ✓ Đặt TP BANANAS31 @ $0.0069380 (đối ứng SELL) orderId=1000002463276423 
2026-07-20 12:53:07: [PP369] [AutoTrade] ✓ Đặt SL BANANAS31 @ $0.0068430 (đối ứng SELL) orderId=1000002463276425 
2026-07-20 12:53:31: [PP369] [AutoTrade] B2 → LONG (Score: +5.9đ) tại $0.5199 
2026-07-20 12:53:31: [PP369] [AutoTrade] B2 LONG có Score = 5.9đ < 6đ — bỏ qua 
2026-07-20 12:54:00: [PP369] [AutoTrade] B2 → LONG (Score: +5.9đ) tại $0.5199 
2026-07-20 12:54:00: [PP369] [AutoTrade] B2 LONG có Score = 5.9đ < 6đ — bỏ qua 
2026-07-20 12:54:30: [PP369] [AutoTrade] B2 → LONG (Score: +5.9đ) tại $0.5199 
2026-07-20 12:54:30: [PP369] [AutoTrade] B2 LONG có Score = 5.9đ < 6đ — bỏ qua 
2026-07-20 12:55:00: [PP369] [AutoTrade] B2 → LONG (Score: +5.9đ) tại $0.5199 
2026-07-20 12:55:00: [PP369] [AutoTrade] B2 LONG có Score = 5.9đ < 6đ — bỏ qua 
2026-07-20 12:55:30: [PP369] [AutoTrade] B2 → LONG (Score: +5.9đ) tại $0.5199 
2026-07-20 12:55:30: [PP369] [AutoTrade] B2 LONG có Score = 5.9đ < 6đ — bỏ qua 
2026-07-20 12:56:00: [PP369] [AutoTrade] B2 → LONG (Score: +5.9đ) tại $0.5199 
2026-07-20 12:56:00: [PP369] [AutoTrade] B2 LONG có Score = 5.9đ < 6đ — bỏ qua 
2026-07-20 12:56:30: [PP369] [AutoTrade] B2 → LONG (Score: +5.9đ) tại $0.5199 
2026-07-20 12:56:30: [PP369] [AutoTrade] B2 LONG có Score = 5.9đ < 6đ — bỏ qua 
2026-07-20 13:00:34: [PP369] [AutoTrade] Trailing SL: ENSO đạt ROI 9.09% -> Dịch SL trên sàn về entry + 1% ROI ($0.6932) [Mức: Hòa vốn] 
2026-07-20 13:00:34: [PP369] [AutoTrade] Đã hủy SL cũ của ENSO (orderId=1000002463263482) 
2026-07-20 13:00:34: [PP369] [AutoTrade] ✓ Đã dịch SL mới cho ENSO @ $0.693200 (orderId=1000002463284626) 
2026-07-20 13:10:12: [PP369] [Binance] Đã đồng bộ giờ: offset = 84372ms (Giờ server: 2026-07-20T06:11:36.536Z) 
2026-07-20 13:12:31: [PP369] [AutoTrade] BROCCOLIF3B → LONG (Score: +7đ) tại $0.005762 
2026-07-20 13:12:31: [PP369] [AutoTrade] Set leverage BROCCOLIF3BUSDT = 10x (Lưới: 3.90% → tính được 12x, giới hạn: 10x | Ký quỹ mục tiêu: $15) 
2026-07-20 13:12:31: [PP369] [AutoTrade] ✓ BROCCOLIF3B BUY 26032 @ $0.005762 orderId=926020051 status=NEW 
2026-07-20 13:13:00: [PP369] [AutoTrade] KAITO → SHORT (Score: +4.6đ) tại $0.9562 
2026-07-20 13:13:00: [PP369] [AutoTrade] KAITO SHORT có Score = 4.6đ < 6đ — bỏ qua 
2026-07-20 13:13:19: [PP369] [AutoTrade] ✓ Đặt TP BROCCOLIF3B @ $0.0058770 (đối ứng SELL) orderId=1000002463296505 
2026-07-20 13:13:19: [PP369] [AutoTrade] ✓ Đặt SL BROCCOLIF3B @ $0.0056870 (đối ứng SELL) orderId=1000002463296508 
2026-07-20 13:13:30: [PP369] [AutoTrade] KAITO → SHORT (Score: +4.6đ) tại $0.9562 
2026-07-20 13:13:30: [PP369] [AutoTrade] KAITO SHORT có Score = 4.6đ < 6đ — bỏ qua 
2026-07-20 13:20:07: [PP369] [AutoTrade] Trailing SL: EDU đạt ROI 5.02% -> Dịch SL trên sàn về entry + 1% ROI ($0.02856) [Mức: Hòa vốn] 
2026-07-20 13:20:07: [PP369] [AutoTrade] Đã hủy SL cũ của EDU (orderId=1000002463227327) 
2026-07-20 13:20:07: [PP369] [AutoTrade] ✓ Đã dịch SL mới cho EDU @ $0.0285600 (orderId=1000002463303292) 
2026-07-20 13:27:19: [PP369] [AutoTrade] Trailing SL: BANANAS31 đạt ROI 6.28% -> Dịch SL trên sàn về entry + 1% ROI ($0.006890) [Mức: Hòa vốn] 
2026-07-20 13:27:19: [PP369] [AutoTrade] Đã hủy SL cũ của BANANAS31 (orderId=1000002463276425) 
2026-07-20 13:27:19: [PP369] [AutoTrade] ✓ Đã dịch SL mới cho BANANAS31 @ $0.0068900 (orderId=1000002463310647) 
2026-07-20 13:31:00: [PP369] [AutoTrade] A → LONG (Score: +6đ) tại $0.0657 
2026-07-20 13:31:00: [PP369] [AutoTrade] A LONG Score = 6đ + H4 ngược xu hướng — bỏ qua (counter-trend < 6.5đ) 
2026-07-20 13:31:30: [PP369] [AutoTrade] A → LONG (Score: +6đ) tại $0.0657 
2026-07-20 13:31:30: [PP369] [AutoTrade] A LONG Score = 6đ + H4 ngược xu hướng — bỏ qua (counter-trend < 6.5đ) 
2026-07-20 13:32:31: [PP369] [AutoTrade] AKT → LONG (Score: +4.5đ) tại $0.5025 
2026-07-20 13:32:31: [PP369] [AutoTrade] AKT LONG có Score = 4.5đ < 6đ — bỏ qua 
2026-07-20 13:32:32: [PP369] [AutoTrade] A → LONG (Score: +6đ) tại $0.0657 
2026-07-20 13:32:32: [PP369] [AutoTrade] A LONG Score = 6đ + H4 ngược xu hướng — bỏ qua (counter-trend < 6.5đ) 
2026-07-20 13:33:00: [PP369] [AutoTrade] A → LONG (Score: +6đ) tại $0.0657 
2026-07-20 13:33:00: [PP369] [AutoTrade] A LONG Score = 6đ + H4 ngược xu hướng — bỏ qua (counter-trend < 6.5đ) 
2026-07-20 13:36:01: [PP369] [AutoTrade] HBAR → LONG (Score: +7đ) tại $0.06528 
2026-07-20 13:36:01: [PP369] [AutoTrade] Set leverage HBARUSDT = 16x (Lưới: 3.03% → tính được 16x, giới hạn: 75x | Ký quỹ mục tiêu: $15) 
2026-07-20 13:36:01: [PP369] [AutoTrade] ✓ HBAR BUY 3676 @ $0.06528 orderId=16766547624 status=NEW 
2026-07-20 13:36:03: [PP369] [AutoTrade] TURBO → LONG (Score: +6đ) tại $0.000805 
2026-07-20 13:36:03: [PP369] [AutoTrade] TURBO LONG Score = 6đ + H4 ngược xu hướng — bỏ qua (counter-trend < 6.5đ) 
2026-07-20 13:36:30: [PP369] [AutoTrade] TURBO → LONG (Score: +6đ) tại $0.000805 
2026-07-20 13:36:30: [PP369] [AutoTrade] TURBO LONG Score = 6đ + H4 ngược xu hướng — bỏ qua (counter-trend < 6.5đ) 
2026-07-20 13:37:00: [PP369] [AutoTrade] TURBO → LONG (Score: +6đ) tại $0.000805 
2026-07-20 13:37:00: [PP369] [AutoTrade] TURBO LONG Score = 6đ + H4 ngược xu hướng — bỏ qua (counter-trend < 6.5đ) 
2026-07-20 13:37:16: [PP369] [AutoTrade] Trailing SL: ENSO đạt ROI 15.37% -> Dịch SL trên sàn về entry + 8% ROI ($0.6964) [Mức: Khóa lãi] 
2026-07-20 13:37:16: [PP369] [AutoTrade] Đã hủy SL cũ của ENSO (orderId=1000002463284626) 
2026-07-20 13:37:17: [PP369] [AutoTrade] ✓ Đã dịch SL mới cho ENSO @ $0.696400 (orderId=1000002463324736) 
2026-07-20 13:40:12: [PP369] [Binance] Đã đồng bộ giờ: offset = 84549ms (Giờ server: 2026-07-20T06:41:36.712Z) 
2026-07-20 13:40:13: [PP369] [AutoTrade] [CoinRefresh] Tái kiểm tra danh sách: 465 → 462 coin hợp lệ theo giá hiện tại. 
2026-07-20 13:52:29: [PP369] [AutoTrade] Lệnh LIMIT của HBAR đã treo quá 15 phút (15.1 phút) -> Tiến hành hủy... 
2026-07-20 13:52:30: [PP369] [AutoTrade] ✓ Đã hủy thành công lệnh LIMIT treo của HBAR 
2026-07-20 13:52:30: [PP369] [AutoTrade] HBAR → LONG (Score: +7đ) tại $0.06528 
2026-07-20 13:52:30: [PP369] [AutoTrade] Set leverage HBARUSDT = 16x (Lưới: 3.03% → tính được 16x, giới hạn: 75x | Ký quỹ mục tiêu: $15) 
2026-07-20 13:52:30: [PP369] [AutoTrade] ✓ HBAR BUY 3676 @ $0.06528 orderId=16766737452 status=NEW 
2026-07-20 13:56:01: [PP369] [AutoTrade] CLO → LONG (Score: +5.4đ) tại $0.1371 
2026-07-20 13:56:01: [PP369] [AutoTrade] CLO LONG có Score = 5.4đ < 6đ — bỏ qua 
2026-07-20 13:56:30: [PP369] [AutoTrade] CLO → LONG (Score: +5.4đ) tại $0.1371 
2026-07-20 13:56:30: [PP369] [AutoTrade] CLO LONG có Score = 5.4đ < 6đ — bỏ qua 
2026-07-20 14:06:00: [PP369] [AutoTrade] UB → SHORT (Score: +5.3đ) tại $0.08936 
2026-07-20 14:06:00: [PP369] [AutoTrade] UB SHORT có Score = 5.3đ < 6đ — bỏ qua 
2026-07-20 14:06:32: [PP369] [AutoTrade] Trailing SL: BROCCOLIF3B đạt ROI 9.55% -> Dịch SL trên sàn về entry + 1% ROI ($0.005768) [Mức: Hòa vốn] 
2026-07-20 14:06:32: [PP369] [AutoTrade] Đã hủy SL cũ của BROCCOLIF3B (orderId=1000002463296508) 
2026-07-20 14:06:32: [PP369] [AutoTrade] ✓ Đã dịch SL mới cho BROCCOLIF3B @ $0.0057680 (orderId=1000002463356671) 
2026-07-20 14:08:59: [PP369] [AutoTrade] Lệnh LIMIT của HBAR đã treo quá 15 phút (15.1 phút) -> Tiến hành hủy... 
2026-07-20 14:09:00: [PP369] [AutoTrade] ✓ Đã hủy thành công lệnh LIMIT treo của HBAR 
2026-07-20 14:09:00: [PP369] [AutoTrade] HBAR → LONG (Score: +7.5đ) tại $0.06528 
2026-07-20 14:09:00: [PP369] [AutoTrade] Set leverage HBARUSDT = 16x (Lưới: 3.03% → tính được 16x, giới hạn: 75x | Ký quỹ mục tiêu: $15) 
2026-07-20 14:09:01: [PP369] [AutoTrade] ✓ HBAR BUY 3676 @ $0.06528 orderId=16766861355 status=NEW 
2026-07-20 14:10:12: [PP369] [Binance] Đã đồng bộ giờ: offset = 84723ms (Giờ server: 2026-07-20T07:11:36.885Z) 
2026-07-20 14:21:23: [PP369] [AutoTrade] Trailing SL: ZEN đạt ROI 5.12% -> Dịch SL trên sàn về entry + 1% ROI ($4.106) [Mức: Hòa vốn] 
2026-07-20 14:21:23: [PP369] [AutoTrade] Đã hủy SL cũ của ZEN (orderId=1000002463226086) 
2026-07-20 14:21:23: [PP369] [AutoTrade] ✓ Đã dịch SL mới cho ZEN @ $4.106 (orderId=1000002463371730) 
2026-07-20 14:23:30: [PP369] [AutoTrade] UB → SHORT (Score: +5.3đ) tại $0.08936 
2026-07-20 14:23:30: [PP369] [AutoTrade] UB SHORT có Score = 5.3đ < 6đ — bỏ qua 
2026-07-20 14:24:00: [PP369] [AutoTrade] UB → SHORT (Score: +5.3đ) tại $0.08936 
2026-07-20 14:24:00: [PP369] [AutoTrade] UB SHORT có Score = 5.3đ < 6đ — bỏ qua 
2026-07-20 14:25:29: [PP369] [AutoTrade] Lệnh LIMIT của HBAR đã treo quá 15 phút (15.1 phút) -> Tiến hành hủy... 
2026-07-20 14:25:30: [PP369] [AutoTrade] ✓ Đã hủy thành công lệnh LIMIT treo của HBAR 
2026-07-20 14:26:00: [PP369] [AutoTrade] UB → SHORT (Score: +5.3đ) tại $0.08936 
2026-07-20 14:26:00: [PP369] [AutoTrade] UB SHORT có Score = 5.3đ < 6đ — bỏ qua 
2026-07-20 14:26:31: [PP369] [AutoTrade] UB → SHORT (Score: +5.3đ) tại $0.08936 
2026-07-20 14:26:31: [PP369] [AutoTrade] UB SHORT có Score = 5.3đ < 6đ — bỏ qua 
2026-07-20 14:27:00: [PP369] [AutoTrade] UB → SHORT (Score: +5.3đ) tại $0.08936 
2026-07-20 14:27:00: [PP369] [AutoTrade] UB SHORT có Score = 5.3đ < 6đ — bỏ qua 
2026-07-20 14:28:00: [PP369] [AutoTrade] UB → SHORT (Score: +5.3đ) tại $0.08936 
2026-07-20 14:28:00: [PP369] [AutoTrade] UB SHORT có Score = 5.3đ < 6đ — bỏ qua 
2026-07-20 14:28:30: [PP369] [AutoTrade] UB → SHORT (Score: +5.3đ) tại $0.08936 
2026-07-20 14:28:30: [PP369] [AutoTrade] UB SHORT có Score = 5.3đ < 6đ — bỏ qua 
2026-07-20 14:36:31: [PP369] [AutoTrade] PLAY → SHORT (Score: +6.2đ) tại $0.03687 
2026-07-20 14:36:31: [PP369] [AutoTrade] Set leverage PLAYUSDT = 6x (Lưới: 8.31% → tính được 6x, giới hạn: 10x | Ký quỹ mục tiêu: $10) 
2026-07-20 14:36:31: [PP369] [AutoTrade] ✓ PLAY SELL 1627 @ $0.03687 orderId=1448715518 status=NEW 
2026-07-20 14:36:35: [PP369] [AutoTrade] ✓ Đặt TP PLAY @ $0.0362600 (đối ứng BUY) orderId=1000002463388978 
2026-07-20 14:36:35: [PP369] [AutoTrade] ✓ Đặt SL PLAY @ $0.0374800 (đối ứng BUY) orderId=1000002463388982 
2026-07-20 14:40:12: [PP369] [Binance] Đã đồng bộ giờ: offset = 84898ms (Giờ server: 2026-07-20T07:41:37.064Z) 
2026-07-20 14:55:38: [PP369] [AutoTrade] Trailing SL: STEEM đạt ROI 5.93% -> Dịch SL trên sàn về entry + 1% ROI ($0.03853) [Mức: Hòa vốn] 
2026-07-20 14:55:38: [PP369] [AutoTrade] Đã hủy SL cũ của STEEM (orderId=1000002463227656) 
2026-07-20 14:55:38: [PP369] [AutoTrade] ✓ Đã dịch SL mới cho STEEM @ $0.038530 (orderId=1000002463410333) 
2026-07-20 15:00:01: [PP369] [AutoTrade] XAI → SHORT (Score: +4.3đ) tại $0.00721 
2026-07-20 15:00:01: [PP369] [AutoTrade] XAI SHORT có Score = 4.3đ < 6đ — bỏ qua 
2026-07-20 15:00:30: [PP369] [AutoTrade] XAI → SHORT (Score: +4.3đ) tại $0.00721 
2026-07-20 15:00:30: [PP369] [AutoTrade] XAI SHORT có Score = 4.3đ < 6đ — bỏ qua 
2026-07-20 15:02:31: [PP369] [AutoTrade] PENGU → SHORT (Score: +5.7đ) tại $0.006251 
2026-07-20 15:02:31: [PP369] [AutoTrade] PENGU SHORT có Score = 5.7đ < 6đ — bỏ qua 
2026-07-20 15:03:30: [PP369] [AutoTrade] PENGU → SHORT (Score: +5.7đ) tại $0.006251 
2026-07-20 15:03:30: [PP369] [AutoTrade] PENGU SHORT có Score = 5.7đ < 6đ — bỏ qua 
2026-07-20 15:05:30: [PP369] [AutoTrade] RONIN → SHORT (Score: +5đ) tại $0.0573 
2026-07-20 15:05:30: [PP369] [AutoTrade] RONIN SHORT không đạt Tiêu chí 2 (Biến động H1/M15 an toàn) — bỏ qua 
2026-07-20 15:06:00: [PP369] [AutoTrade] RONIN → SHORT (Score: +5đ) tại $0.0573 
2026-07-20 15:06:00: [PP369] [AutoTrade] RONIN SHORT không đạt Tiêu chí 2 (Biến động H1/M15 an toàn) — bỏ qua 
2026-07-20 15:06:30: [PP369] [AutoTrade] RONIN → SHORT (Score: +5đ) tại $0.0573 
2026-07-20 15:06:30: [PP369] [AutoTrade] RONIN SHORT không đạt Tiêu chí 2 (Biến động H1/M15 an toàn) — bỏ qua 
2026-07-20 15:10:12: [PP369] [Binance] Đã đồng bộ giờ: offset = 85073ms (Giờ server: 2026-07-20T08:11:37.239Z) 
2026-07-20 15:36:31: [PP369] [AutoTrade] HBAR → LONG (Score: +7.5đ) tại $0.06528 
2026-07-20 15:36:31: [PP369] [AutoTrade] Set leverage HBARUSDT = 16x (Lưới: 3.03% → tính được 16x, giới hạn: 75x | Ký quỹ mục tiêu: $15) 
2026-07-20 15:36:31: [PP369] [AutoTrade] ✓ HBAR BUY 3676 @ $0.06528 orderId=16767553470 status=NEW 
2026-07-20 15:40:12: [PP369] [Binance] Đã đồng bộ giờ: offset = 85249ms (Giờ server: 2026-07-20T08:41:37.413Z) 
2026-07-20 15:47:01: [PP369] [AutoTrade] 1000XEC → SHORT (Score: +4.1đ) tại $0.00808 
2026-07-20 15:47:01: [PP369] [AutoTrade] 1000XEC SHORT có Score = 4.1đ < 6đ — bỏ qua 
2026-07-20 15:47:30: [PP369] [AutoTrade] 1000XEC → SHORT (Score: +4.1đ) tại $0.00808 
2026-07-20 15:47:30: [PP369] [AutoTrade] 1000XEC SHORT có Score = 4.1đ < 6đ — bỏ qua 
2026-07-20 15:53:00: [PP369] [AutoTrade] Lệnh LIMIT của HBAR đã treo quá 15 phút (15.1 phút) -> Tiến hành hủy... 
2026-07-20 15:53:00: [PP369] [AutoTrade] ✓ Đã hủy thành công lệnh LIMIT treo của HBAR 
2026-07-20 16:10:12: [PP369] [Binance] Đã đồng bộ giờ: offset = 85424ms (Giờ server: 2026-07-20T09:11:37.591Z) 
2026-07-20 16:32:01: [PP369] [AutoTrade] SIREN → SHORT (Score: +7.5đ) tại $0.0325 
2026-07-20 16:32:02: [PP369] [AutoTrade] Set leverage SIRENUSDT = 8x (Lưới: 5.62% → tính được 8x, giới hạn: 10x | Ký quỹ mục tiêu: $15) 
2026-07-20 16:32:02: [PP369] [AutoTrade] ✓ SIREN SELL 3692 @ $0.0325 orderId=4377669919 status=NEW 
2026-07-20 16:33:56: [PP369] [AutoTrade] ✓ Đặt TP SIREN @ $0.0316900 (đối ứng BUY) orderId=1000002463525287 
2026-07-20 16:33:56: [PP369] [AutoTrade] ✓ Đặt SL SIREN @ $0.0330300 (đối ứng BUY) orderId=1000002463525293 
2026-07-20 16:40:12: [PP369] [Binance] Đã đồng bộ giờ: offset = 85598ms (Giờ server: 2026-07-20T09:41:37.764Z) 
2026-07-20 16:42:32: [PP369] [AutoTrade] Trailing SL: BROCCOLIF3B đạt ROI 15.10% -> Dịch SL trên sàn về entry + 8% ROI ($0.005808) [Mức: Khóa lãi] 
2026-07-20 16:42:32: [PP369] [AutoTrade] Đã hủy SL cũ của BROCCOLIF3B (orderId=1000002463356671) 
2026-07-20 16:42:32: [PP369] [AutoTrade] ✓ Đã dịch SL mới cho BROCCOLIF3B @ $0.0058080 (orderId=1000002463535879) 
2026-07-20 17:06:31: [PP369] [AutoTrade] 1000XEC → LONG (Score: +6.3đ) tại $0.00783 
2026-07-20 17:06:31: [PP369] [AutoTrade] Set leverage 1000XECUSDT = 15x (Lưới: 3.19% → tính được 15x, giới hạn: 75x | Ký quỹ mục tiêu: $10) 
2026-07-20 17:06:31: [PP369] [AutoTrade] ✓ 1000XEC BUY 19157 @ $0.00783 orderId=3795003123 status=NEW 
2026-07-20 17:10:12: [PP369] [Binance] Đã đồng bộ giờ: offset = 85774ms (Giờ server: 2026-07-20T10:11:37.940Z) 
2026-07-20 17:14:08: [PP369] [AutoTrade] ✓ Đặt TP 1000XEC @ $0.0078820 (đối ứng SELL) orderId=1000002463571260 
2026-07-20 17:14:08: [PP369] [AutoTrade] ✓ Đặt SL 1000XEC @ $0.0077780 (đối ứng SELL) orderId=1000002463571261 
2026-07-20 17:40:12: [PP369] [Binance] Đã đồng bộ giờ: offset = 85950ms (Giờ server: 2026-07-20T10:41:38.118Z) 
2026-07-20 17:40:13: [PP369] [AutoTrade] [CoinRefresh] Tái kiểm tra danh sách: 462 → 465 coin hợp lệ theo giá hiện tại. 
2026-07-20 17:41:26: [PP369] [AutoTrade] Trailing SL: SIREN đạt ROI 9.05% -> Dịch SL trên sàn về entry + 1% ROI ($0.03246) [Mức: Hòa vốn] 
2026-07-20 17:41:26: [PP369] [AutoTrade] Đã hủy SL cũ của SIREN (orderId=1000002463525293) 
2026-07-20 17:41:27: [PP369] [AutoTrade] ✓ Đã dịch SL mới cho SIREN @ $0.0324600 (orderId=1000002463603120) 
2026-07-20 18:10:12: [PP369] [Binance] Đã đồng bộ giờ: offset = 86125ms (Giờ server: 2026-07-20T11:11:38.342Z) 
2026-07-20 18:16:01: [PP369] [AutoTrade] SIREN → LONG (Score: +5.4đ) tại $0.03077 
2026-07-20 18:16:01: [PP369] [AutoTrade] SIREN LONG có Score = 5.4đ < 6đ — bỏ qua 
2026-07-20 18:22:31: [PP369] [AutoTrade] TURTLE → SHORT (Score: +8đ) tại $0.03521 
2026-07-20 18:22:32: [PP369] [AutoTrade] Set leverage TURTLEUSDT = 8x (Lưới: 5.77% → tính được 8x, giới hạn: 20x | Ký quỹ mục tiêu: $20) 
2026-07-20 18:22:32: [PP369] [AutoTrade] ✓ TURTLE SELL 4544 @ $0.03521 orderId=440454053 status=NEW 
2026-07-20 18:23:01: [PP369] [AutoTrade] SIREN → LONG (Score: +5.4đ) tại $0.03077 
2026-07-20 18:23:01: [PP369] [AutoTrade] SIREN LONG có Score = 5.4đ < 6đ — bỏ qua 
2026-07-20 18:25:24: [PP369] [AutoTrade] ✓ Đặt TP TURTLE @ $0.0341100 (đối ứng BUY) orderId=1000002463655369 
2026-07-20 18:25:24: [PP369] [AutoTrade] ✓ Đặt SL TURTLE @ $0.0358700 (đối ứng BUY) orderId=1000002463655372 
2026-07-20 18:34:01: [PP369] [AutoTrade] ENSO → SHORT (Score: +6đ) tại $0.7147 
2026-07-20 18:34:01: [PP369] [AutoTrade] ENSO SHORT Score = 6đ + H4 ngược xu hướng — bỏ qua (counter-trend < 6.5đ) 
2026-07-20 18:34:31: [PP369] [AutoTrade] ENSO → SHORT (Score: +6đ) tại $0.7147 
2026-07-20 18:34:31: [PP369] [AutoTrade] ENSO SHORT Score = 6đ + H4 ngược xu hướng — bỏ qua (counter-trend < 6.5đ) 
2026-07-20 18:35:01: [PP369] [AutoTrade] ENSO → SHORT (Score: +6đ) tại $0.7147 
2026-07-20 18:35:01: [PP369] [AutoTrade] ENSO SHORT Score = 6đ + H4 ngược xu hướng — bỏ qua (counter-trend < 6.5đ) 
2026-07-20 18:35:31: [PP369] [AutoTrade] ENSO → SHORT (Score: +6đ) tại $0.7147 
2026-07-20 18:35:31: [PP369] [AutoTrade] ENSO SHORT Score = 6đ + H4 ngược xu hướng — bỏ qua (counter-trend < 6.5đ) 
2026-07-20 18:36:01: [PP369] [AutoTrade] ENSO → SHORT (Score: +6đ) tại $0.7147 
2026-07-20 18:36:01: [PP369] [AutoTrade] ENSO SHORT Score = 6đ + H4 ngược xu hướng — bỏ qua (counter-trend < 6.5đ) 
2026-07-20 18:36:31: [PP369] [AutoTrade] ENSO → SHORT (Score: +6đ) tại $0.7147 
2026-07-20 18:36:31: [PP369] [AutoTrade] ENSO SHORT Score = 6đ + H4 ngược xu hướng — bỏ qua (counter-trend < 6.5đ) 
2026-07-20 18:37:01: [PP369] [AutoTrade] ENSO → SHORT (Score: +6đ) tại $0.7147 
2026-07-20 18:37:01: [PP369] [AutoTrade] ENSO SHORT Score = 6đ + H4 ngược xu hướng — bỏ qua (counter-trend < 6.5đ) 
2026-07-20 18:37:31: [PP369] [AutoTrade] ENSO → SHORT (Score: +6đ) tại $0.7147 
2026-07-20 18:37:31: [PP369] [AutoTrade] ENSO SHORT Score = 6đ + H4 ngược xu hướng — bỏ qua (counter-trend < 6.5đ) 
2026-07-20 18:38:01: [PP369] [AutoTrade] ENSO → SHORT (Score: +6đ) tại $0.7147 
2026-07-20 18:38:01: [PP369] [AutoTrade] ENSO SHORT Score = 6đ + H4 ngược xu hướng — bỏ qua (counter-trend < 6.5đ) 
2026-07-20 18:40:12: [PP369] [Binance] Đã đồng bộ giờ: offset = 86297ms (Giờ server: 2026-07-20T11:41:38.516Z) 
2026-07-20 18:40:31: [PP369] [AutoTrade] ENSO → SHORT (Score: +6đ) tại $0.7147 
2026-07-20 18:40:31: [PP369] [AutoTrade] ENSO SHORT Score = 6đ + H4 ngược xu hướng — bỏ qua (counter-trend < 6.5đ) 
2026-07-20 18:41:01: [PP369] [AutoTrade] ENSO → SHORT (Score: +6đ) tại $0.7147 
2026-07-20 18:41:01: [PP369] [AutoTrade] ENSO SHORT Score = 6đ + H4 ngược xu hướng — bỏ qua (counter-trend < 6.5đ) 
2026-07-20 18:41:31: [PP369] [AutoTrade] ENSO → SHORT (Score: +6đ) tại $0.7147 
2026-07-20 18:41:31: [PP369] [AutoTrade] ENSO SHORT Score = 6đ + H4 ngược xu hướng — bỏ qua (counter-trend < 6.5đ) 
2026-07-20 18:42:01: [PP369] [AutoTrade] ENSO → SHORT (Score: +6đ) tại $0.7147 
2026-07-20 18:42:01: [PP369] [AutoTrade] ENSO SHORT Score = 6đ + H4 ngược xu hướng — bỏ qua (counter-trend < 6.5đ) 
2026-07-20 18:42:31: [PP369] [AutoTrade] ENSO → SHORT (Score: +6đ) tại $0.7147 
2026-07-20 18:42:31: [PP369] [AutoTrade] ENSO SHORT Score = 6đ + H4 ngược xu hướng — bỏ qua (counter-trend < 6.5đ) 
2026-07-20 18:43:01: [PP369] [AutoTrade] ENSO → SHORT (Score: +6đ) tại $0.7147 
2026-07-20 18:43:01: [PP369] [AutoTrade] ENSO SHORT Score = 6đ + H4 ngược xu hướng — bỏ qua (counter-trend < 6.5đ) 
2026-07-20 18:43:31: [PP369] [AutoTrade] ENSO → SHORT (Score: +6đ) tại $0.7147 
2026-07-20 18:43:31: [PP369] [AutoTrade] ENSO SHORT Score = 6đ + H4 ngược xu hướng — bỏ qua (counter-trend < 6.5đ) 
2026-07-20 18:44:01: [PP369] [AutoTrade] AKT → SHORT (Score: +8đ) tại $0.53 
2026-07-20 18:44:01: [PP369] [AutoTrade] Set leverage AKTUSDT = 9x (Lưới: 5.47% → tính được 9x, giới hạn: 50x | Ký quỹ mục tiêu: $20) 
2026-07-20 18:44:01: [PP369] [AutoTrade] ✓ AKT SELL 339.6 @ $0.53 orderId=815504136 status=NEW 
2026-07-20 18:44:02: [PP369] [AutoTrade] ENSO → SHORT (Score: +6đ) tại $0.7147 
2026-07-20 18:44:02: [PP369] [AutoTrade] ENSO SHORT Score = 6đ + H4 ngược xu hướng — bỏ qua (counter-trend < 6.5đ) 
2026-07-20 18:44:31: [PP369] [AutoTrade] ENSO → SHORT (Score: +6đ) tại $0.7147 
2026-07-20 18:44:31: [PP369] [AutoTrade] ENSO SHORT Score = 6đ + H4 ngược xu hướng — bỏ qua (counter-trend < 6.5đ) 
2026-07-20 18:45:01: [PP369] [AutoTrade] ENSO → SHORT (Score: +6đ) tại $0.7147 
2026-07-20 18:45:01: [PP369] [AutoTrade] ENSO SHORT Score = 6đ + H4 ngược xu hướng — bỏ qua (counter-trend < 6.5đ) 
2026-07-20 18:45:31: [PP369] [AutoTrade] ENSO → SHORT (Score: +6đ) tại $0.7147 
2026-07-20 18:45:31: [PP369] [AutoTrade] ENSO SHORT Score = 6đ + H4 ngược xu hướng — bỏ qua (counter-trend < 6.5đ) 
2026-07-20 18:46:01: [PP369] [AutoTrade] ENSO → SHORT (Score: +6đ) tại $0.7147 
2026-07-20 18:46:01: [PP369] [AutoTrade] ENSO SHORT Score = 6đ + H4 ngược xu hướng — bỏ qua (counter-trend < 6.5đ) 
2026-07-20 18:46:31: [PP369] [AutoTrade] ENSO → SHORT (Score: +6đ) tại $0.7147 
2026-07-20 18:46:31: [PP369] [AutoTrade] ENSO SHORT Score = 6đ + H4 ngược xu hướng — bỏ qua (counter-trend < 6.5đ) 
2026-07-20 18:47:01: [PP369] [AutoTrade] ENSO → SHORT (Score: +6đ) tại $0.7147 
2026-07-20 18:47:01: [PP369] [AutoTrade] ENSO SHORT Score = 6đ + H4 ngược xu hướng — bỏ qua (counter-trend < 6.5đ) 
2026-07-20 18:47:31: [PP369] [AutoTrade] ENSO → SHORT (Score: +6đ) tại $0.7147 
2026-07-20 18:47:31: [PP369] [AutoTrade] ENSO SHORT Score = 6đ + H4 ngược xu hướng — bỏ qua (counter-trend < 6.5đ) 
2026-07-20 18:48:00: [PP369] [AutoTrade] ✓ Đặt TP AKT @ $0.5153000 (đối ứng BUY) orderId=1000002463696895 
2026-07-20 18:48:00: [PP369] [AutoTrade] ✓ Đặt SL AKT @ $0.5388000 (đối ứng BUY) orderId=1000002463696896 
2026-07-20 18:48:01: [PP369] [AutoTrade] ENSO → SHORT (Score: +6đ) tại $0.7147 
2026-07-20 18:48:01: [PP369] [AutoTrade] ENSO SHORT Score = 6đ + H4 ngược xu hướng — bỏ qua (counter-trend < 6.5đ) 
2026-07-20 18:48:31: [PP369] [AutoTrade] ENSO → SHORT (Score: +6đ) tại $0.7147 
2026-07-20 18:48:31: [PP369] [AutoTrade] ENSO SHORT Score = 6đ + H4 ngược xu hướng — bỏ qua (counter-trend < 6.5đ) 
2026-07-20 18:49:01: [PP369] [AutoTrade] ENSO → SHORT (Score: +6đ) tại $0.7147 
2026-07-20 18:49:01: [PP369] [AutoTrade] ENSO SHORT Score = 6đ + H4 ngược xu hướng — bỏ qua (counter-trend < 6.5đ) 
2026-07-20 19:01:31: [PP369] [AutoTrade] XAI → LONG (Score: +5.9đ) tại $0.00698 
2026-07-20 19:01:31: [PP369] [AutoTrade] XAI LONG có Score = 5.9đ < 6đ — bỏ qua 
2026-07-20 19:02:31: [PP369] [AutoTrade] XAI → LONG (Score: +5.9đ) tại $0.00698 
2026-07-20 19:02:31: [PP369] [AutoTrade] XAI LONG có Score = 5.9đ < 6đ — bỏ qua 
2026-07-20 19:10:12: [PP369] [Binance] Đã đồng bộ giờ: offset = 86473ms (Giờ server: 2026-07-20T12:11:38.649Z) 
2026-07-20 19:11:31: [PP369] [AutoTrade] XAI → LONG (Score: +5.9đ) tại $0.00698 
2026-07-20 19:11:31: [PP369] [AutoTrade] XAI LONG có Score = 5.9đ < 6đ — bỏ qua 
2026-07-20 19:12:01: [PP369] [AutoTrade] XAI → LONG (Score: +5.9đ) tại $0.00698 
2026-07-20 19:12:01: [PP369] [AutoTrade] XAI LONG có Score = 5.9đ < 6đ — bỏ qua 
2026-07-20 19:12:31: [PP369] [AutoTrade] XAI → LONG (Score: +5.9đ) tại $0.00698 
2026-07-20 19:12:31: [PP369] [AutoTrade] XAI LONG có Score = 5.9đ < 6đ — bỏ qua 
2026-07-20 19:13:01: [PP369] [AutoTrade] XAI → LONG (Score: +5.9đ) tại $0.00698 
2026-07-20 19:13:01: [PP369] [AutoTrade] XAI LONG có Score = 5.9đ < 6đ — bỏ qua 
2026-07-20 19:13:31: [PP369] [AutoTrade] XAI → LONG (Score: +5.9đ) tại $0.00698 
2026-07-20 19:13:31: [PP369] [AutoTrade] XAI LONG có Score = 5.9đ < 6đ — bỏ qua 
2026-07-20 19:15:01: [PP369] [AutoTrade] XAI → LONG (Score: +5.9đ) tại $0.00698 
2026-07-20 19:15:01: [PP369] [AutoTrade] XAI LONG có Score = 5.9đ < 6đ — bỏ qua 
2026-07-20 19:16:01: [PP369] [AutoTrade] KAITO → LONG (Score: +7.1đ) tại $0.9563 
2026-07-20 19:16:01: [PP369] [AutoTrade] Set leverage KAITOUSDT = 15x (Lưới: 3.13% → tính được 15x, giới hạn: 75x | Ký quỹ mục tiêu: $15) 
2026-07-20 19:16:01: [PP369] [AutoTrade] ✓ KAITO BUY 235.2 @ $0.9563 orderId=4644325057 status=NEW 
2026-07-20 19:19:31: [PP369] [AutoTrade] XAI → LONG (Score: +5.9đ) tại $0.00698 
2026-07-20 19:19:31: [PP369] [AutoTrade] XAI LONG có Score = 5.9đ < 6đ — bỏ qua 
2026-07-20 19:20:01: [PP369] [AutoTrade] XAI → LONG (Score: +5.9đ) tại $0.00698 
2026-07-20 19:20:01: [PP369] [AutoTrade] XAI LONG có Score = 5.9đ < 6đ — bỏ qua 
2026-07-20 19:32:30: [PP369] [AutoTrade] Lệnh LIMIT của KAITO đã treo quá 15 phút (15.0 phút) -> Tiến hành hủy... 
2026-07-20 19:32:30: [PP369] [AutoTrade] ✓ Đã hủy thành công lệnh LIMIT treo của KAITO 
2026-07-20 19:39:31: [PP369] [AutoTrade] XAI → LONG (Score: +5.9đ) tại $0.00698 
2026-07-20 19:39:31: [PP369] [AutoTrade] XAI LONG có Score = 5.9đ < 6đ — bỏ qua 
2026-07-20 19:40:01: [PP369] [AutoTrade] XAI → LONG (Score: +5.9đ) tại $0.00698 
2026-07-20 19:40:01: [PP369] [AutoTrade] XAI LONG có Score = 5.9đ < 6đ — bỏ qua 
2026-07-20 19:40:12: [PP369] [Binance] Đã đồng bộ giờ: offset = 86649ms (Giờ server: 2026-07-20T12:41:38.820Z) 
2026-07-20 19:40:31: [PP369] [AutoTrade] XAI → LONG (Score: +5.9đ) tại $0.00698 
2026-07-20 19:40:31: [PP369] [AutoTrade] XAI LONG có Score = 5.9đ < 6đ — bỏ qua 
2026-07-20 19:41:01: [PP369] [AutoTrade] XAI → LONG (Score: +5.9đ) tại $0.00698 
2026-07-20 19:41:01: [PP369] [AutoTrade] XAI LONG có Score = 5.9đ < 6đ — bỏ qua 
2026-07-20 19:41:31: [PP369] [AutoTrade] XAI → LONG (Score: +5.9đ) tại $0.00698 
2026-07-20 19:41:31: [PP369] [AutoTrade] XAI LONG có Score = 5.9đ < 6đ — bỏ qua 
2026-07-20 19:42:01: [PP369] [AutoTrade] XAI → LONG (Score: +5.9đ) tại $0.00698 
2026-07-20 19:42:01: [PP369] [AutoTrade] XAI LONG có Score = 5.9đ < 6đ — bỏ qua 
2026-07-20 19:43:01: [PP369] [AutoTrade] HYPER → SHORT (Score: +6.5đ) tại $0.0667 
2026-07-20 19:43:01: [PP369] [AutoTrade] Set leverage HYPERUSDT = 12x (Lưới: 3.89% → tính được 12x, giới hạn: 50x | Ký quỹ mục tiêu: $10) 
2026-07-20 19:43:01: [PP369] [AutoTrade] ✓ HYPER SELL 1799 @ $0.0667 orderId=1397894714 status=NEW 
2026-07-20 19:43:31: [PP369] [AutoTrade] XAI → LONG (Score: +5.9đ) tại $0.00698 
2026-07-20 19:43:31: [PP369] [AutoTrade] XAI LONG có Score = 5.9đ < 6đ — bỏ qua 
2026-07-20 19:44:01: [PP369] [AutoTrade] XAI → LONG (Score: +5.9đ) tại $0.00698 
2026-07-20 19:44:01: [PP369] [AutoTrade] XAI LONG có Score = 5.9đ < 6đ — bỏ qua 
2026-07-20 19:44:31: [PP369] [AutoTrade] XAI → LONG (Score: +5.9đ) tại $0.00698 
2026-07-20 19:44:31: [PP369] [AutoTrade] XAI LONG có Score = 5.9đ < 6đ — bỏ qua 
2026-07-20 19:45:01: [PP369] [AutoTrade] XAI → LONG (Score: +5.9đ) tại $0.00698 
2026-07-20 19:45:01: [PP369] [AutoTrade] XAI LONG có Score = 5.9đ < 6đ — bỏ qua 
2026-07-20 19:45:31: [PP369] [AutoTrade] XAI → LONG (Score: +5.9đ) tại $0.00698 
2026-07-20 19:45:31: [PP369] [AutoTrade] XAI LONG có Score = 5.9đ < 6đ — bỏ qua 
2026-07-20 19:46:01: [PP369] [AutoTrade] XAI → LONG (Score: +5.9đ) tại $0.00698 
2026-07-20 19:46:01: [PP369] [AutoTrade] XAI LONG có Score = 5.9đ < 6đ — bỏ qua 
2026-07-20 19:46:31: [PP369] [AutoTrade] XAI → LONG (Score: +5.9đ) tại $0.00698 
2026-07-20 19:46:31: [PP369] [AutoTrade] XAI LONG có Score = 5.9đ < 6đ — bỏ qua 
2026-07-20 19:47:01: [PP369] [AutoTrade] XAI → LONG (Score: +5.9đ) tại $0.00698 
2026-07-20 19:47:01: [PP369] [AutoTrade] XAI LONG có Score = 5.9đ < 6đ — bỏ qua 
2026-07-20 19:47:31: [PP369] [AutoTrade] XAI → LONG (Score: +5.9đ) tại $0.00698 
2026-07-20 19:47:31: [PP369] [AutoTrade] XAI LONG có Score = 5.9đ < 6đ — bỏ qua 
2026-07-20 19:48:01: [PP369] [AutoTrade] XAI → LONG (Score: +5.9đ) tại $0.00698 
2026-07-20 19:48:01: [PP369] [AutoTrade] XAI LONG có Score = 5.9đ < 6đ — bỏ qua 
2026-07-20 19:48:31: [PP369] [AutoTrade] XAI → LONG (Score: +5.9đ) tại $0.00698 
2026-07-20 19:48:31: [PP369] [AutoTrade] XAI LONG có Score = 5.9đ < 6đ — bỏ qua 
2026-07-20 19:49:31: [PP369] [AutoTrade] XAI → LONG (Score: +5.9đ) tại $0.00698 
2026-07-20 19:49:31: [PP369] [AutoTrade] XAI LONG có Score = 5.9đ < 6đ — bỏ qua 
2026-07-20 19:50:01: [PP369] [AutoTrade] XAI → LONG (Score: +5.9đ) tại $0.00698 
2026-07-20 19:50:01: [PP369] [AutoTrade] XAI LONG có Score = 5.9đ < 6đ — bỏ qua 
2026-07-20 19:50:31: [PP369] [AutoTrade] XAI → LONG (Score: +5.9đ) tại $0.00698 
2026-07-20 19:50:31: [PP369] [AutoTrade] XAI LONG có Score = 5.9đ < 6đ — bỏ qua 
2026-07-20 19:50:31: [PP369] [AutoTrade] ENSO → SHORT (Score: +5.9đ) tại $0.7447 
2026-07-20 19:50:31: [PP369] [AutoTrade] ENSO SHORT có Score = 5.9đ < 6đ — bỏ qua 
2026-07-20 19:51:01: [PP369] [AutoTrade] XAI → LONG (Score: +5.9đ) tại $0.00698 
2026-07-20 19:51:01: [PP369] [AutoTrade] XAI LONG có Score = 5.9đ < 6đ — bỏ qua 
2026-07-20 19:51:31: [PP369] [AutoTrade] XAI → LONG (Score: +5.9đ) tại $0.00698 
2026-07-20 19:51:31: [PP369] [AutoTrade] XAI LONG có Score = 5.9đ < 6đ — bỏ qua 
2026-07-20 19:52:01: [PP369] [AutoTrade] XAI → LONG (Score: +5.9đ) tại $0.00698 
2026-07-20 19:52:01: [PP369] [AutoTrade] XAI LONG có Score = 5.9đ < 6đ — bỏ qua 
2026-07-20 19:52:31: [PP369] [AutoTrade] XAI → LONG (Score: +5.9đ) tại $0.00698 
2026-07-20 19:52:31: [PP369] [AutoTrade] XAI LONG có Score = 5.9đ < 6đ — bỏ qua 
2026-07-20 19:53:01: [PP369] [AutoTrade] XAI → LONG (Score: +5.9đ) tại $0.00698 
2026-07-20 19:53:01: [PP369] [AutoTrade] XAI LONG có Score = 5.9đ < 6đ — bỏ qua 
2026-07-20 19:53:31: [PP369] [AutoTrade] XAI → LONG (Score: +5.9đ) tại $0.00698 
2026-07-20 19:53:31: [PP369] [AutoTrade] XAI LONG có Score = 5.9đ < 6đ — bỏ qua 
2026-07-20 19:53:58: [PP369] [AutoTrade] Trailing SL: AKT đạt ROI 9.29% -> Dịch SL trên sàn về entry + 1% ROI ($0.5294) [Mức: Hòa vốn] 
2026-07-20 19:53:58: [PP369] [AutoTrade] Đã hủy SL cũ của AKT (orderId=1000002463696896) 
2026-07-20 19:53:58: [PP369] [AutoTrade] ✓ Đã dịch SL mới cho AKT @ $0.5294000 (orderId=1000002463785561) 
2026-07-20 19:59:30: [PP369] [AutoTrade] Lệnh LIMIT của HYPER đã treo quá 15 phút (15.0 phút) -> Tiến hành hủy... 
2026-07-20 19:59:30: [PP369] [AutoTrade] ✓ Đã hủy thành công lệnh LIMIT treo của HYPER 
2026-07-20 20:10:12: [PP369] [Binance] Đã đồng bộ giờ: offset = 86824ms (Giờ server: 2026-07-20T13:11:38.993Z) 
2026-07-20 20:19:32: [PP369] [AutoTrade] RAVE → SHORT (Score: +7.4đ) tại $0.2889 
2026-07-20 20:19:32: [PP369] [AutoTrade] Set leverage RAVEUSDT = 8x (Lưới: 5.82% → tính được 8x, giới hạn: 20x | Ký quỹ mục tiêu: $15) 
2026-07-20 20:19:32: [PP369] [AutoTrade] ✓ RAVE SELL 415 @ $0.2889 orderId=4072539391 status=NEW 
2026-07-20 20:29:01: [PP369] [AutoTrade] Trailing SL: AKT đạt ROI 18.00% -> Dịch SL trên sàn về entry + 10% ROI ($0.5241) [Mức: Khóa lãi] 
2026-07-20 20:29:01: [PP369] [AutoTrade] Đã hủy SL cũ của AKT (orderId=1000002463785561) 
2026-07-20 20:29:01: [PP369] [AutoTrade] ✓ Đã dịch SL mới cho AKT @ $0.5241000 (orderId=1000002463831728) 
2026-07-20 20:32:52: [PP369] [AutoTrade] ✓ Đặt TP RAVE @ $0.2817000 (đối ứng BUY) orderId=1000002463843897 
2026-07-20 20:32:52: [PP369] [AutoTrade] ✓ Đặt SL RAVE @ $0.2936000 (đối ứng BUY) orderId=1000002463843898 
2026-07-20 20:36:31: [PP369] [AutoTrade] XNY → SHORT (Score: +5đ) tại $0.006497 
2026-07-20 20:36:31: [PP369] [AutoTrade] XNY SHORT có Score = 5đ < 6đ — bỏ qua 
2026-07-20 20:40:12: [PP369] [Binance] Đã đồng bộ giờ: offset = 86999ms (Giờ server: 2026-07-20T13:41:39.175Z) 
2026-07-20 20:51:04: [PP369] [AutoTrade] Trailing SL: RAVE đạt ROI 9.14% -> Dịch SL trên sàn về entry + 1% ROI ($0.2885) [Mức: Hòa vốn] 
2026-07-20 20:51:04: [PP369] [AutoTrade] Đã hủy SL cũ của RAVE (orderId=1000002463843898) 
2026-07-20 20:51:04: [PP369] [AutoTrade] ✓ Đã dịch SL mới cho RAVE @ $0.2885000 (orderId=1000002463887866) 
2026-07-20 20:52:31: [PP369] [AutoTrade] KAITO → LONG (Score: +6.3đ) tại $0.9563 
2026-07-20 20:52:31: [PP369] [AutoTrade] KAITO LONG không đạt Tiêu chí 2 (Biến động H1/M15 an toàn) — bỏ qua 
2026-07-20 20:53:31: [PP369] [AutoTrade] KAITO → LONG (Score: +6.3đ) tại $0.9563 
2026-07-20 20:53:31: [PP369] [AutoTrade] KAITO LONG không đạt Tiêu chí 2 (Biến động H1/M15 an toàn) — bỏ qua 
2026-07-20 21:10:12: [PP369] [Binance] Đã đồng bộ giờ: offset = 87174ms (Giờ server: 2026-07-20T14:11:39.345Z) 
2026-07-20 21:11:31: [PP369] [AutoTrade] Trailing SL: RAVE đạt ROI 15.23% -> Dịch SL trên sàn về entry + 8% ROI ($0.2860) [Mức: Khóa lãi] 
2026-07-20 21:11:32: [PP369] [AutoTrade] Đã hủy SL cũ của RAVE (orderId=1000002463887866) 
2026-07-20 21:11:32: [PP369] [AutoTrade] ✓ Đã dịch SL mới cho RAVE @ $0.2860000 (orderId=1000002463934680) 
2026-07-20 21:19:02: [PP369] [AutoTrade] ENS → LONG (Score: +5.5đ) tại $4.342 
2026-07-20 21:19:02: [PP369] [AutoTrade] ENS LONG có Score = 5.5đ < 6đ — bỏ qua 
2026-07-20 21:20:01: [PP369] [AutoTrade] ENS → LONG (Score: +5.5đ) tại $4.342 
2026-07-20 21:20:01: [PP369] [AutoTrade] ENS LONG có Score = 5.5đ < 6đ — bỏ qua 
2026-07-20 21:20:31: [PP369] [AutoTrade] ENS → LONG (Score: +5.5đ) tại $4.342 
2026-07-20 21:20:31: [PP369] [AutoTrade] ENS LONG có Score = 5.5đ < 6đ — bỏ qua 
2026-07-20 21:21:01: [PP369] [AutoTrade] ENS → LONG (Score: +5.5đ) tại $4.342 
2026-07-20 21:21:01: [PP369] [AutoTrade] ENS LONG có Score = 5.5đ < 6đ — bỏ qua 
2026-07-20 21:21:31: [PP369] [AutoTrade] ENS → LONG (Score: +5.5đ) tại $4.342 
2026-07-20 21:21:31: [PP369] [AutoTrade] ENS LONG có Score = 5.5đ < 6đ — bỏ qua 
2026-07-20 21:28:31: [PP369] [AutoTrade] VIRTUAL → SHORT (Score: +5.3đ) tại $0.6449 
2026-07-20 21:28:31: [PP369] [AutoTrade] VIRTUAL SHORT có Score = 5.3đ < 6đ — bỏ qua 
2026-07-20 21:29:01: [PP369] [AutoTrade] VIRTUAL → SHORT (Score: +5.3đ) tại $0.6449 
2026-07-20 21:29:01: [PP369] [AutoTrade] VIRTUAL SHORT có Score = 5.3đ < 6đ — bỏ qua 
2026-07-20 21:31:31: [PP369] [AutoTrade] VIRTUAL → SHORT (Score: +5.3đ) tại $0.6449 
2026-07-20 21:31:31: [PP369] [AutoTrade] VIRTUAL SHORT có Score = 5.3đ < 6đ — bỏ qua 
2026-07-20 21:32:01: [PP369] [AutoTrade] VIRTUAL → SHORT (Score: +5.1đ) tại $0.6449 
2026-07-20 21:32:01: [PP369] [AutoTrade] VIRTUAL SHORT có Score = 5.1đ < 6đ — bỏ qua 
2026-07-20 21:32:31: [PP369] [AutoTrade] VIRTUAL → SHORT (Score: +5.1đ) tại $0.6449 
2026-07-20 21:32:31: [PP369] [AutoTrade] VIRTUAL SHORT có Score = 5.1đ < 6đ — bỏ qua 
2026-07-20 21:40:12: [PP369] [Binance] Đã đồng bộ giờ: offset = 87349ms (Giờ server: 2026-07-20T14:41:39.547Z) 
2026-07-20 21:40:13: [PP369] [AutoTrade] [CoinRefresh] Tái kiểm tra danh sách: 465 → 467 coin hợp lệ theo giá hiện tại. 
2026-07-20 21:53:01: [PP369] [AutoTrade] KOMA → SHORT (Score: +5.699999999999999đ) tại $0.00793 
2026-07-20 21:53:01: [PP369] [AutoTrade] KOMA SHORT có Score = 5.699999999999999đ < 6đ — bỏ qua 
2026-07-20 21:53:31: [PP369] [AutoTrade] KOMA → SHORT (Score: +5.699999999999999đ) tại $0.00793 
2026-07-20 21:53:31: [PP369] [AutoTrade] KOMA SHORT có Score = 5.699999999999999đ < 6đ — bỏ qua 
2026-07-20 21:54:01: [PP369] [AutoTrade] KOMA → SHORT (Score: +5.699999999999999đ) tại $0.00793 
2026-07-20 21:54:01: [PP369] [AutoTrade] KOMA SHORT có Score = 5.699999999999999đ < 6đ — bỏ qua 
2026-07-20 21:54:32: [PP369] [AutoTrade] AERO → LONG (Score: +7.5đ) tại $0.4342 
2026-07-20 21:54:32: [PP369] [AutoTrade] Set leverage AEROUSDT = 7x (Lưới: 6.45% → tính được 7x, giới hạn: 75x | Ký quỹ mục tiêu: $15) 
2026-07-20 21:54:32: [PP369] [AutoTrade] ✓ AERO BUY 241.8 @ $0.4342 orderId=1468418469 status=NEW 
2026-07-20 21:54:33: [PP369] [AutoTrade] KOMA → SHORT (Score: +5.699999999999999đ) tại $0.00793 
2026-07-20 21:54:33: [PP369] [AutoTrade] KOMA SHORT có Score = 5.699999999999999đ < 6đ — bỏ qua 
2026-07-20 21:55:01: [PP369] [AutoTrade] KOMA → SHORT (Score: +5.699999999999999đ) tại $0.00793 
2026-07-20 21:55:01: [PP369] [AutoTrade] KOMA SHORT có Score = 5.699999999999999đ < 6đ — bỏ qua 
2026-07-20 22:10:01: [PP369] [AutoTrade] SIREN → SHORT (Score: +6.8đ) tại $0.0325 
2026-07-20 22:10:01: [PP369] [AutoTrade] Set leverage SIRENUSDT = 8x (Lưới: 5.62% → tính được 8x, giới hạn: 10x | Ký quỹ mục tiêu: $10) 
2026-07-20 22:10:01: [PP369] [AutoTrade] ✓ SIREN SELL 2461 @ $0.0325 orderId=4378480907 status=NEW 
2026-07-20 22:10:11: [PP369] [AutoTrade] ✓ Đặt TP SIREN @ $0.0320900 (đối ứng BUY) orderId=1000002464041420 
2026-07-20 22:10:11: [PP369] [AutoTrade] ✓ Đặt SL SIREN @ $0.0329100 (đối ứng BUY) orderId=1000002464041432 
2026-07-20 22:10:12: [PP369] [Binance] Đã đồng bộ giờ: offset = 87523ms (Giờ server: 2026-07-20T15:11:39.696Z) 
2026-07-20 22:11:00: [PP369] [AutoTrade] Lệnh LIMIT của AERO đã treo quá 15 phút (15.0 phút) -> Tiến hành hủy... 
2026-07-20 22:11:00: [PP369] [AutoTrade] ✓ Đã hủy thành công lệnh LIMIT treo của AERO 
2026-07-20 22:31:01: [PP369] [AutoTrade] KAITO → SHORT (Score: +4.6đ) tại $0.9862 
2026-07-20 22:31:01: [PP369] [AutoTrade] KAITO SHORT có Score = 4.6đ < 6đ — bỏ qua 
2026-07-20 22:31:31: [PP369] [AutoTrade] KAITO → SHORT (Score: +4.6đ) tại $0.9862 
2026-07-20 22:31:31: [PP369] [AutoTrade] KAITO SHORT có Score = 4.6đ < 6đ — bỏ qua 
2026-07-20 22:40:12: [PP369] [Binance] Đã đồng bộ giờ: offset = 87699ms (Giờ server: 2026-07-20T15:41:39.905Z) 
2026-07-20 22:42:02: [PP369] [AutoTrade] KOMA → SHORT (Score: +4.5đ) tại $0.00853 
2026-07-20 22:42:02: [PP369] [AutoTrade] KOMA SHORT không đạt Tiêu chí 2 (Biến động H1/M15 an toàn) — bỏ qua 
2026-07-20 22:51:32: [PP369] [AutoTrade] HOLO → SHORT (Score: +6.9đ) tại $0.06183 
2026-07-20 22:51:32: [PP369] [AutoTrade] Set leverage HOLOUSDT = 13x (Lưới: 3.59% → tính được 13x, giới hạn: 50x | Ký quỹ mục tiêu: $10) 
2026-07-20 22:51:32: [PP369] [AutoTrade] ✓ HOLO SELL 2102 @ $0.06183 orderId=829053252 status=NEW 
2026-07-20 23:08:00: [PP369] [AutoTrade] Lệnh LIMIT của HOLO đã treo quá 15 phút (15.0 phút) -> Tiến hành hủy... 
2026-07-20 23:08:00: [PP369] [AutoTrade] ✓ Đã hủy thành công lệnh LIMIT treo của HOLO 
2026-07-20 23:10:12: [PP369] [Binance] Đã đồng bộ giờ: offset = 87874ms (Giờ server: 2026-07-20T16:11:40.079Z) 
2026-07-20 23:34:31: [PP369] [AutoTrade] XNY → LONG (Score: +7đ) tại $0.006202 
2026-07-20 23:34:32: [PP369] [AutoTrade] Set leverage XNYUSDT = 10x (Lưới: 4.76% → tính được 10x, giới hạn: 10x | Ký quỹ mục tiêu: $15) 
2026-07-20 23:34:32: [PP369] [AutoTrade] ✓ XNY BUY 24185 @ $0.006202 orderId=1200124705 status=NEW 
2026-07-20 23:40:12: [PP369] [Binance] Đã đồng bộ giờ: offset = 88049ms (Giờ server: 2026-07-20T16:41:40.219Z) 
2026-07-20 23:40:24: [PP369] [AutoTrade] ✓ Đặt TP XNY @ $0.0063260 (đối ứng SELL) orderId=1000002464209722 
2026-07-20 23:40:24: [PP369] [AutoTrade] ✓ Đặt SL XNY @ $0.0061210 (đối ứng SELL) orderId=1000002464209729 
2026-07-20 23:43:36: [PP369] [AutoTrade] Trailing SL: XNY đạt ROI 9.49% -> Dịch SL trên sàn về entry + 1% ROI ($0.006208) [Mức: Hòa vốn] 
2026-07-20 23:43:36: [PP369] [AutoTrade] Đã hủy SL cũ của XNY (orderId=1000002464209729) 
2026-07-20 23:43:36: [PP369] [AutoTrade] ✓ Đã dịch SL mới cho XNY @ $0.0062080 (orderId=1000002464214655) 
2026-07-21 00:00:32: [PP369] [AutoTrade] INIT → SHORT (Score: +6đ) tại $0.0548 
2026-07-21 00:00:32: [PP369] [AutoTrade] Set leverage INITUSDT = 8x (Lưới: 5.59% → tính được 8x, giới hạn: 25x | Ký quỹ mục tiêu: $10) 
2026-07-21 00:00:32: [PP369] [AutoTrade] ✓ INIT SELL 1459 @ $0.0548 orderId=1709705014 status=NEW 
2026-07-21 00:02:02: [PP369] [AutoTrade] TREE → SHORT (Score: +6.5đ) tại $0.0373 
2026-07-21 00:02:02: [PP369] [AutoTrade] Set leverage TREEUSDT = 7x (Lưới: 6.88% → tính được 7x, giới hạn: 10x | Ký quỹ mục tiêu: $10) 
2026-07-21 00:02:02: [PP369] [AutoTrade] ✓ TREE SELL 1876 @ $0.0373 orderId=1081848090 status=NEW 
2026-07-21 00:03:09: [PP369] [AutoTrade] ✓ Đặt TP TREE @ $0.0367700 (đối ứng BUY) orderId=1000002464245047 
2026-07-21 00:03:09: [PP369] [AutoTrade] ✓ Đặt SL TREE @ $0.0378300 (đối ứng BUY) orderId=1000002464245049 
2026-07-21 00:10:12: [PP369] [Binance] Đã đồng bộ giờ: offset = 88223ms (Giờ server: 2026-07-20T17:11:40.399Z) 
2026-07-21 00:16:03: [PP369] [AutoTrade] ✓ Đặt TP INIT @ $0.0541100 (đối ứng BUY) orderId=1000002464262954 
2026-07-21 00:16:04: [PP369] [AutoTrade] ✓ Đặt SL INIT @ $0.0554800 (đối ứng BUY) orderId=1000002464262959 
2026-07-21 00:16:33: [PP369] [AutoTrade] Trailing SL: INIT đạt ROI 5.26% -> Dịch SL trên sàn về entry + 1% ROI ($0.05473) [Mức: Hòa vốn] 
2026-07-21 00:16:33: [PP369] [AutoTrade] Đã hủy SL cũ của INIT (orderId=1000002464262959) 
2026-07-21 00:16:33: [PP369] [AutoTrade] ✓ Đã dịch SL mới cho INIT @ $0.0547300 (orderId=1000002464263598) 
2026-07-21 00:26:31: [PP369] [AutoTrade] TURTLE → LONG (Score: +5.7đ) tại $0.03629 
2026-07-21 00:26:31: [PP369] [AutoTrade] TURTLE LONG có Score = 5.7đ < 6đ — bỏ qua 
2026-07-21 00:28:31: [PP369] [AutoTrade] INJ → SHORT (Score: +5.9đ) tại $5.386 
2026-07-21 00:28:31: [PP369] [AutoTrade] INJ SHORT có Score = 5.9đ < 6đ — bỏ qua 
2026-07-21 00:29:01: [PP369] [AutoTrade] INJ → SHORT (Score: +5.9đ) tại $5.386 
2026-07-21 00:29:01: [PP369] [AutoTrade] INJ SHORT có Score = 5.9đ < 6đ — bỏ qua 
2026-07-21 00:29:31: [PP369] [AutoTrade] INJ → SHORT (Score: +5.9đ) tại $5.386 
2026-07-21 00:29:31: [PP369] [AutoTrade] INJ SHORT có Score = 5.9đ < 6đ — bỏ qua 
2026-07-21 00:30:01: [PP369] [AutoTrade] INJ → SHORT (Score: +5.9đ) tại $5.386 
2026-07-21 00:30:01: [PP369] [AutoTrade] INJ SHORT có Score = 5.9đ < 6đ — bỏ qua 
2026-07-21 00:31:01: [PP369] [AutoTrade] INJ → SHORT (Score: +5.9đ) tại $5.386 
2026-07-21 00:31:01: [PP369] [AutoTrade] INJ SHORT có Score = 5.9đ < 6đ — bỏ qua 
2026-07-21 00:31:31: [PP369] [AutoTrade] INJ → SHORT (Score: +5.9đ) tại $5.386 
2026-07-21 00:31:31: [PP369] [AutoTrade] INJ SHORT có Score = 5.9đ < 6đ — bỏ qua 
2026-07-21 00:32:01: [PP369] [AutoTrade] INJ → SHORT (Score: +5.9đ) tại $5.386 
2026-07-21 00:32:01: [PP369] [AutoTrade] INJ SHORT có Score = 5.9đ < 6đ — bỏ qua 
2026-07-21 00:32:36: [PP369] [AutoTrade] Trailing SL: TREE đạt ROI 5.14% -> Dịch SL trên sàn về entry + 1% ROI ($0.03725) [Mức: Hòa vốn] 
2026-07-21 00:32:37: [PP369] [AutoTrade] Đã hủy SL cũ của TREE (orderId=1000002464245049) 
2026-07-21 00:32:37: [PP369] [AutoTrade] ✓ Đã dịch SL mới cho TREE @ $0.0372500 (orderId=1000002464283565) 
2026-07-21 00:39:31: [PP369] [AutoTrade] INJ → SHORT (Score: +5.9đ) tại $5.386 
2026-07-21 00:39:31: [PP369] [AutoTrade] INJ SHORT có Score = 5.9đ < 6đ — bỏ qua 
2026-07-21 00:40:01: [PP369] [AutoTrade] INJ → SHORT (Score: +5.9đ) tại $5.386 
2026-07-21 00:40:01: [PP369] [AutoTrade] INJ SHORT có Score = 5.9đ < 6đ — bỏ qua 
2026-07-21 00:40:12: [PP369] [Binance] Đã đồng bộ giờ: offset = 88398ms (Giờ server: 2026-07-20T17:41:40.569Z) 
2026-07-21 00:40:31: [PP369] [AutoTrade] INJ → SHORT (Score: +5.9đ) tại $5.386 
2026-07-21 00:40:31: [PP369] [AutoTrade] INJ SHORT có Score = 5.9đ < 6đ — bỏ qua 
2026-07-21 00:41:31: [PP369] [AutoTrade] INJ → SHORT (Score: +5.9đ) tại $5.386 
2026-07-21 00:41:31: [PP369] [AutoTrade] INJ SHORT có Score = 5.9đ < 6đ — bỏ qua 
2026-07-21 00:42:01: [PP369] [AutoTrade] INJ → SHORT (Score: +5.9đ) tại $5.386 
2026-07-21 00:42:01: [PP369] [AutoTrade] INJ SHORT có Score = 5.9đ < 6đ — bỏ qua 
2026-07-21 00:42:31: [PP369] [AutoTrade] INJ → SHORT (Score: +5.9đ) tại $5.386 
2026-07-21 00:42:31: [PP369] [AutoTrade] INJ SHORT có Score = 5.9đ < 6đ — bỏ qua 
2026-07-21 00:43:01: [PP369] [AutoTrade] INJ → SHORT (Score: +5.9đ) tại $5.386 
2026-07-21 00:43:01: [PP369] [AutoTrade] INJ SHORT có Score = 5.9đ < 6đ — bỏ qua 
2026-07-21 00:43:31: [PP369] [AutoTrade] INJ → SHORT (Score: +5.9đ) tại $5.386 
2026-07-21 00:43:31: [PP369] [AutoTrade] INJ SHORT có Score = 5.9đ < 6đ — bỏ qua 
2026-07-21 00:44:01: [PP369] [AutoTrade] INJ → SHORT (Score: +5.9đ) tại $5.386 
2026-07-21 00:44:01: [PP369] [AutoTrade] INJ SHORT có Score = 5.9đ < 6đ — bỏ qua 
2026-07-21 00:44:32: [PP369] [AutoTrade] INJ → SHORT (Score: +5.9đ) tại $5.386 
2026-07-21 00:44:32: [PP369] [AutoTrade] INJ SHORT có Score = 5.9đ < 6đ — bỏ qua 
2026-07-21 00:53:01: [PP369] [AutoTrade] 1INCH → SHORT (Score: +4.9đ) tại $0.0746 
2026-07-21 00:53:01: [PP369] [AutoTrade] 1INCH SHORT có Score = 4.9đ < 6đ — bỏ qua 
2026-07-21 00:57:31: [PP369] [AutoTrade] ROSE → SHORT (Score: +7đ) tại $0.00565 
2026-07-21 00:57:32: [PP369] [AutoTrade] Set leverage ROSEUSDT = 9x (Lưới: 5.02% → tính được 9x, giới hạn: 50x | Ký quỹ mục tiêu: $15) 
2026-07-21 00:57:32: [PP369] [AutoTrade] ✓ ROSE SELL 23893 @ $0.00565 orderId=6369436378 status=NEW 
2026-07-21 00:59:31: [PP369] [AutoTrade] ✓ Đặt TP ROSE @ $0.0055240 (đối ứng BUY) orderId=1000002464316666 
2026-07-21 00:59:31: [PP369] [AutoTrade] ✓ Đặt SL ROSE @ $0.0057320 (đối ứng BUY) orderId=1000002464316669 
2026-07-21 01:00:01: [PP369] [AutoTrade] 1INCH → SHORT (Score: +6.4đ) tại $0.0746 
2026-07-21 01:00:01: [PP369] [AutoTrade] 1INCH SHORT Score = 6.4đ + H4 ngược xu hướng — bỏ qua (counter-trend < 6.5đ) 
2026-07-21 01:00:31: [PP369] [AutoTrade] 1INCH → SHORT (Score: +6.4đ) tại $0.0746 
2026-07-21 01:00:31: [PP369] [AutoTrade] 1INCH SHORT Score = 6.4đ + H4 ngược xu hướng — bỏ qua (counter-trend < 6.5đ) 
2026-07-21 01:01:02: [PP369] [AutoTrade] 1INCH → SHORT (Score: +6.4đ) tại $0.0746 
2026-07-21 01:01:02: [PP369] [AutoTrade] 1INCH SHORT Score = 6.4đ + H4 ngược xu hướng — bỏ qua (counter-trend < 6.5đ) 
2026-07-21 01:01:31: [PP369] [AutoTrade] 1INCH → SHORT (Score: +6.4đ) tại $0.0746 
2026-07-21 01:01:31: [PP369] [AutoTrade] 1INCH SHORT Score = 6.4đ + H4 ngược xu hướng — bỏ qua (counter-trend < 6.5đ) 
2026-07-21 01:02:01: [PP369] [AutoTrade] 1INCH → SHORT (Score: +6.4đ) tại $0.0746 
2026-07-21 01:02:01: [PP369] [AutoTrade] 1INCH SHORT Score = 6.4đ + H4 ngược xu hướng — bỏ qua (counter-trend < 6.5đ) 
2026-07-21 01:02:31: [PP369] [AutoTrade] 1INCH → SHORT (Score: +6.4đ) tại $0.0746 
2026-07-21 01:02:31: [PP369] [AutoTrade] 1INCH SHORT Score = 6.4đ + H4 ngược xu hướng — bỏ qua (counter-trend < 6.5đ) 
2026-07-21 01:03:01: [PP369] [AutoTrade] 1INCH → SHORT (Score: +6.4đ) tại $0.0746 
2026-07-21 01:03:01: [PP369] [AutoTrade] 1INCH SHORT Score = 6.4đ + H4 ngược xu hướng — bỏ qua (counter-trend < 6.5đ) 
2026-07-21 01:03:31: [PP369] [AutoTrade] 1INCH → SHORT (Score: +6.4đ) tại $0.0746 
2026-07-21 01:03:31: [PP369] [AutoTrade] 1INCH SHORT Score = 6.4đ + H4 ngược xu hướng — bỏ qua (counter-trend < 6.5đ) 
2026-07-21 01:04:01: [PP369] [AutoTrade] 1INCH → SHORT (Score: +6.4đ) tại $0.0746 
2026-07-21 01:04:01: [PP369] [AutoTrade] 1INCH SHORT Score = 6.4đ + H4 ngược xu hướng — bỏ qua (counter-trend < 6.5đ) 
2026-07-21 01:04:31: [PP369] [AutoTrade] 1INCH → SHORT (Score: +6.4đ) tại $0.0746 
2026-07-21 01:04:31: [PP369] [AutoTrade] 1INCH SHORT Score = 6.4đ + H4 ngược xu hướng — bỏ qua (counter-trend < 6.5đ) 
2026-07-21 01:05:01: [PP369] [AutoTrade] 1INCH → SHORT (Score: +6.4đ) tại $0.0746 
2026-07-21 01:05:01: [PP369] [AutoTrade] 1INCH SHORT Score = 6.4đ + H4 ngược xu hướng — bỏ qua (counter-trend < 6.5đ) 
2026-07-21 01:05:31: [PP369] [AutoTrade] 1INCH → SHORT (Score: +6.4đ) tại $0.0746 
2026-07-21 01:05:31: [PP369] [AutoTrade] 1INCH SHORT Score = 6.4đ + H4 ngược xu hướng — bỏ qua (counter-trend < 6.5đ) 
2026-07-21 01:06:01: [PP369] [AutoTrade] 1INCH → SHORT (Score: +6.4đ) tại $0.0746 
2026-07-21 01:06:01: [PP369] [AutoTrade] 1INCH SHORT Score = 6.4đ + H4 ngược xu hướng — bỏ qua (counter-trend < 6.5đ) 
2026-07-21 01:06:31: [PP369] [AutoTrade] 1INCH → SHORT (Score: +6.4đ) tại $0.0746 
2026-07-21 01:06:31: [PP369] [AutoTrade] 1INCH SHORT Score = 6.4đ + H4 ngược xu hướng — bỏ qua (counter-trend < 6.5đ) 
2026-07-21 01:07:01: [PP369] [AutoTrade] 1INCH → SHORT (Score: +6.4đ) tại $0.0746 
2026-07-21 01:07:01: [PP369] [AutoTrade] 1INCH SHORT Score = 6.4đ + H4 ngược xu hướng — bỏ qua (counter-trend < 6.5đ) 
2026-07-21 01:07:31: [PP369] [AutoTrade] 1INCH → SHORT (Score: +6.4đ) tại $0.0746 
2026-07-21 01:07:31: [PP369] [AutoTrade] 1INCH SHORT Score = 6.4đ + H4 ngược xu hướng — bỏ qua (counter-trend < 6.5đ) 
2026-07-21 01:10:12: [PP369] [Binance] Đã đồng bộ giờ: offset = 88573ms (Giờ server: 2026-07-20T18:11:40.745Z) 
2026-07-21 01:11:31: [PP369] [AutoTrade] 1INCH → SHORT (Score: +6.4đ) tại $0.0746 
2026-07-21 01:11:31: [PP369] [AutoTrade] 1INCH SHORT Score = 6.4đ + H4 ngược xu hướng — bỏ qua (counter-trend < 6.5đ) 
2026-07-21 01:11:32: [PP369] [AutoTrade] PIEVERSE → SHORT (Score: +6.4đ) tại $0.6676 
2026-07-21 01:11:32: [PP369] [AutoTrade] Set leverage PIEVERSEUSDT = 12x (Lưới: 3.86% → tính được 12x, giới hạn: 20x | Ký quỹ mục tiêu: $10) 
2026-07-21 01:11:32: [PP369] [AutoTrade] ✓ PIEVERSE SELL 179 @ $0.6676 orderId=1696746663 status=NEW 
2026-07-21 01:12:01: [PP369] [AutoTrade] 1INCH → SHORT (Score: +6.4đ) tại $0.0746 
2026-07-21 01:12:01: [PP369] [AutoTrade] 1INCH SHORT Score = 6.4đ + H4 ngược xu hướng — bỏ qua (counter-trend < 6.5đ) 
2026-07-21 01:12:31: [PP369] [AutoTrade] 1INCH → SHORT (Score: +6.4đ) tại $0.0746 
2026-07-21 01:12:31: [PP369] [AutoTrade] 1INCH SHORT Score = 6.4đ + H4 ngược xu hướng — bỏ qua (counter-trend < 6.5đ) 
2026-07-21 01:13:01: [PP369] [AutoTrade] 1INCH → SHORT (Score: +6.4đ) tại $0.0746 
2026-07-21 01:13:01: [PP369] [AutoTrade] 1INCH SHORT Score = 6.4đ + H4 ngược xu hướng — bỏ qua (counter-trend < 6.5đ) 
2026-07-21 01:13:31: [PP369] [AutoTrade] 1INCH → SHORT (Score: +6.4đ) tại $0.0746 
2026-07-21 01:13:31: [PP369] [AutoTrade] 1INCH SHORT Score = 6.4đ + H4 ngược xu hướng — bỏ qua (counter-trend < 6.5đ) 
2026-07-21 01:14:01: [PP369] [AutoTrade] 1INCH → SHORT (Score: +6.4đ) tại $0.0746 
2026-07-21 01:14:01: [PP369] [AutoTrade] 1INCH SHORT Score = 6.4đ + H4 ngược xu hướng — bỏ qua (counter-trend < 6.5đ) 
2026-07-21 01:14:31: [PP369] [AutoTrade] 1INCH → SHORT (Score: +6.4đ) tại $0.0746 
2026-07-21 01:14:31: [PP369] [AutoTrade] 1INCH SHORT Score = 6.4đ + H4 ngược xu hướng — bỏ qua (counter-trend < 6.5đ) 
2026-07-21 01:15:01: [PP369] [AutoTrade] 1INCH → SHORT (Score: +6.4đ) tại $0.0746 
2026-07-21 01:15:01: [PP369] [AutoTrade] 1INCH SHORT Score = 6.4đ + H4 ngược xu hướng — bỏ qua (counter-trend < 6.5đ) 
2026-07-21 01:15:31: [PP369] [AutoTrade] 1INCH → SHORT (Score: +6.4đ) tại $0.0746 
2026-07-21 01:15:31: [PP369] [AutoTrade] 1INCH SHORT Score = 6.4đ + H4 ngược xu hướng — bỏ qua (counter-trend < 6.5đ) 
2026-07-21 01:16:01: [PP369] [AutoTrade] 1INCH → SHORT (Score: +6.4đ) tại $0.0746 
2026-07-21 01:16:01: [PP369] [AutoTrade] 1INCH SHORT Score = 6.4đ + H4 ngược xu hướng — bỏ qua (counter-trend < 6.5đ) 
2026-07-21 01:16:31: [PP369] [AutoTrade] 1INCH → SHORT (Score: +6.4đ) tại $0.0746 
2026-07-21 01:16:31: [PP369] [AutoTrade] 1INCH SHORT Score = 6.4đ + H4 ngược xu hướng — bỏ qua (counter-trend < 6.5đ) 
2026-07-21 01:17:01: [PP369] [AutoTrade] 1INCH → SHORT (Score: +6.4đ) tại $0.0746 
2026-07-21 01:17:01: [PP369] [AutoTrade] 1INCH SHORT Score = 6.4đ + H4 ngược xu hướng — bỏ qua (counter-trend < 6.5đ) 
2026-07-21 01:17:31: [PP369] [AutoTrade] 1INCH → SHORT (Score: +6.4đ) tại $0.0746 
2026-07-21 01:17:31: [PP369] [AutoTrade] 1INCH SHORT Score = 6.4đ + H4 ngược xu hướng — bỏ qua (counter-trend < 6.5đ) 
2026-07-21 01:22:46: [PP369] [AutoTrade] ✓ Đặt TP PIEVERSE @ $0.6620000 (đối ứng BUY) orderId=1000002464350677 
2026-07-21 01:22:46: [PP369] [AutoTrade] ✓ Đặt SL PIEVERSE @ $0.6732000 (đối ứng BUY) orderId=1000002464350679 
2026-07-21 01:26:37: [PP369] [AutoTrade] Trailing SL: ROSE đạt ROI 9.84% -> Dịch SL trên sàn về entry + 1% ROI ($0.005644) [Mức: Hòa vốn] 
2026-07-21 01:26:37: [PP369] [AutoTrade] Đã hủy SL cũ của ROSE (orderId=1000002464316669) 
2026-07-21 01:26:37: [PP369] [AutoTrade] ✓ Đã dịch SL mới cho ROSE @ $0.0056440 (orderId=1000002464354866) 
2026-07-21 01:40:01: [PP369] [AutoTrade] Trailing SL: ROSE đạt ROI 15.77% -> Dịch SL trên sàn về entry + 8% ROI ($0.005600) [Mức: Khóa lãi] 
2026-07-21 01:40:01: [PP369] [AutoTrade] Đã hủy SL cũ của ROSE (orderId=1000002464354866) 
2026-07-21 01:40:01: [PP369] [AutoTrade] ✓ Đã dịch SL mới cho ROSE @ $0.0056000 (orderId=1000002464370356) 
2026-07-21 01:40:12: [PP369] [Binance] Đã đồng bộ giờ: offset = 88749ms (Giờ server: 2026-07-20T18:41:40.920Z) 
2026-07-21 01:40:13: [PP369] [AutoTrade] [CoinRefresh] Tái kiểm tra danh sách: 467 → 468 coin hợp lệ theo giá hiện tại. 
2026-07-21 02:10:12: [PP369] [Binance] Đã đồng bộ giờ: offset = 88924ms (Giờ server: 2026-07-20T19:11:41.096Z) 
2026-07-21 02:26:31: [PP369] [AutoTrade] MEME → SHORT (Score: +6.5đ) tại $0.000537 
2026-07-21 02:26:32: [PP369] [AutoTrade] Set leverage MEMEUSDT = 15x (Lưới: 3.27% → tính được 15x, giới hạn: 50x | Ký quỹ mục tiêu: $10) 
2026-07-21 02:26:32: [PP369] [AutoTrade] ✓ MEME SELL 279329 @ $0.000537 orderId=7400263675 status=NEW 
2026-07-21 02:26:38: [PP369] [AutoTrade] ✓ Đặt TP MEME @ $0.0005334 (đối ứng BUY) orderId=1000002464425750 
2026-07-21 02:26:38: [PP369] [AutoTrade] ✓ Đặt SL MEME @ $0.0005406 (đối ứng BUY) orderId=1000002464425755 
2026-07-21 02:27:05: [PP369] [AutoTrade] Trailing SL: MEME đạt ROI 7.12% -> Dịch SL trên sàn về entry + 1% ROI ($0.0005366) [Mức: Hòa vốn] 
2026-07-21 02:27:05: [PP369] [AutoTrade] Đã hủy SL cũ của MEME (orderId=1000002464425755) 
2026-07-21 02:27:05: [PP369] [AutoTrade] ✓ Đã dịch SL mới cho MEME @ $0.0005366 (orderId=1000002464426145) 
2026-07-21 02:40:12: [PP369] [Binance] Đã đồng bộ giờ: offset = 89099ms (Giờ server: 2026-07-20T19:41:41.271Z) 
2026-07-21 03:10:12: [PP369] [Binance] Đã đồng bộ giờ: offset = 89272ms (Giờ server: 2026-07-20T20:11:41.487Z) 
2026-07-21 03:14:32: [PP369] [AutoTrade] KOMA → SHORT (Score: +6.6đ) tại $0.00853 
2026-07-21 03:14:32: [PP369] [AutoTrade] Set leverage KOMAUSDT = 10x (Lưới: 3.14% → tính được 15x, giới hạn: 10x | Ký quỹ mục tiêu: $10) 
2026-07-21 03:14:32: [PP369] [AutoTrade] ✓ KOMA SELL 11723 @ $0.00853 orderId=972959160 status=NEW 
2026-07-21 03:19:08: [PP369] [AutoTrade] [ReturnCancel] KOMA SHORT: entry=$0.00853, min=$0.008452 (-0.91%), current=$0.008518 (về 0.14% dưới entry) → Hủy LIMIT stale 
2026-07-21 03:19:31: [PP369] [AutoTrade] KOMA → SHORT (Score: +6.6đ) tại $0.00853 
2026-07-21 03:19:31: [PP369] [AutoTrade] KOMA SHORT đã đặt gần đây — bỏ qua 
2026-07-21 03:40:12: [PP369] [Binance] Đã đồng bộ giờ: offset = 89449ms (Giờ server: 2026-07-20T20:41:41.660Z) 
2026-07-21 04:10:12: [PP369] [Binance] Đã đồng bộ giờ: offset = 89624ms (Giờ server: 2026-07-20T21:11:41.827Z) 
2026-07-21 04:40:12: [PP369] [Binance] Đã đồng bộ giờ: offset = 89798ms (Giờ server: 2026-07-20T21:41:42.009Z) 
2026-07-21 05:10:12: [PP369] [Binance] Đã đồng bộ giờ: offset = 89970ms (Giờ server: 2026-07-20T22:11:42.180Z) 
2026-07-21 05:40:12: [PP369] [Binance] Đã đồng bộ giờ: offset = 90147ms (Giờ server: 2026-07-20T22:41:42.359Z) 
2026-07-21 05:40:13: [PP369] [AutoTrade] [CoinRefresh] Tái kiểm tra danh sách: 468 → 467 coin hợp lệ theo giá hiện tại. 
2026-07-21 06:10:12: [PP369] [Binance] Đã đồng bộ giờ: offset = 90322ms (Giờ server: 2026-07-20T23:11:42.559Z) 
2026-07-21 06:40:12: [PP369] [Binance] Đã đồng bộ giờ: offset = 90498ms (Giờ server: 2026-07-20T23:41:42.705Z) 
2026-07-21 07:10:12: [PP369] [Binance] Đã đồng bộ giờ: offset = 90673ms (Giờ server: 2026-07-21T00:11:42.923Z) 
2026-07-21 07:11:02: [PP369] [AutoTrade] 1000XEC → LONG (Score: +6.8đ) tại $0.00753 
2026-07-21 07:11:02: [PP369] [AutoTrade] Set leverage 1000XECUSDT = 15x (Lưới: 3.32% → tính được 15x, giới hạn: 75x | Ký quỹ mục tiêu: $10) 
2026-07-21 07:11:02: [PP369] [AutoTrade] ✓ 1000XEC BUY 19920 @ $0.00753 orderId=3796465448 status=NEW 
2026-07-21 07:12:17: [PP369] [AutoTrade] ✓ Đặt TP 1000XEC @ $0.0075800 (đối ứng SELL) orderId=1000002464701545 
2026-07-21 07:12:17: [PP369] [AutoTrade] ✓ Đặt SL 1000XEC @ $0.0074800 (đối ứng SELL) orderId=1000002464701546 
2026-07-21 07:14:46: [PP369] [AutoTrade] Trailing SL: 1000XEC đạt ROI 5.18% -> Dịch SL trên sàn về entry + 1% ROI ($0.007535) [Mức: Hòa vốn] 
2026-07-21 07:14:47: [PP369] [AutoTrade] Đã hủy SL cũ của 1000XEC (orderId=1000002464701546) 
2026-07-21 07:14:47: [PP369] [AutoTrade] ✓ Đã dịch SL mới cho 1000XEC @ $0.0075350 (orderId=1000002464705119) 
2026-07-21 07:16:32: [PP369] [AutoTrade] KAITO → LONG (Score: +5.5đ) tại $0.9863 
2026-07-21 07:16:32: [PP369] [AutoTrade] KAITO LONG không đạt Tiêu chí 2 (Biến động H1/M15 an toàn) — bỏ qua 
2026-07-21 07:40:12: [PP369] [Binance] Đã đồng bộ giờ: offset = 90847ms (Giờ server: 2026-07-21T00:41:43.065Z) 
2026-07-21 07:44:02: [PP369] [AutoTrade] 1INCH → SHORT (Score: +5.4đ) tại $0.0746 
2026-07-21 07:44:02: [PP369] [AutoTrade] 1INCH SHORT có Score = 5.4đ < 6đ — bỏ qua 
2026-07-21 07:57:32: [PP369] [AutoTrade] LDO → SHORT (Score: +5.9đ) tại $0.3958 
2026-07-21 07:57:32: [PP369] [AutoTrade] LDO SHORT có Score = 5.9đ < 6đ — bỏ qua 
2026-07-21 08:10:12: [PP369] [Binance] Đã đồng bộ giờ: offset = 91023ms (Giờ server: 2026-07-21T01:11:43.244Z) 
2026-07-21 08:28:02: [PP369] [AutoTrade] KOMA → LONG (Score: +6.6đ) tại $0.00827 
2026-07-21 08:28:02: [PP369] [AutoTrade] Set leverage KOMAUSDT = 10x (Lưới: 3.14% → tính được 15x, giới hạn: 10x | Ký quỹ mục tiêu: $10) 
2026-07-21 08:28:02: [PP369] [AutoTrade] ✓ KOMA BUY 12091 @ $0.00827 orderId=973398067 status=NEW 
2026-07-21 08:29:50: [PP369] [AutoTrade] ✓ Đặt TP KOMA @ $0.0083530 (đối ứng SELL) orderId=1000002464801111 
2026-07-21 08:29:53: [PP369] [AutoTrade] ✓ Đặt SL KOMA @ $0.0081870 (đối ứng SELL) orderId=1000002464801191 
2026-07-21 08:30:59: [PP369] [AutoTrade] Trailing SL: KOMA đạt ROI 5.13% -> Dịch SL trên sàn về entry + 1% ROI ($0.008278) [Mức: Hòa vốn] 
2026-07-21 08:30:59: [PP369] [AutoTrade] Đã hủy SL cũ của KOMA (orderId=1000002464801191) 
2026-07-21 08:30:59: [PP369] [AutoTrade] ✓ Đã dịch SL mới cho KOMA @ $0.0082780 (orderId=1000002464802531) 
2026-07-21 08:32:02: [PP369] [AutoTrade] PYTH → LONG (Score: +7.9đ) tại $0.04679 
2026-07-21 08:32:02: [PP369] [AutoTrade] Set leverage PYTHUSDT = 7x (Lưới: 6.30% → tính được 7x, giới hạn: 75x | Ký quỹ mục tiêu: $15) 
2026-07-21 08:32:02: [PP369] [AutoTrade] ✓ PYTH BUY 2244 @ $0.04679 orderId=5579903881 status=NEW 
2026-07-21 08:33:02: [PP369] [AutoTrade] ✓ Đặt TP PYTH @ $0.0481300 (đối ứng SELL) orderId=1000002464804897 
2026-07-21 08:33:02: [PP369] [AutoTrade] ✓ Đặt SL PYTH @ $0.0459200 (đối ứng SELL) orderId=1000002464804898 
2026-07-21 08:40:12: [PP369] [Binance] Đã đồng bộ giờ: offset = 91197ms (Giờ server: 2026-07-21T01:41:43.375Z) 
2026-07-21 09:02:02: [PP369] [AutoTrade] KAITO → LONG (Score: +7.8đ) tại $0.9563 
2026-07-21 09:02:02: [PP369] [AutoTrade] Set leverage KAITOUSDT = 15x (Lưới: 3.13% → tính được 15x, giới hạn: 75x | Ký quỹ mục tiêu: $15) 
2026-07-21 09:02:02: [PP369] [AutoTrade] ✓ KAITO BUY 235.2 @ $0.9563 orderId=4649688312 status=NEW 
2026-07-21 09:03:32: [PP369] [AutoTrade] PIEVERSE → SHORT (Score: +4.199999999999999đ) tại $0.6976 
2026-07-21 09:03:32: [PP369] [AutoTrade] PIEVERSE SHORT có Score = 4.199999999999999đ < 6đ — bỏ qua 
2026-07-21 09:04:02: [PP369] [AutoTrade] PIEVERSE → SHORT (Score: +4.199999999999999đ) tại $0.6976 
2026-07-21 09:04:02: [PP369] [AutoTrade] PIEVERSE SHORT có Score = 4.199999999999999đ < 6đ — bỏ qua 
2026-07-21 09:04:32: [PP369] [AutoTrade] PIEVERSE → SHORT (Score: +4.199999999999999đ) tại $0.6976 
2026-07-21 09:04:32: [PP369] [AutoTrade] PIEVERSE SHORT có Score = 4.199999999999999đ < 6đ — bỏ qua 
2026-07-21 09:04:57: [PP369] [AutoTrade] ✓ Đặt TP KAITO @ $0.969100 (đối ứng SELL) orderId=1000002464839668 
2026-07-21 09:04:57: [PP369] [AutoTrade] ✓ Đặt SL KAITO @ $0.948000 (đối ứng SELL) orderId=1000002464839672 
2026-07-21 09:05:02: [PP369] [AutoTrade] PIEVERSE → SHORT (Score: +4.199999999999999đ) tại $0.6976 
2026-07-21 09:05:02: [PP369] [AutoTrade] PIEVERSE SHORT có Score = 4.199999999999999đ < 6đ — bỏ qua 
2026-07-21 09:06:02: [PP369] [AutoTrade] PIEVERSE → SHORT (Score: +4.199999999999999đ) tại $0.6976 
2026-07-21 09:06:02: [PP369] [AutoTrade] PIEVERSE SHORT có Score = 4.199999999999999đ < 6đ — bỏ qua 
2026-07-21 09:07:02: [PP369] [AutoTrade] PIEVERSE → SHORT (Score: +4.199999999999999đ) tại $0.6976 
2026-07-21 09:07:02: [PP369] [AutoTrade] PIEVERSE SHORT có Score = 4.199999999999999đ < 6đ — bỏ qua 
2026-07-21 09:08:02: [PP369] [AutoTrade] PIEVERSE → SHORT (Score: +4.4đ) tại $0.6976 
2026-07-21 09:08:02: [PP369] [AutoTrade] PIEVERSE SHORT có Score = 4.4đ < 6đ — bỏ qua 
2026-07-21 09:08:31: [PP369] [AutoTrade] PIEVERSE → SHORT (Score: +4.4đ) tại $0.6976 
2026-07-21 09:08:31: [PP369] [AutoTrade] PIEVERSE SHORT có Score = 4.4đ < 6đ — bỏ qua 
2026-07-21 09:09:01: [PP369] [AutoTrade] PIEVERSE → SHORT (Score: +4.4đ) tại $0.6976 
2026-07-21 09:09:01: [PP369] [AutoTrade] PIEVERSE SHORT có Score = 4.4đ < 6đ — bỏ qua 
2026-07-21 09:10:12: [PP369] [Binance] Đã đồng bộ giờ: offset = 91373ms (Giờ server: 2026-07-21T02:11:43.551Z) 
2026-07-21 09:11:33: [PP369] [AutoTrade] Trailing SL: PYTH đạt ROI 9.13% -> Dịch SL trên sàn về entry + 1% ROI ($0.04686) [Mức: Hòa vốn] 
2026-07-21 09:11:33: [PP369] [AutoTrade] Đã hủy SL cũ của PYTH (orderId=1000002464804898) 
2026-07-21 09:11:33: [PP369] [AutoTrade] ✓ Đã dịch SL mới cho PYTH @ $0.0468600 (orderId=1000002464847603) 
2026-07-21 09:12:02: [PP369] [AutoTrade] PIEVERSE → SHORT (Score: +4.4đ) tại $0.6976 
2026-07-21 09:12:02: [PP369] [AutoTrade] PIEVERSE SHORT có Score = 4.4đ < 6đ — bỏ qua 
2026-07-21 09:18:02: [PP369] [AutoTrade] TRUST → SHORT (Score: +5.5đ) tại $0.05 
2026-07-21 09:18:02: [PP369] [AutoTrade] TRUST SHORT có Score = 5.5đ < 6đ — bỏ qua 
2026-07-21 09:18:32: [PP369] [AutoTrade] TRUST → SHORT (Score: +5.5đ) tại $0.05 
2026-07-21 09:18:32: [PP369] [AutoTrade] TRUST SHORT có Score = 5.5đ < 6đ — bỏ qua 
2026-07-21 09:34:35: ◇ injected env (8) from .env // tip: ⌘ suppress logs { quiet: true }
2026-07-21 09:34:35: [PP369] [369] initH4Cache: Tất cả 779 coin đã có nến H4 đầu năm. 
2026-07-21 09:34:35: [PP369] [Binance] Đã đồng bộ giờ: offset = 91511ms (Giờ server: 2026-07-21T02:36:07.223Z) 
2026-07-21 09:34:35: [AutoTrade] Bỏ qua 137 coin có grid ngoài khoảng 3–30% (theo giá hiện tại): SOL(38.5%), ETC(43.5%), LINK(34.9%), BAT(38.7%), QTUM(42.4%), DOT(36.2%), AVAX(45.4%), AAVE(33.1%), FIL(40.9%), BEL(2.9%), COTI(40.4%), ALICE(2.4%), NKN(2.6%), DGB(1.6%), ATA(1.8%), DYDX(2.5%), KLAY(2.4%), APE(2.1%), DAR(2.1%), OP(32.1%), STG(2.2%), SPELL(35.8%), APT(50.1%), FET(1.9%), CKB(33.1%), AMB(2.5%), RDNT(2.9%), HFT(33.1%), SUI(39.3%), MAV(34.2%), ARKM(2.9%), DODOX(1.9%), RIF(2.5%), SUPER(35.1%), 1000SATS(313.8%), JUP(1.5%), GLM(30.5%), PORTAL(2.8%), MYRO(3.0%), W(32.3%), IO(2.0%), ZK(32.1%), ZRO(37.9%), SYN(1.3%), SYS(1.7%), SUN(1.6%), DOGS(80.3%), BSW(2.5%), QUICK(2.3%), NEIRO(49.4%), FIO(2.5%), GHST(1.8%), LOKA(2.6%), COS(2.5%), SANTOS(59.4%), ACT(34.4%), HIPPO(2.9%), DEGEN(2.9%), 1000WHY(197.4%), THE(54.7%), VELODROME(1.7%), MOCA(34.4%), USUAL(34.0%), DEXE(0.9%), DF(2.6%), COOKIE(34.7%), D(2.2%), PIPPIN(180.3%), VVV(2.6%), TST(2.6%), MUBARAK(2.7%), TUT(2.1%), BROCCOLI714(2.5%), BR(2.0%), PLUME(2.8%), FUN(1.7%), BABY(2.4%), PUMP(1.5%), BANK(1.1%), JST(2.9%), SIGN(35.1%), PUNDIX(36.3%), SXT(40.6%), ASR(34.7%), MILK(3.0%), OG(117.3%), AGT(2.7%), B(1.2%), MERL(173.4%), PUMPBTC(31.8%), MYX(364.4%), DMC(2.3%), OL(1.7%), SAHARA(33.1%), TANSSI(2.4%), VELVET(0.6%), ZORA(46.8%), TAG(2.7%), ESPORTS(142.1%), A2Z(2.1%), YALA(1.8%), AIO(2.6%), LA(56.6%), BAS(1.0%), Q(1.5%), PTB(46.5%), PORT3(2.5%), 1000000BOB(2.0%), AVNT(32.7%), TRADOOR(60.2%), BLESS(2.9%), HANA(0.7%), AKE(1.6%), LIGHT(242.5%), XAN(2.1%), TRUTH(2.4%), YB(38.1%), LAB(2.2%), RIVER(90.9%), 币安人生(0.5%), BLUAI(2.3%), APR(1.4%), ON(2.0%), KITE(2.7%), AT(2.1%), CC(2.4%), UAI(0.9%), STABLE(0.8%), JCT(0.7%), ALLO(0.6%), BOB(2.8%), POWER(36.2%), US(0.8%), BREV(39.9%), MAGMA(1.0%), OPEN(1.9%), RLS(2.8%)
2026-07-21 09:34:36: [PP369] [Binance] Đang lấy leverage brackets cho 470 coin... 
2026-07-21 09:34:36: [PP369] [Binance] Đã lưu leverage cho 470 coin vào step_sizes.json 
2026-07-21 09:34:36: [PP369] [AutoTrade] Khởi động: 470 coin | margin=$10 | 10x | type=LIMIT 
2026-07-21 09:34:36: [PP369] [Binance] Loaded step and tick sizes from existing file: 827 symbols 
2026-07-21 09:34:36: [PP369] [AutoTrade] Đã nạp leverageInfo cho 470 coin từ cache. 
2026-07-21 09:34:37: [PP369] [PP369Stream] Kết nối WebSocket thành công (market/stream) 
2026-07-21 09:34:40: [PP369] [AutoTrade] Bắt đầu scan... 
2026-07-21 10:04:35: [PP369] [Binance] Đã đồng bộ giờ: offset = 91690ms (Giờ server: 2026-07-21T03:06:07.291Z) 
2026-07-21 10:05:03: [PP369] [AutoTrade] CROSS → SHORT (Score: +5.4đ) tại $0.07306 
2026-07-21 10:05:03: [PP369] [AutoTrade] CROSS SHORT có Score = 5.4đ < 6đ — bỏ qua 
2026-07-21 10:07:30: [PP369] [AutoTrade] CROSS → SHORT (Score: +5.4đ) tại $0.07306 
2026-07-21 10:07:30: [PP369] [AutoTrade] CROSS SHORT có Score = 5.4đ < 6đ — bỏ qua 
2026-07-21 10:08:00: [PP369] [AutoTrade] CROSS → SHORT (Score: +5.4đ) tại $0.07306 
2026-07-21 10:08:00: [PP369] [AutoTrade] CROSS SHORT có Score = 5.4đ < 6đ — bỏ qua 
2026-07-21 10:09:00: [PP369] [AutoTrade] CROSS → SHORT (Score: +5.4đ) tại $0.07306 
2026-07-21 10:09:00: [PP369] [AutoTrade] CROSS SHORT có Score = 5.4đ < 6đ — bỏ qua 
2026-07-21 10:10:00: [PP369] [AutoTrade] CROSS → SHORT (Score: +5.4đ) tại $0.07306 
2026-07-21 10:10:00: [PP369] [AutoTrade] CROSS SHORT có Score = 5.4đ < 6đ — bỏ qua 
2026-07-21 10:10:30: [PP369] [AutoTrade] CROSS → SHORT (Score: +5.4đ) tại $0.07306 
2026-07-21 10:10:30: [PP369] [AutoTrade] CROSS SHORT có Score = 5.4đ < 6đ — bỏ qua 
2026-07-21 10:11:00: [PP369] [AutoTrade] CROSS → SHORT (Score: +5.4đ) tại $0.07306 
2026-07-21 10:11:00: [PP369] [AutoTrade] CROSS SHORT có Score = 5.4đ < 6đ — bỏ qua 
2026-07-21 10:19:32: [PP369] [AutoTrade] KOMA → SHORT (Score: +5.199999999999999đ) tại $0.00823 
2026-07-21 10:19:32: [PP369] [AutoTrade] KOMA SHORT có Score = 5.199999999999999đ < 6đ — bỏ qua 
2026-07-21 10:22:30: [PP369] [AutoTrade] KOMA → SHORT (Score: +5.199999999999999đ) tại $0.00823 
2026-07-21 10:22:30: [PP369] [AutoTrade] KOMA SHORT có Score = 5.199999999999999đ < 6đ — bỏ qua 
2026-07-21 10:23:32: [PP369] [AutoTrade] SKY → SHORT (Score: +4.9đ) tại $0.06362 
2026-07-21 10:23:32: [PP369] [AutoTrade] SKY SHORT có Score = 4.9đ < 6đ — bỏ qua 
2026-07-21 10:24:00: [PP369] [AutoTrade] SKY → SHORT (Score: +4.9đ) tại $0.06362 
2026-07-21 10:24:00: [PP369] [AutoTrade] SKY SHORT có Score = 4.9đ < 6đ — bỏ qua 
2026-07-21 10:24:30: [PP369] [AutoTrade] SKY → SHORT (Score: +4.9đ) tại $0.06362 
2026-07-21 10:24:30: [PP369] [AutoTrade] SKY SHORT có Score = 4.9đ < 6đ — bỏ qua 
2026-07-21 10:25:00: [PP369] [AutoTrade] SKY → SHORT (Score: +4.9đ) tại $0.06362 
2026-07-21 10:25:00: [PP369] [AutoTrade] SKY SHORT có Score = 4.9đ < 6đ — bỏ qua 
2026-07-21 10:25:30: [PP369] [AutoTrade] SKY → SHORT (Score: +4.9đ) tại $0.06362 
2026-07-21 10:25:30: [PP369] [AutoTrade] SKY SHORT có Score = 4.9đ < 6đ — bỏ qua 
2026-07-21 10:26:00: [PP369] [AutoTrade] SKY → SHORT (Score: +4.9đ) tại $0.06362 
2026-07-21 10:26:00: [PP369] [AutoTrade] SKY SHORT có Score = 4.9đ < 6đ — bỏ qua 
2026-07-21 10:26:30: [PP369] [AutoTrade] SKY → SHORT (Score: +4.9đ) tại $0.06362 
2026-07-21 10:26:30: [PP369] [AutoTrade] SKY SHORT có Score = 4.9đ < 6đ — bỏ qua 
2026-07-21 10:27:00: [PP369] [AutoTrade] SKY → SHORT (Score: +4.9đ) tại $0.06362 
2026-07-21 10:27:00: [PP369] [AutoTrade] SKY SHORT có Score = 4.9đ < 6đ — bỏ qua 
2026-07-21 10:27:30: [PP369] [AutoTrade] SKY → SHORT (Score: +4.9đ) tại $0.06362 
2026-07-21 10:27:30: [PP369] [AutoTrade] SKY SHORT có Score = 4.9đ < 6đ — bỏ qua 
2026-07-21 10:28:01: [PP369] [AutoTrade] SKY → SHORT (Score: +4.9đ) tại $0.06362 
2026-07-21 10:28:01: [PP369] [AutoTrade] SKY SHORT có Score = 4.9đ < 6đ — bỏ qua 
2026-07-21 10:28:30: [PP369] [AutoTrade] SKY → SHORT (Score: +4.9đ) tại $0.06362 
2026-07-21 10:28:30: [PP369] [AutoTrade] SKY SHORT có Score = 4.9đ < 6đ — bỏ qua 
2026-07-21 10:29:00: [PP369] [AutoTrade] SKY → SHORT (Score: +4.9đ) tại $0.06362 
2026-07-21 10:29:00: [PP369] [AutoTrade] SKY SHORT có Score = 4.9đ < 6đ — bỏ qua 
2026-07-21 10:29:30: [PP369] [AutoTrade] SKY → SHORT (Score: +4.9đ) tại $0.06362 
2026-07-21 10:29:30: [PP369] [AutoTrade] SKY SHORT có Score = 4.9đ < 6đ — bỏ qua 
2026-07-21 10:30:00: [PP369] [AutoTrade] SKY → SHORT (Score: +4.9đ) tại $0.06362 
2026-07-21 10:30:00: [PP369] [AutoTrade] SKY SHORT có Score = 4.9đ < 6đ — bỏ qua 
2026-07-21 10:30:02: [PP369] [AutoTrade] HOLO → LONG (Score: +7.5đ) tại $0.06269 
2026-07-21 10:30:02: [PP369] [AutoTrade] Set leverage HOLOUSDT = 14x (Lưới: 3.41% → tính được 14x, giới hạn: 50x | Ký quỹ mục tiêu: $15) 
2026-07-21 10:30:02: [PP369] [AutoTrade] ✓ HOLO BUY 3349 @ $0.06269 orderId=829463874 status=NEW 
2026-07-21 10:30:30: [PP369] [AutoTrade] SKY → SHORT (Score: +4.9đ) tại $0.06362 
2026-07-21 10:30:30: [PP369] [AutoTrade] SKY SHORT có Score = 4.9đ < 6đ — bỏ qua 
2026-07-21 10:31:03: [PP369] [AutoTrade] SKY → SHORT (Score: +4.9đ) tại $0.06362 
2026-07-21 10:31:03: [PP369] [AutoTrade] SKY SHORT có Score = 4.9đ < 6đ — bỏ qua 
2026-07-21 10:31:30: [PP369] [AutoTrade] SKY → SHORT (Score: +4.9đ) tại $0.06362 
2026-07-21 10:31:30: [PP369] [AutoTrade] SKY SHORT có Score = 4.9đ < 6đ — bỏ qua 
2026-07-21 10:32:00: [PP369] [AutoTrade] SKY → SHORT (Score: +4.9đ) tại $0.06362 
2026-07-21 10:32:00: [PP369] [AutoTrade] SKY SHORT có Score = 4.9đ < 6đ — bỏ qua 
2026-07-21 10:32:30: [PP369] [AutoTrade] SKY → SHORT (Score: +4.9đ) tại $0.06362 
2026-07-21 10:32:30: [PP369] [AutoTrade] SKY SHORT có Score = 4.9đ < 6đ — bỏ qua 
2026-07-21 10:33:00: [PP369] [AutoTrade] KOMA → SHORT (Score: +5.4đ) tại $0.00823 
2026-07-21 10:33:00: [PP369] [AutoTrade] KOMA SHORT có Score = 5.4đ < 6đ — bỏ qua 
2026-07-21 10:33:02: [PP369] [AutoTrade] SKY → SHORT (Score: +4.9đ) tại $0.06362 
2026-07-21 10:33:02: [PP369] [AutoTrade] SKY SHORT có Score = 4.9đ < 6đ — bỏ qua 
2026-07-21 10:33:30: [PP369] [AutoTrade] SKY → SHORT (Score: +4.9đ) tại $0.06362 
2026-07-21 10:33:30: [PP369] [AutoTrade] SKY SHORT có Score = 4.9đ < 6đ — bỏ qua 
2026-07-21 10:34:35: [PP369] [Binance] Đã đồng bộ giờ: offset = 91865ms (Giờ server: 2026-07-21T03:36:07.469Z) 
2026-07-21 10:34:59: [PP369] [AutoTrade] Lệnh LIMIT của HOLO đã treo quá 3 phút (3.4 phút) -> Tiến hành hủy... 
2026-07-21 10:34:59: [PP369] [AutoTrade] ✓ Đã hủy thành công lệnh LIMIT treo của HOLO 
2026-07-21 10:35:00: [PP369] [AutoTrade] KOMA → SHORT (Score: +5.4đ) tại $0.00823 
2026-07-21 10:35:00: [PP369] [AutoTrade] KOMA SHORT có Score = 5.4đ < 6đ — bỏ qua 
2026-07-21 10:35:01: [PP369] [AutoTrade] SKY → SHORT (Score: +4.9đ) tại $0.06362 
2026-07-21 10:35:01: [PP369] [AutoTrade] SKY SHORT có Score = 4.9đ < 6đ — bỏ qua 
2026-07-21 10:35:01: [PP369] [AutoTrade] HOLO → LONG (Score: +7.5đ) tại $0.06269 
2026-07-21 10:35:01: [PP369] [AutoTrade] HOLO LONG đã đặt gần đây — bỏ qua 
2026-07-21 10:35:31: [PP369] [AutoTrade] SKY → SHORT (Score: +4.9đ) tại $0.06362 
2026-07-21 10:35:31: [PP369] [AutoTrade] SKY SHORT có Score = 4.9đ < 6đ — bỏ qua 
2026-07-21 10:35:32: [PP369] [AutoTrade] HOLO → LONG (Score: +7.5đ) tại $0.06269 
2026-07-21 10:35:32: [PP369] [AutoTrade] Set leverage HOLOUSDT = 14x (Lưới: 3.41% → tính được 14x, giới hạn: 50x | Ký quỹ mục tiêu: $15) 
2026-07-21 10:35:32: [PP369] [AutoTrade] ✓ HOLO BUY 3349 @ $0.06269 orderId=829467361 status=NEW 
2026-07-21 10:38:09: [PP369] [AutoTrade] ✓ Đặt TP HOLO @ $0.0635900 (đối ứng SELL) orderId=1000002464947102 
2026-07-21 10:38:09: [PP369] [AutoTrade] ✓ Đặt SL HOLO @ $0.0621100 (đối ứng SELL) orderId=1000002464947104 
2026-07-21 10:38:30: [PP369] [AutoTrade] SKY → SHORT (Score: +4.9đ) tại $0.06362 
2026-07-21 10:38:30: [PP369] [AutoTrade] SKY SHORT có Score = 4.9đ < 6đ — bỏ qua 
2026-07-21 10:39:01: [PP369] [AutoTrade] SKY → SHORT (Score: +4.9đ) tại $0.06362 
2026-07-21 10:39:01: [PP369] [AutoTrade] SKY SHORT có Score = 4.9đ < 6đ — bỏ qua 
2026-07-21 10:39:30: [PP369] [AutoTrade] SKY → SHORT (Score: +4.9đ) tại $0.06362 
2026-07-21 10:39:30: [PP369] [AutoTrade] SKY SHORT có Score = 4.9đ < 6đ — bỏ qua 
2026-07-21 10:40:00: [PP369] [AutoTrade] SKY → SHORT (Score: +4.9đ) tại $0.06362 
2026-07-21 10:40:00: [PP369] [AutoTrade] SKY SHORT có Score = 4.9đ < 6đ — bỏ qua 
2026-07-21 10:40:31: [PP369] [AutoTrade] SKY → SHORT (Score: +4.9đ) tại $0.06362 
2026-07-21 10:40:31: [PP369] [AutoTrade] SKY SHORT có Score = 4.9đ < 6đ — bỏ qua 
2026-07-21 10:41:00: [PP369] [AutoTrade] SKY → SHORT (Score: +4.9đ) tại $0.06362 
2026-07-21 10:41:00: [PP369] [AutoTrade] SKY SHORT có Score = 4.9đ < 6đ — bỏ qua 
2026-07-21 10:41:30: [PP369] [AutoTrade] SKY → SHORT (Score: +4.9đ) tại $0.06362 
2026-07-21 10:41:30: [PP369] [AutoTrade] SKY SHORT có Score = 4.9đ < 6đ — bỏ qua 
2026-07-21 10:42:00: [PP369] [AutoTrade] SKY → SHORT (Score: +4.9đ) tại $0.06362 
2026-07-21 10:42:00: [PP369] [AutoTrade] SKY SHORT có Score = 4.9đ < 6đ — bỏ qua 
2026-07-21 10:42:30: [PP369] [AutoTrade] SKY → SHORT (Score: +4.9đ) tại $0.06362 
2026-07-21 10:42:30: [PP369] [AutoTrade] SKY SHORT có Score = 4.9đ < 6đ — bỏ qua 
2026-07-21 10:43:00: [PP369] [AutoTrade] SKY → SHORT (Score: +4.9đ) tại $0.06362 
2026-07-21 10:43:00: [PP369] [AutoTrade] SKY SHORT có Score = 4.9đ < 6đ — bỏ qua 
2026-07-21 10:43:31: [PP369] [AutoTrade] SKY → SHORT (Score: +4.9đ) tại $0.06362 
2026-07-21 10:43:31: [PP369] [AutoTrade] SKY SHORT có Score = 4.9đ < 6đ — bỏ qua 
2026-07-21 10:47:00: [PP369] [AutoTrade] SKY → SHORT (Score: +4.9đ) tại $0.06362 
2026-07-21 10:47:00: [PP369] [AutoTrade] SKY SHORT có Score = 4.9đ < 6đ — bỏ qua 
2026-07-21 10:48:00: [PP369] [AutoTrade] SKY → SHORT (Score: +4.9đ) tại $0.06362 
2026-07-21 10:48:00: [PP369] [AutoTrade] SKY SHORT có Score = 4.9đ < 6đ — bỏ qua 
2026-07-21 10:48:30: [PP369] [AutoTrade] SKY → SHORT (Score: +4.9đ) tại $0.06362 
2026-07-21 10:48:30: [PP369] [AutoTrade] SKY SHORT có Score = 4.9đ < 6đ — bỏ qua 
2026-07-21 10:49:00: [PP369] [AutoTrade] SKY → SHORT (Score: +4.9đ) tại $0.06362 
2026-07-21 10:49:00: [PP369] [AutoTrade] SKY SHORT có Score = 4.9đ < 6đ — bỏ qua 
2026-07-21 10:49:30: [PP369] [AutoTrade] SKY → SHORT (Score: +4.9đ) tại $0.06362 
2026-07-21 10:49:30: [PP369] [AutoTrade] SKY SHORT có Score = 4.9đ < 6đ — bỏ qua 
2026-07-21 10:50:00: [PP369] [AutoTrade] SKY → SHORT (Score: +4.9đ) tại $0.06362 
2026-07-21 10:50:00: [PP369] [AutoTrade] SKY SHORT có Score = 4.9đ < 6đ — bỏ qua 
2026-07-21 10:50:30: [PP369] [AutoTrade] SKY → SHORT (Score: +4.9đ) tại $0.06362 
2026-07-21 10:50:30: [PP369] [AutoTrade] SKY SHORT có Score = 4.9đ < 6đ — bỏ qua 
2026-07-21 10:52:30: [PP369] [AutoTrade] SKY → SHORT (Score: +4.9đ) tại $0.06362 
2026-07-21 10:52:30: [PP369] [AutoTrade] SKY SHORT có Score = 4.9đ < 6đ — bỏ qua 
2026-07-21 10:53:00: [PP369] [AutoTrade] SKY → SHORT (Score: +4.9đ) tại $0.06362 
2026-07-21 10:53:00: [PP369] [AutoTrade] SKY SHORT có Score = 4.9đ < 6đ — bỏ qua 
2026-07-21 10:53:30: [PP369] [AutoTrade] SKY → SHORT (Score: +4.9đ) tại $0.06362 
2026-07-21 10:53:30: [PP369] [AutoTrade] SKY SHORT có Score = 4.9đ < 6đ — bỏ qua 
2026-07-21 10:54:00: [PP369] [AutoTrade] SKY → SHORT (Score: +4.9đ) tại $0.06362 
2026-07-21 10:54:00: [PP369] [AutoTrade] SKY SHORT có Score = 4.9đ < 6đ — bỏ qua 
2026-07-21 10:54:30: [PP369] [AutoTrade] SKY → SHORT (Score: +4.9đ) tại $0.06362 
2026-07-21 10:54:30: [PP369] [AutoTrade] SKY SHORT có Score = 4.9đ < 6đ — bỏ qua 
2026-07-21 10:58:00: [PP369] [AutoTrade] SKY → SHORT (Score: +4.9đ) tại $0.06362 
2026-07-21 10:58:00: [PP369] [AutoTrade] SKY SHORT có Score = 4.9đ < 6đ — bỏ qua 
2026-07-21 11:04:35: [PP369] [Binance] Đã đồng bộ giờ: offset = 92041ms (Giờ server: 2026-07-21T04:06:07.644Z) 
2026-07-21 11:19:58: [PP369] [AutoTrade] Trailing SL: HOLO đạt ROI 9.38% -> Dịch SL trên sàn về entry + 1% ROI ($0.06273) [Mức: Hòa vốn] 
2026-07-21 11:19:58: [PP369] [AutoTrade] Đã hủy SL cũ của HOLO (orderId=1000002464947104) 
2026-07-21 11:19:59: [PP369] [AutoTrade] ✓ Đã dịch SL mới cho HOLO @ $0.0627300 (orderId=1000002465000058) 
2026-07-21 11:34:35: [PP369] [Binance] Đã đồng bộ giờ: offset = 92213ms (Giờ server: 2026-07-21T04:36:07.819Z) 
2026-07-21 11:39:32: [PP369] [AutoTrade] 1000XEC → LONG (Score: +6.5đ) tại $0.00723 
2026-07-21 11:39:32: [PP369] [AutoTrade] Set leverage 1000XECUSDT = 14x (Lưới: 3.46% → tính được 14x, giới hạn: 75x | Ký quỹ mục tiêu: $10) 
2026-07-21 11:39:33: [PP369] [AutoTrade] ✓ 1000XEC BUY 19363 @ $0.00723 orderId=3796983683 status=NEW 
2026-07-21 11:42:54: [PP369] [AutoTrade] ✓ Đặt TP 1000XEC @ $0.0072820 (đối ứng SELL) orderId=1000002465024779 
2026-07-21 11:42:54: [PP369] [AutoTrade] ✓ Đặt SL 1000XEC @ $0.0071780 (đối ứng SELL) orderId=1000002465024784 
2026-07-21 12:04:35: [PP369] [Binance] Đã đồng bộ giờ: offset = 92391ms (Giờ server: 2026-07-21T05:06:07.995Z) 
2026-07-21 12:08:33: [PP369] [AutoTrade] MELANIA → SHORT (Score: +4.9đ) tại $0.082 
2026-07-21 12:08:33: [PP369] [AutoTrade] MELANIA SHORT có Score = 4.9đ < 6đ — bỏ qua 
2026-07-21 12:21:32: [PP369] [AutoTrade] KERNEL → SHORT (Score: +5đ) tại $0.03574 
2026-07-21 12:21:32: [PP369] [AutoTrade] KERNEL SHORT có Score = 5đ < 6đ — bỏ qua 
2026-07-21 12:23:30: [PP369] [AutoTrade] KERNEL → SHORT (Score: +5đ) tại $0.03574 
2026-07-21 12:23:30: [PP369] [AutoTrade] KERNEL SHORT có Score = 5đ < 6đ — bỏ qua 
2026-07-21 12:25:32: [PP369] [AutoTrade] WAL → SHORT (Score: +5.5đ) tại $0.0298 
2026-07-21 12:25:32: [PP369] [AutoTrade] WAL SHORT có Score = 5.5đ < 6đ — bỏ qua 
2026-07-21 12:25:32: [PP369] [AutoTrade] KERNEL → SHORT (Score: +5đ) tại $0.03574 
2026-07-21 12:25:32: [PP369] [AutoTrade] KERNEL SHORT có Score = 5đ < 6đ — bỏ qua 
2026-07-21 12:26:00: [PP369] [AutoTrade] WAL → SHORT (Score: +5.5đ) tại $0.0298 
2026-07-21 12:26:00: [PP369] [AutoTrade] WAL SHORT có Score = 5.5đ < 6đ — bỏ qua 
2026-07-21 12:26:30: [PP369] [AutoTrade] WAL → SHORT (Score: +5.5đ) tại $0.0298 
2026-07-21 12:26:30: [PP369] [AutoTrade] WAL SHORT có Score = 5.5đ < 6đ — bỏ qua 
2026-07-21 12:27:00: [PP369] [AutoTrade] WAL → SHORT (Score: +5.5đ) tại $0.0298 
2026-07-21 12:27:00: [PP369] [AutoTrade] WAL SHORT có Score = 5.5đ < 6đ — bỏ qua 
2026-07-21 12:27:30: [PP369] [AutoTrade] WAL → SHORT (Score: +5.5đ) tại $0.0298 
2026-07-21 12:27:30: [PP369] [AutoTrade] WAL SHORT có Score = 5.5đ < 6đ — bỏ qua 
2026-07-21 12:28:00: [PP369] [AutoTrade] WAL → SHORT (Score: +5.5đ) tại $0.0298 
2026-07-21 12:28:00: [PP369] [AutoTrade] WAL SHORT có Score = 5.5đ < 6đ — bỏ qua 
2026-07-21 12:28:00: [PP369] [AutoTrade] KERNEL → SHORT (Score: +5đ) tại $0.03574 
2026-07-21 12:28:00: [PP369] [AutoTrade] KERNEL SHORT có Score = 5đ < 6đ — bỏ qua 
2026-07-21 12:28:31: [PP369] [AutoTrade] WAL → SHORT (Score: +5.5đ) tại $0.0298 
2026-07-21 12:28:31: [PP369] [AutoTrade] WAL SHORT có Score = 5.5đ < 6đ — bỏ qua 
2026-07-21 12:28:32: [PP369] [AutoTrade] KERNEL → SHORT (Score: +5đ) tại $0.03574 
2026-07-21 12:28:32: [PP369] [AutoTrade] KERNEL SHORT có Score = 5đ < 6đ — bỏ qua 
2026-07-21 12:29:00: [PP369] [AutoTrade] WAL → SHORT (Score: +5.5đ) tại $0.0298 
2026-07-21 12:29:00: [PP369] [AutoTrade] WAL SHORT có Score = 5.5đ < 6đ — bỏ qua 
2026-07-21 12:29:30: [PP369] [AutoTrade] WAL → SHORT (Score: +5.5đ) tại $0.0298 
2026-07-21 12:29:30: [PP369] [AutoTrade] WAL SHORT có Score = 5.5đ < 6đ — bỏ qua 
2026-07-21 12:29:30: [PP369] [AutoTrade] KERNEL → SHORT (Score: +5đ) tại $0.03574 
2026-07-21 12:29:30: [PP369] [AutoTrade] KERNEL SHORT có Score = 5đ < 6đ — bỏ qua 
2026-07-21 12:30:00: [PP369] [AutoTrade] WAL → SHORT (Score: +5.5đ) tại $0.0298 
2026-07-21 12:30:00: [PP369] [AutoTrade] WAL SHORT có Score = 5.5đ < 6đ — bỏ qua 
2026-07-21 12:30:00: [PP369] [AutoTrade] KERNEL → SHORT (Score: +5đ) tại $0.03574 
2026-07-21 12:30:00: [PP369] [AutoTrade] KERNEL SHORT có Score = 5đ < 6đ — bỏ qua 
2026-07-21 12:30:30: [PP369] [AutoTrade] WAL → SHORT (Score: +5.5đ) tại $0.0298 
2026-07-21 12:30:30: [PP369] [AutoTrade] WAL SHORT có Score = 5.5đ < 6đ — bỏ qua 
2026-07-21 12:30:30: [PP369] [AutoTrade] KERNEL → SHORT (Score: +5đ) tại $0.03574 
2026-07-21 12:30:30: [PP369] [AutoTrade] KERNEL SHORT có Score = 5đ < 6đ — bỏ qua 
2026-07-21 12:31:00: [PP369] [AutoTrade] WAL → SHORT (Score: +5.5đ) tại $0.0298 
2026-07-21 12:31:00: [PP369] [AutoTrade] WAL SHORT có Score = 5.5đ < 6đ — bỏ qua 
2026-07-21 12:31:30: [PP369] [AutoTrade] WAL → SHORT (Score: +5.5đ) tại $0.0298 
2026-07-21 12:31:30: [PP369] [AutoTrade] WAL SHORT có Score = 5.5đ < 6đ — bỏ qua 
2026-07-21 12:32:00: [PP369] [AutoTrade] WAL → SHORT (Score: +5.5đ) tại $0.0298 
2026-07-21 12:32:00: [PP369] [AutoTrade] WAL SHORT có Score = 5.5đ < 6đ — bỏ qua 
2026-07-21 12:32:30: [PP369] [AutoTrade] WAL → SHORT (Score: +5.5đ) tại $0.0298 
2026-07-21 12:32:30: [PP369] [AutoTrade] WAL SHORT có Score = 5.5đ < 6đ — bỏ qua 
2026-07-21 12:33:00: [PP369] [AutoTrade] WAL → SHORT (Score: +5.5đ) tại $0.0298 
2026-07-21 12:33:00: [PP369] [AutoTrade] WAL SHORT có Score = 5.5đ < 6đ — bỏ qua 
2026-07-21 12:34:35: [PP369] [Binance] Đã đồng bộ giờ: offset = 92565ms (Giờ server: 2026-07-21T05:36:08.170Z) 
2026-07-21 12:48:32: [PP369] [AutoTrade] SKY → SHORT (Score: +4.4đ) tại $0.06362 
2026-07-21 12:48:32: [PP369] [AutoTrade] SKY SHORT có Score = 4.4đ < 6đ — bỏ qua 
2026-07-21 12:49:00: [PP369] [AutoTrade] SKY → SHORT (Score: +4.4đ) tại $0.06362 
2026-07-21 12:49:00: [PP369] [AutoTrade] SKY SHORT có Score = 4.4đ < 6đ — bỏ qua 
2026-07-21 12:49:30: [PP369] [AutoTrade] SKY → SHORT (Score: +4.4đ) tại $0.06362 
2026-07-21 12:49:30: [PP369] [AutoTrade] SKY SHORT có Score = 4.4đ < 6đ — bỏ qua 
2026-07-21 12:50:00: [PP369] [AutoTrade] SKY → SHORT (Score: +4.4đ) tại $0.06362 
2026-07-21 12:50:00: [PP369] [AutoTrade] SKY SHORT có Score = 4.4đ < 6đ — bỏ qua 
2026-07-21 12:50:30: [PP369] [AutoTrade] SKY → SHORT (Score: +4.4đ) tại $0.06362 
2026-07-21 12:50:30: [PP369] [AutoTrade] SKY SHORT có Score = 4.4đ < 6đ — bỏ qua 
2026-07-21 12:51:03: [PP369] [AutoTrade] EPIC → SHORT (Score: +4đ) tại $0.4977 
2026-07-21 12:51:03: [PP369] [AutoTrade] EPIC SHORT có Score = 4đ < 6đ — bỏ qua 
2026-07-21 12:51:04: [PP369] [AutoTrade] SKY → SHORT (Score: +4.4đ) tại $0.06362 
2026-07-21 12:51:04: [PP369] [AutoTrade] SKY SHORT có Score = 4.4đ < 6đ — bỏ qua 
2026-07-21 12:51:30: [PP369] [AutoTrade] SKY → SHORT (Score: +4.4đ) tại $0.06362 
2026-07-21 12:51:30: [PP369] [AutoTrade] SKY SHORT có Score = 4.4đ < 6đ — bỏ qua 
2026-07-21 13:04:35: [PP369] [Binance] Đã đồng bộ giờ: offset = 92741ms (Giờ server: 2026-07-21T06:06:08.346Z) 
2026-07-21 13:34:35: [PP369] [Binance] Đã đồng bộ giờ: offset = 92909ms (Giờ server: 2026-07-21T06:36:08.521Z) 
2026-07-21 13:34:37: [PP369] [AutoTrade] [CoinRefresh] Tái kiểm tra danh sách: 470 → 469 coin hợp lệ theo giá hiện tại. 
2026-07-21 13:35:02: [PP369] [AutoTrade] Trailing SL: PYTH đạt ROI 15.11% -> Dịch SL trên sàn về entry + 8% ROI ($0.04732) [Mức: Khóa lãi] 
2026-07-21 13:35:02: [PP369] [AutoTrade] Đã hủy SL cũ của PYTH (orderId=1000002464847603) 
2026-07-21 13:35:02: [PP369] [AutoTrade] ✓ Đã dịch SL mới cho PYTH @ $0.0473200 (orderId=1000002465159651) 
2026-07-21 13:47:10: ◇ injected env (8) from .env // tip: ⌘ override existing { override: true }
2026-07-21 13:47:12: [PP369] [369] initH4Cache: Tất cả 779 coin đã có nến H4 đầu năm. 
2026-07-21 13:47:12: [PP369] [Binance] Đã đồng bộ giờ: offset = 92983ms (Giờ server: 2026-07-21T06:48:45.797Z) 
2026-07-21 13:47:12: [AutoTrade] Bỏ qua 137 coin có grid ngoài khoảng 3–30% (theo giá hiện tại): SOL(38.2%), ETC(43.0%), LINK(34.5%), BAT(38.3%), QTUM(42.0%), DOT(34.9%), AVAX(44.9%), AAVE(32.2%), FIL(40.5%), BEL(2.9%), COTI(38.7%), ALICE(2.4%), NKN(2.6%), DGB(1.6%), ATA(1.8%), DYDX(2.5%), KLAY(2.4%), APE(2.1%), DAR(2.1%), OP(31.2%), STG(2.1%), SPELL(35.5%), APT(48.9%), FET(1.9%), CKB(32.5%), AMB(2.5%), RDNT(2.9%), HFT(32.8%), SUI(38.7%), MAV(33.6%), ARKM(2.8%), DODOX(1.8%), RIF(2.7%), SUPER(34.6%), 1000SATS(311.9%), JUP(1.5%), PORTAL(2.8%), MYRO(3.0%), W(32.2%), IO(1.9%), ZK(31.5%), ZRO(38.2%), SYN(1.4%), SYS(1.7%), SUN(1.6%), DOGS(79.9%), BSW(2.5%), QUICK(2.3%), NEIRO(49.2%), FIO(2.5%), GHST(1.8%), LOKA(2.6%), COS(2.5%), SANTOS(59.1%), ACT(34.4%), HIPPO(2.9%), DEGEN(2.9%), 1000WHY(197.4%), THE(55.3%), VELODROME(1.6%), MOCA(33.7%), USUAL(33.4%), DEXE(0.9%), DF(2.6%), COOKIE(34.6%), D(2.2%), PIPPIN(177.2%), VVV(2.3%), TST(2.5%), MUBARAK(2.6%), TUT(1.9%), BROCCOLI714(2.4%), BR(2.0%), PLUME(2.8%), FUN(1.7%), BABY(2.3%), PUMP(1.5%), BANK(1.2%), JST(3.0%), SIGN(34.5%), PUNDIX(35.8%), SXT(40.5%), ASR(34.6%), MILK(3.0%), OG(116.6%), AGT(2.6%), B(1.2%), MERL(168.8%), PUMPBTC(31.7%), MYX(374.0%), DMC(2.3%), OL(1.7%), SAHARA(33.1%), TANSSI(2.4%), VELVET(0.6%), ZORA(46.0%), TAG(2.8%), ESPORTS(141.9%), A2Z(2.1%), YALA(1.8%), AIO(2.5%), LA(49.4%), BAS(1.0%), Q(1.5%), PTB(50.9%), PORT3(2.5%), 1000000BOB(1.9%), AVNT(31.8%), UB(2.9%), TRADOOR(60.4%), HANA(0.7%), AKE(1.9%), LIGHT(238.5%), XAN(2.4%), TRUTH(2.3%), YB(38.2%), EUL(30.4%), LAB(2.3%), RIVER(90.5%), 币安人生(0.5%), BLUAI(2.4%), APR(1.4%), ON(2.0%), KITE(2.7%), AT(2.1%), CC(2.4%), UAI(0.9%), STABLE(0.8%), JCT(0.7%), ALLO(0.6%), BOB(2.8%), POWER(36.6%), US(0.7%), BREV(39.6%), MAGMA(1.0%), OPEN(1.9%), RLS(2.8%)
2026-07-21 13:47:13: [PP369] [Binance] Đang lấy leverage brackets cho 470 coin... 
2026-07-21 13:47:13: [PP369] [Binance] Đã lưu leverage cho 470 coin vào step_sizes.json 
2026-07-21 13:47:13: [PP369] [AutoTrade] Khởi động: 470 coin | margin=$10 | 10x | type=LIMIT 
2026-07-21 13:47:13: [PP369] [Binance] Loaded step and tick sizes from existing file: 827 symbols 
2026-07-21 13:47:13: [PP369] [AutoTrade] Đã nạp leverageInfo cho 470 coin từ cache. 
2026-07-21 13:47:14: [PP369] [PP369Stream] Kết nối WebSocket thành công (market/stream) 
2026-07-21 13:47:18: [PP369] [AutoTrade] Bắt đầu scan... 
2026-07-21 13:52:35: [PP369] [AutoTrade] KOMA → SHORT (Score: +1.5đ) tại $0.00823 
2026-07-21 13:52:35: [PP369] [AutoTrade] KOMA SHORT có Score = 1.5đ < 6đ — bỏ qua 
2026-07-21 14:01:35: [PP369] [AutoTrade] NAORIS → SHORT (Score: +3.8đ) tại $0.04093 
2026-07-21 14:01:35: [PP369] [AutoTrade] NAORIS SHORT có Score = 3.8đ < 6đ — bỏ qua 
2026-07-21 14:13:33: [PP369] [AutoTrade] DUSK → SHORT (Score: +3.8đ) tại $0.06771 
2026-07-21 14:13:33: [PP369] [AutoTrade] DUSK SHORT có Score = 3.8đ < 6đ — bỏ qua 
2026-07-21 14:14:01: [PP369] [AutoTrade] DUSK → SHORT (Score: +3.8đ) tại $0.06771 
2026-07-21 14:14:01: [PP369] [AutoTrade] DUSK SHORT có Score = 3.8đ < 6đ — bỏ qua 
2026-07-21 14:14:04: [PP369] [AutoTrade] KOMA → SHORT (Score: +1.1đ) tại $0.00823 
2026-07-21 14:14:04: [PP369] [AutoTrade] KOMA SHORT có Score = 1.1đ < 6đ — bỏ qua 
2026-07-21 14:16:56: ◇ injected env (8) from .env // tip: ⌘ custom filepath { path: '/custom/path/.env' }
2026-07-21 14:16:58: [PP369] [369] initH4Cache: Tất cả 779 coin đã có nến H4 đầu năm. 
2026-07-21 14:16:58: [PP369] [Binance] Đã đồng bộ giờ: offset = 93158ms (Giờ server: 2026-07-21T07:18:31.286Z) 
2026-07-21 14:16:58: [AutoTrade] Bỏ qua 137 coin có grid ngoài khoảng 3–30% (theo giá hiện tại): SOL(38.2%), ETC(43.0%), LINK(34.5%), BAT(38.2%), QTUM(42.0%), DOT(35.0%), AVAX(45.0%), AAVE(31.8%), FIL(40.4%), BEL(3.0%), COTI(39.1%), ALICE(2.4%), NKN(2.6%), DGB(1.6%), ATA(1.8%), DYDX(2.5%), KLAY(2.4%), APE(2.1%), DAR(2.1%), OP(31.0%), STG(2.1%), SPELL(35.6%), APT(48.8%), FET(1.9%), CKB(32.5%), AMB(2.5%), RDNT(2.9%), HFT(32.8%), SUI(38.8%), MAV(33.6%), ARKM(2.8%), DODOX(1.8%), RIF(2.8%), SUPER(34.6%), 1000SATS(311.5%), JUP(1.5%), PORTAL(2.8%), MYRO(3.0%), W(32.3%), IO(1.9%), ZK(31.5%), ZRO(37.9%), SYN(1.4%), SYS(1.7%), SUN(1.6%), DOGS(80.0%), BSW(2.5%), QUICK(2.3%), NEIRO(49.3%), FIO(2.5%), GHST(1.8%), LOKA(2.6%), COS(2.5%), SANTOS(59.2%), ACT(34.1%), HIPPO(2.9%), DEGEN(2.9%), 1000WHY(197.4%), THE(55.4%), VELODROME(1.7%), MOCA(33.8%), USUAL(33.6%), DEXE(0.8%), DF(2.6%), COOKIE(34.6%), D(2.2%), PIPPIN(177.2%), VVV(2.3%), TST(2.5%), MUBARAK(2.6%), TUT(1.9%), BROCCOLI714(2.4%), BR(2.0%), PLUME(2.7%), FUN(1.7%), BABY(2.3%), PUMP(1.5%), BANK(1.1%), JST(3.0%), SIGN(34.4%), PUNDIX(35.8%), SXT(40.6%), ASR(34.6%), MILK(3.0%), OG(116.6%), AGT(2.6%), B(1.2%), MERL(169.8%), PUMPBTC(31.7%), MYX(368.1%), DMC(2.3%), OL(1.7%), SAHARA(33.0%), TANSSI(2.4%), VELVET(0.6%), ZORA(46.5%), TAG(2.7%), ESPORTS(141.5%), A2Z(2.1%), YALA(1.8%), AIO(2.5%), LA(49.6%), BAS(1.1%), Q(1.5%), PTB(50.1%), PORT3(2.5%), 1000000BOB(1.9%), AVNT(31.8%), UB(2.9%), TRADOOR(60.6%), HANA(0.7%), AKE(1.9%), LIGHT(238.9%), XAN(2.4%), TRUTH(2.3%), YB(37.8%), EUL(30.5%), LAB(2.3%), RIVER(90.6%), 币安人生(0.5%), BLUAI(2.3%), APR(1.4%), ON(2.0%), KITE(2.7%), AT(2.1%), CC(2.4%), UAI(0.9%), STABLE(0.8%), JCT(0.7%), ALLO(0.6%), BOB(2.8%), POWER(36.5%), US(0.7%), BREV(39.8%), MAGMA(1.0%), OPEN(1.9%), RLS(2.8%)
2026-07-21 14:16:59: [PP369] [Binance] Đang lấy leverage brackets cho 470 coin... 
2026-07-21 14:16:59: [PP369] [Binance] Đã lưu leverage cho 470 coin vào step_sizes.json 
2026-07-21 14:16:59: [PP369] [AutoTrade] Khởi động: 470 coin | margin=$10 | 10x | type=LIMIT 
2026-07-21 14:16:59: [PP369] [Binance] Loaded step and tick sizes from existing file: 827 symbols 
2026-07-21 14:16:59: [PP369] [AutoTrade] Đã nạp leverageInfo cho 470 coin từ cache. 
2026-07-21 14:16:59: [PP369] [PP369Stream] Kết nối WebSocket thành công (market/stream) 
2026-07-21 14:17:03: [PP369] [AutoTrade] Bắt đầu scan... 
2026-07-21 14:17:07: [PP369] [AutoTrade] DUSK → SHORT (Score: +3.8đ) tại $0.06771 
2026-07-21 14:17:07: [PP369] [AutoTrade] DUSK SHORT có Score = 3.8đ < 6đ — bỏ qua 
2026-07-21 14:17:50: [PP369] [AutoTrade] DUSK → SHORT (Score: +3.8đ) tại $0.06771 
2026-07-21 14:17:50: [PP369] [AutoTrade] DUSK SHORT có Score = 3.8đ < 6đ — bỏ qua 
2026-07-21 14:17:53: [PP369] [AutoTrade] TREE → LONG (Score: +5đ) tại $0.0439 
2026-07-21 14:17:53: [PP369] [AutoTrade] TREE LONG không đạt Tiêu chí 2 (Biến động H1/M15 an toàn) — bỏ qua 
2026-07-21 14:18:19: [PP369] [AutoTrade] TREE → LONG (Score: +5đ) tại $0.0439 
2026-07-21 14:18:19: [PP369] [AutoTrade] TREE LONG không đạt Tiêu chí 2 (Biến động H1/M15 an toàn) — bỏ qua 
2026-07-21 14:26:45: ◇ injected env (8) from .env // tip: ⌁ auth for agents [www.vestauth.com]
2026-07-21 14:26:47: [PP369] [369] initH4Cache: Tất cả 779 coin đã có nến H4 đầu năm. 
2026-07-21 14:26:47: [PP369] [Binance] Đã đồng bộ giờ: offset = 93215ms (Giờ server: 2026-07-21T07:28:20.920Z) 
2026-07-21 14:26:47: [AutoTrade] Bỏ qua 137 coin có grid ngoài khoảng 3–30% (theo giá hiện tại): SOL(38.2%), ETC(43.0%), LINK(34.5%), BAT(38.2%), QTUM(42.2%), DOT(35.2%), AVAX(45.1%), AAVE(31.8%), FIL(40.4%), BEL(3.0%), COTI(39.1%), ALICE(2.5%), NKN(2.6%), DGB(1.6%), ATA(1.8%), DYDX(2.5%), KLAY(2.4%), APE(2.1%), DAR(2.1%), OP(31.1%), STG(2.1%), SPELL(35.6%), APT(48.9%), FET(1.9%), CKB(32.6%), AMB(2.5%), RDNT(2.9%), HFT(32.9%), SUI(38.8%), MAV(33.7%), ARKM(2.8%), DODOX(1.8%), RIF(2.8%), SUPER(34.7%), 1000SATS(311.9%), JUP(1.5%), PORTAL(2.8%), MYRO(3.0%), W(32.4%), IO(2.0%), ZK(31.6%), ZRO(37.9%), SYN(1.4%), SYS(1.7%), SUN(1.6%), DOGS(80.1%), BSW(2.5%), QUICK(2.3%), NEIRO(49.4%), FIO(2.5%), GHST(1.8%), LOKA(2.6%), COS(2.5%), SANTOS(59.4%), ACT(34.1%), HIPPO(2.9%), DEGEN(2.9%), 1000WHY(197.4%), THE(55.5%), VELODROME(1.7%), MOCA(33.8%), USUAL(33.7%), DEXE(0.9%), DF(2.6%), COOKIE(34.8%), D(2.2%), PIPPIN(177.7%), VVV(2.3%), TST(2.5%), MUBARAK(2.6%), TUT(1.9%), BROCCOLI714(2.4%), BR(2.0%), PLUME(2.8%), FUN(1.7%), BABY(2.4%), PUMP(1.5%), BANK(1.0%), JST(3.0%), SIGN(34.4%), PUNDIX(35.8%), SXT(40.7%), ASR(34.7%), MILK(3.0%), OG(116.7%), AGT(2.6%), B(1.2%), MERL(170.3%), PUMPBTC(31.7%), MYX(370.3%), DMC(2.3%), OL(1.7%), SAHARA(33.1%), TANSSI(2.4%), VELVET(0.6%), ZORA(46.5%), TAG(2.7%), ESPORTS(138.6%), A2Z(2.1%), YALA(1.8%), AIO(2.5%), LA(52.3%), BAS(1.1%), Q(1.5%), PTB(50.2%), PORT3(2.5%), 1000000BOB(1.9%), AVNT(32.0%), UB(2.8%), TRADOOR(61.3%), HANA(0.8%), AKE(1.8%), LIGHT(239.8%), XAN(2.4%), TRUTH(2.3%), YB(37.9%), EUL(30.4%), LAB(2.3%), RIVER(90.7%), 币安人生(0.5%), BLUAI(2.3%), APR(1.4%), ON(1.9%), KITE(2.7%), AT(2.1%), CC(2.4%), UAI(0.9%), STABLE(0.8%), JCT(0.7%), ALLO(0.6%), BOB(2.8%), POWER(36.6%), US(0.7%), BREV(39.8%), MAGMA(1.0%), OPEN(1.9%), RLS(2.8%)
2026-07-21 14:26:48: [PP369] [Binance] Đang lấy leverage brackets cho 470 coin... 
2026-07-21 14:26:48: [PP369] [Binance] Đã lưu leverage cho 470 coin vào step_sizes.json 
2026-07-21 14:26:48: [PP369] [AutoTrade] Khởi động: 470 coin | margin=$10 | 10x | type=LIMIT 
2026-07-21 14:26:48: [PP369] [Binance] Loaded step and tick sizes from existing file: 827 symbols 
2026-07-21 14:26:48: [PP369] [AutoTrade] Đã nạp leverageInfo cho 470 coin từ cache. 
2026-07-21 14:26:49: [PP369] [PP369Stream] Kết nối WebSocket thành công (market/stream) 
2026-07-21 14:26:52: [PP369] [AutoTrade] Bắt đầu scan... 
2026-07-21 14:36:01: [PP369] [AutoTrade] EDU → SHORT (Score: +4.199999999999999đ) tại $0.031 
2026-07-21 14:36:01: [PP369] [AutoTrade] EDU SHORT có Score = 4.199999999999999đ < 6đ — bỏ qua 
2026-07-21 14:36:28: [PP369] [AutoTrade] EDU → SHORT (Score: +4.199999999999999đ) tại $0.031 
2026-07-21 14:36:28: [PP369] [AutoTrade] EDU SHORT có Score = 4.199999999999999đ < 6đ — bỏ qua 
2026-07-21 14:36:58: [PP369] [AutoTrade] EDU → SHORT (Score: +4.199999999999999đ) tại $0.031 
2026-07-21 14:36:58: [PP369] [AutoTrade] EDU SHORT có Score = 4.199999999999999đ < 6đ — bỏ qua 
2026-07-21 14:37:28: [PP369] [AutoTrade] EDU → SHORT (Score: +4.199999999999999đ) tại $0.031 
2026-07-21 14:37:28: [PP369] [AutoTrade] EDU SHORT có Score = 4.199999999999999đ < 6đ — bỏ qua 
2026-07-21 14:41:33: [PP369] [AutoTrade] AIN → LONG (Score: +5.6đ) tại $0.07886 
2026-07-21 14:41:33: [PP369] [AutoTrade] AIN LONG có Score = 5.6đ < 6đ — bỏ qua 
2026-07-21 14:41:59: [PP369] [AutoTrade] AIN → LONG (Score: +5.6đ) tại $0.07886 
2026-07-21 14:41:59: [PP369] [AutoTrade] AIN LONG có Score = 5.6đ < 6đ — bỏ qua 
2026-07-21 14:44:01: [PP369] [AutoTrade] KAITO → SHORT (Score: +2.2đ) tại $0.9862 
2026-07-21 14:44:01: [PP369] [AutoTrade] KAITO SHORT có Score = 2.2đ < 6đ — bỏ qua 
2026-07-21 14:52:58: [PP369] [AutoTrade] DUSK → SHORT (Score: +3.8đ) tại $0.06771 
2026-07-21 14:52:58: [PP369] [AutoTrade] DUSK SHORT có Score = 3.8đ < 6đ — bỏ qua 
2026-07-21 14:53:29: [PP369] [AutoTrade] DUSK → SHORT (Score: +3.8đ) tại $0.06771 
2026-07-21 14:53:29: [PP369] [AutoTrade] DUSK SHORT có Score = 3.8đ < 6đ — bỏ qua 
2026-07-21 14:53:58: [PP369] [AutoTrade] DUSK → SHORT (Score: +3.8đ) tại $0.06771 
2026-07-21 14:53:58: [PP369] [AutoTrade] DUSK SHORT có Score = 3.8đ < 6đ — bỏ qua 
2026-07-21 14:54:28: [PP369] [AutoTrade] DUSK → SHORT (Score: +3.8đ) tại $0.06771 
2026-07-21 14:54:28: [PP369] [AutoTrade] DUSK SHORT có Score = 3.8đ < 6đ — bỏ qua 
2026-07-21 14:54:58: [PP369] [AutoTrade] DUSK → SHORT (Score: +3.8đ) tại $0.06771 
2026-07-21 14:54:58: [PP369] [AutoTrade] DUSK SHORT có Score = 3.8đ < 6đ — bỏ qua 
2026-07-21 14:55:28: [PP369] [AutoTrade] DUSK → SHORT (Score: +3.8đ) tại $0.06771 
2026-07-21 14:55:28: [PP369] [AutoTrade] DUSK SHORT có Score = 3.8đ < 6đ — bỏ qua 
2026-07-21 14:55:58: [PP369] [AutoTrade] DUSK → SHORT (Score: +3.8đ) tại $0.06771 
2026-07-21 14:55:58: [PP369] [AutoTrade] DUSK SHORT có Score = 3.8đ < 6đ — bỏ qua 
2026-07-21 14:56:28: [PP369] [AutoTrade] DUSK → SHORT (Score: +3.8đ) tại $0.06771 
2026-07-21 14:56:28: [PP369] [AutoTrade] DUSK SHORT có Score = 3.8đ < 6đ — bỏ qua 
2026-07-21 14:56:46: [PP369] [Binance] Đã đồng bộ giờ: offset = 93394ms (Giờ server: 2026-07-21T07:58:19.523Z) 
2026-07-21 15:09:01: [PP369] [AutoTrade] 1000XEC → LONG (Score: +6đ) tại $0.00693 
2026-07-21 15:09:02: [PP369] [AutoTrade] Set leverage 1000XECUSDT = 13x (Lưới: 3.61% → tính được 13x, giới hạn: 75x | Ký quỹ mục tiêu: $10) 
2026-07-21 15:09:02: [PP369] [AutoTrade] ✓ 1000XEC BUY 18759 @ $0.00693 orderId=3797348157 status=NEW 
2026-07-21 15:09:04: [PP369] [AutoTrade] ✓ Đặt TP 1000XEC @ $0.0069830 (đối ứng SELL) orderId=1000002465299808 
2026-07-21 15:09:04: [PP369] [AutoTrade] ✓ Đặt SL 1000XEC @ $0.0068770 (đối ứng SELL) orderId=1000002465299817 
2026-07-21 15:11:47: [PP369] [AutoTrade] Trailing SL: 1000XEC đạt ROI 7.13% -> Dịch SL trên sàn về entry + 1% ROI ($0.006935) [Mức: Hòa vốn] 
2026-07-21 15:11:47: [PP369] [AutoTrade] Đã hủy SL cũ của 1000XEC (orderId=1000002465299817) 
2026-07-21 15:11:47: [PP369] [AutoTrade] ✓ Đã dịch SL mới cho 1000XEC @ $0.0069350 (orderId=1000002465305502) 
2026-07-21 15:22:31: [PP369] [AutoTrade] TOWNS → LONG (Score: +6.8đ) tại $0.00213 
2026-07-21 15:22:31: [PP369] [AutoTrade] Set leverage TOWNSUSDT = 4x (Lưới: 11.88% → tính được 4x, giới hạn: 10x | Ký quỹ mục tiêu: $10) 
2026-07-21 15:22:31: [PP369] [AutoTrade] ✓ TOWNS BUY 18779 @ $0.00213 orderId=560907612 status=NEW 
2026-07-21 15:26:46: [PP369] [Binance] Đã đồng bộ giờ: offset = 93570ms (Giờ server: 2026-07-21T08:28:19.695Z) 
2026-07-21 15:27:28: [PP369] [AutoTrade] Lệnh LIMIT của TOWNS đã treo quá 3 phút (3.4 phút) -> Tiến hành hủy... 
2026-07-21 15:27:28: [PP369] [AutoTrade] ✓ Đã hủy thành công lệnh LIMIT treo của TOWNS 
2026-07-21 15:27:31: [PP369] [AutoTrade] AIN → SHORT (Score: +2.3000000000000003đ) tại $0.08165 
2026-07-21 15:27:31: [PP369] [AutoTrade] AIN SHORT không đạt Tiêu chí 2 (Biến động H1/M15 an toàn) — bỏ qua 
2026-07-21 15:27:31: [PP369] [AutoTrade] TOWNS → LONG (Score: +6.8đ) tại $0.00213 
2026-07-21 15:27:32: [PP369] [AutoTrade] Set leverage TOWNSUSDT = 4x (Lưới: 11.88% → tính được 4x, giới hạn: 10x | Ký quỹ mục tiêu: $10) 
2026-07-21 15:27:32: [PP369] [AutoTrade] ✓ TOWNS BUY 18779 @ $0.00213 orderId=560909845 status=NEW 
2026-07-21 15:28:29: [PP369] [AutoTrade] AIN → SHORT (Score: +2.3000000000000003đ) tại $0.08165 
2026-07-21 15:28:29: [PP369] [AutoTrade] AIN SHORT không đạt Tiêu chí 2 (Biến động H1/M15 an toàn) — bỏ qua 
2026-07-21 15:28:33: [PP369] [AutoTrade] ✓ Đặt TP TOWNS @ $0.0021830 (đối ứng SELL) orderId=1000002465339380 
2026-07-21 15:28:34: [PP369] [AutoTrade] ✓ Đặt SL TOWNS @ $0.0020770 (đối ứng SELL) orderId=1000002465339382 
2026-07-21 15:28:59: [PP369] [AutoTrade] AIN → SHORT (Score: +2.3000000000000003đ) tại $0.08165 
2026-07-21 15:28:59: [PP369] [AutoTrade] AIN SHORT không đạt Tiêu chí 2 (Biến động H1/M15 an toàn) — bỏ qua 
2026-07-21 15:29:29: [PP369] [AutoTrade] AIN → SHORT (Score: +2.3000000000000003đ) tại $0.08165 
2026-07-21 15:29:29: [PP369] [AutoTrade] AIN SHORT không đạt Tiêu chí 2 (Biến động H1/M15 an toàn) — bỏ qua 
2026-07-21 15:29:59: [PP369] [AutoTrade] AIN → SHORT (Score: +2.3000000000000003đ) tại $0.08165 
2026-07-21 15:29:59: [PP369] [AutoTrade] AIN SHORT không đạt Tiêu chí 2 (Biến động H1/M15 an toàn) — bỏ qua 
2026-07-21 15:40:00: [PP369] [AutoTrade] TREE → LONG (Score: +5.5đ) tại $0.0379 
2026-07-21 15:40:00: [PP369] [AutoTrade] TREE LONG không đạt Tiêu chí 2 (Biến động H1/M15 an toàn) — bỏ qua 
2026-07-21 15:56:46: [PP369] [Binance] Đã đồng bộ giờ: offset = 93747ms (Giờ server: 2026-07-21T08:58:19.871Z) 
2026-07-21 15:58:29: [PP369] [AutoTrade] AIN → SHORT (Score: +2.8đ) tại $0.08465 
2026-07-21 15:58:29: [PP369] [AutoTrade] AIN SHORT có Score = 2.8đ < 6đ — bỏ qua 
2026-07-21 17:16:50: ◇ injected env (8) from .env // tip: ⌘ override existing { override: true }
2026-07-21 17:16:50: [PP369] [369] initH4Cache: Tất cả 779 coin đã có nến H4 đầu năm. 
2026-07-21 17:16:51: [PP369] [Binance] Đã đồng bộ giờ: offset = 94206ms (Giờ server: 2026-07-21T10:18:25.350Z) 
2026-07-21 17:16:51: [AutoTrade] Bỏ qua 158 coin có grid ngoài khoảng 3–25% (theo giá hiện tại): SOL(38.3%), XRP(26.5%), ETC(42.5%), LINK(34.5%), BAT(38.3%), QTUM(42.7%), KNC(26.8%), DOT(34.6%), AVAX(45.1%), AAVE(31.6%), FIL(39.7%), BEL(2.9%), CTK(28.8%), COTI(39.4%), ALICE(2.5%), ONE(26.2%), NKN(2.6%), DGB(1.6%), ATA(1.8%), DYDX(2.5%), KLAY(2.4%), APE(2.1%), DAR(2.1%), OP(30.9%), STG(2.1%), SPELL(35.6%), APT(48.6%), FET(1.9%), CKB(32.6%), USDC(30.0%), AMB(2.5%), LEVER(26.7%), RDNT(2.9%), HFT(33.4%), SUI(38.8%), MAV(33.9%), ARKM(2.7%), DODOX(1.9%), ARK(28.7%), BOND(28.1%), RIF(3.0%), GAS(28.5%), SUPER(34.6%), 1000SATS(313.5%), ACE(29.4%), JUP(1.5%), GLM(30.0%), PORTAL(2.8%), MYRO(3.0%), W(32.6%), IO(2.0%), ZK(31.3%), ZRO(37.7%), SYN(1.5%), SYS(1.7%), ALPACA(25.2%), SUN(1.6%), DOGS(80.1%), BSW(2.5%), QUICK(2.3%), NEIRO(49.4%), FIO(2.5%), GHST(1.8%), LOKA(2.6%), COS(2.5%), DIA(29.0%), SANTOS(58.7%), 1000000MOG(29.0%), ACT(34.7%), HIPPO(2.9%), DEGEN(2.9%), 1000WHY(197.4%), THE(56.2%), ORCA(25.0%), MOVE(27.6%), VELODROME(1.6%), MOCA(33.9%), VANA(25.5%), USUAL(33.8%), DEXE(1.4%), DF(2.6%), COOKIE(35.0%), D(2.2%), PIPPIN(178.9%), TST(2.5%), RED(29.2%), BMT(25.2%), MUBARAK(2.7%), TUT(2.0%), BROCCOLI714(2.4%), BR(2.0%), PLUME(2.8%), FUN(1.7%), BABY(2.4%), PUMP(1.5%), BANK(2.1%), SIGN(34.4%), PUNDIX(35.8%), SXT(42.5%), ASR(34.6%), MILK(3.0%), OG(116.4%), AGT(2.6%), B(1.3%), MERL(172.3%), PUMPBTC(31.9%), MYX(375.7%), DMC(2.3%), OL(1.7%), SAHARA(33.1%), BULLA(26.4%), M(25.5%), TANSSI(2.4%), VELVET(0.6%), ZORA(46.4%), TAG(2.5%), ESPORTS(123.4%), A2Z(2.1%), YALA(1.8%), AIO(2.5%), LA(52.8%), SOMI(29.6%), BAS(1.1%), Q(1.5%), PTB(49.1%), PORT3(2.5%), 1000000BOB(1.9%), AVNT(32.2%), UB(2.9%), TOSHI(26.9%), TRADOOR(61.3%), FLUID(29.1%), HANA(0.8%), AKE(1.9%), LIGHT(240.6%), XAN(2.5%), TRUTH(2.2%), YB(38.2%), EUL(30.2%), LAB(2.4%), RIVER(90.4%), 币安人生(0.5%), BLUAI(2.5%), APR(1.4%), ON(1.8%), KITE(2.6%), AT(2.1%), UAI(0.9%), STABLE(0.8%), JCT(0.7%), ALLO(0.6%), BOB(2.8%), POWER(36.5%), US(0.7%), BREV(39.7%), MAGMA(1.0%), OPEN(1.8%), RLS(2.8%)
2026-07-21 17:16:51: [PP369] [Binance] Đang lấy leverage brackets cho 449 coin... 
2026-07-21 17:16:52: [PP369] [Binance] Đã lưu leverage cho 449 coin vào step_sizes.json 
2026-07-21 17:16:52: [PP369] [AutoTrade] Khởi động: 449 coin | margin=$10 | 10x | type=LIMIT 
2026-07-21 17:16:52: [PP369] [Binance] Loaded step and tick sizes from existing file: 827 symbols 
2026-07-21 17:16:52: [PP369] [AutoTrade] Đã nạp leverageInfo cho 449 coin từ cache. 
2026-07-21 17:16:52: [PP369] [PP369Stream] Kết nối WebSocket thành công (market/stream) 
2026-07-21 17:16:56: [PP369] [AutoTrade] Bắt đầu scan... 
2026-07-21 17:17:11: [PP369] [AutoTrade] XNY → SHORT (Score: +2.8đ) tại $0.006497 
2026-07-21 17:17:11: [PP369] [AutoTrade] XNY SHORT có Score = 2.8đ < 6đ — bỏ qua 
2026-07-21 17:27:44: [PP369] [AutoTrade] VIRTUAL → SHORT (Score: +3.4999999999999996đ) tại $0.6749 
2026-07-21 17:27:44: [PP369] [AutoTrade] VIRTUAL SHORT có Score = 3.4999999999999996đ < 6đ — bỏ qua 
2026-07-21 17:28:13: [PP369] [AutoTrade] VIRTUAL → SHORT (Score: +3.4999999999999996đ) tại $0.6749 
2026-07-21 17:28:13: [PP369] [AutoTrade] VIRTUAL SHORT có Score = 3.4999999999999996đ < 6đ — bỏ qua 
2026-07-21 17:28:43: [PP369] [AutoTrade] VIRTUAL → SHORT (Score: +3.4999999999999996đ) tại $0.6749 
2026-07-21 17:28:43: [PP369] [AutoTrade] VIRTUAL SHORT có Score = 3.4999999999999996đ < 6đ — bỏ qua 
2026-07-21 17:29:13: [PP369] [AutoTrade] VIRTUAL → SHORT (Score: +3.4999999999999996đ) tại $0.6749 
2026-07-21 17:29:13: [PP369] [AutoTrade] VIRTUAL SHORT có Score = 3.4999999999999996đ < 6đ — bỏ qua 
2026-07-21 17:29:43: [PP369] [AutoTrade] VIRTUAL → SHORT (Score: +3.4999999999999996đ) tại $0.6749 
2026-07-21 17:29:43: [PP369] [AutoTrade] VIRTUAL SHORT có Score = 3.4999999999999996đ < 6đ — bỏ qua 
2026-07-21 17:30:12: [PP369] [AutoTrade] VIRTUAL → SHORT (Score: +3.4999999999999996đ) tại $0.6749 
2026-07-21 17:30:12: [PP369] [AutoTrade] VIRTUAL SHORT có Score = 3.4999999999999996đ < 6đ — bỏ qua 
2026-07-21 17:30:43: [PP369] [AutoTrade] VIRTUAL → SHORT (Score: +3.4999999999999996đ) tại $0.6749 
2026-07-21 17:30:43: [PP369] [AutoTrade] VIRTUAL SHORT có Score = 3.4999999999999996đ < 6đ — bỏ qua 
2026-07-21 17:32:13: [PP369] [AutoTrade] AIN → SHORT (Score: +2.1đ) tại $0.09065 
2026-07-21 17:32:13: [PP369] [AutoTrade] AIN SHORT không đạt Tiêu chí 2 (Biến động H1/M15 an toàn) — bỏ qua 
2026-07-21 17:46:51: [PP369] [Binance] Đã đồng bộ giờ: offset = 94389ms (Giờ server: 2026-07-21T10:48:25.449Z) 
2026-07-21 18:16:51: [PP369] [Binance] Đã đồng bộ giờ: offset = 94564ms (Giờ server: 2026-07-21T11:18:25.639Z) 
2026-07-21 18:25:43: [PP369] [AutoTrade] DUSK → SHORT (Score: +3.6đ) tại $0.07071 
2026-07-21 18:25:43: [PP369] [AutoTrade] DUSK SHORT có Score = 3.6đ < 6đ — bỏ qua 
2026-07-21 18:26:12: [PP369] [AutoTrade] DUSK → SHORT (Score: +3.6đ) tại $0.07071 
2026-07-21 18:26:12: [PP369] [AutoTrade] DUSK SHORT có Score = 3.6đ < 6đ — bỏ qua 
2026-07-21 18:46:51: [PP369] [Binance] Đã đồng bộ giờ: offset = 94739ms (Giờ server: 2026-07-21T11:48:25.814Z) 
2026-07-21 19:11:13: [PP369] [AutoTrade] BTC → SHORT (Score: +4.6đ) tại $66608.3 
2026-07-21 19:11:13: [PP369] [AutoTrade] BTC SHORT có Score = 4.6đ < 6đ — bỏ qua 
2026-07-21 19:16:51: [PP369] [Binance] Đã đồng bộ giờ: offset = 94915ms (Giờ server: 2026-07-21T12:18:25.984Z) 
2026-07-21 19:18:12: [PP369] [AutoTrade] BTC → SHORT (Score: +4.6đ) tại $66608.3 
2026-07-21 19:18:12: [PP369] [AutoTrade] BTC SHORT có Score = 4.6đ < 6đ — bỏ qua 
2026-07-21 19:19:12: [PP369] [AutoTrade] BTC → SHORT (Score: +4.6đ) tại $66608.3 
2026-07-21 19:19:12: [PP369] [AutoTrade] BTC SHORT có Score = 4.6đ < 6đ — bỏ qua 
2026-07-21 19:19:42: [PP369] [AutoTrade] BTC → SHORT (Score: +4.6đ) tại $66608.3 
2026-07-21 19:19:42: [PP369] [AutoTrade] BTC SHORT có Score = 4.6đ < 6đ — bỏ qua 
2026-07-21 19:20:12: [PP369] [AutoTrade] BTC → SHORT (Score: +4.6đ) tại $66608.3 
2026-07-21 19:20:12: [PP369] [AutoTrade] BTC SHORT có Score = 4.6đ < 6đ — bỏ qua 
2026-07-21 19:20:42: [PP369] [AutoTrade] BTC → SHORT (Score: +4.6đ) tại $66608.3 
2026-07-21 19:20:42: [PP369] [AutoTrade] BTC SHORT có Score = 4.6đ < 6đ — bỏ qua 
2026-07-21 19:21:12: [PP369] [AutoTrade] BTC → SHORT (Score: +4.6đ) tại $66608.3 
2026-07-21 19:21:12: [PP369] [AutoTrade] BTC SHORT có Score = 4.6đ < 6đ — bỏ qua 
2026-07-21 19:21:42: [PP369] [AutoTrade] BTC → SHORT (Score: +4.6đ) tại $66608.3 
2026-07-21 19:21:42: [PP369] [AutoTrade] BTC SHORT có Score = 4.6đ < 6đ — bỏ qua 
2026-07-21 19:22:12: [PP369] [AutoTrade] BTC → SHORT (Score: +4.6đ) tại $66608.3 
2026-07-21 19:22:12: [PP369] [AutoTrade] BTC SHORT có Score = 4.6đ < 6đ — bỏ qua 
2026-07-21 19:22:42: [PP369] [AutoTrade] BTC → SHORT (Score: +4.6đ) tại $66608.3 
2026-07-21 19:22:42: [PP369] [AutoTrade] BTC SHORT có Score = 4.6đ < 6đ — bỏ qua 
2026-07-21 19:23:12: [PP369] [AutoTrade] BTC → SHORT (Score: +4.6đ) tại $66608.3 
2026-07-21 19:23:12: [PP369] [AutoTrade] BTC SHORT có Score = 4.6đ < 6đ — bỏ qua 
2026-07-21 19:23:42: [PP369] [AutoTrade] BTC → SHORT (Score: +4.6đ) tại $66608.3 
2026-07-21 19:23:42: [PP369] [AutoTrade] BTC SHORT có Score = 4.6đ < 6đ — bỏ qua 
2026-07-21 19:24:12: [PP369] [AutoTrade] BTC → SHORT (Score: +4.6đ) tại $66608.3 
2026-07-21 19:24:12: [PP369] [AutoTrade] BTC SHORT có Score = 4.6đ < 6đ — bỏ qua 
2026-07-21 19:24:42: [PP369] [AutoTrade] BTC → SHORT (Score: +4.6đ) tại $66608.3 
2026-07-21 19:24:42: [PP369] [AutoTrade] BTC SHORT có Score = 4.6đ < 6đ — bỏ qua 
2026-07-21 19:25:12: [PP369] [AutoTrade] BTC → SHORT (Score: +4.6đ) tại $66608.3 
2026-07-21 19:25:12: [PP369] [AutoTrade] BTC SHORT có Score = 4.6đ < 6đ — bỏ qua 
2026-07-21 19:28:12: [PP369] [AutoTrade] BTC → SHORT (Score: +4.6đ) tại $66608.3 
2026-07-21 19:28:12: [PP369] [AutoTrade] BTC SHORT có Score = 4.6đ < 6đ — bỏ qua 
2026-07-21 19:28:42: [PP369] [AutoTrade] BTC → SHORT (Score: +4.6đ) tại $66608.3 
2026-07-21 19:28:42: [PP369] [AutoTrade] BTC SHORT có Score = 4.6đ < 6đ — bỏ qua 
2026-07-21 19:29:42: [PP369] [AutoTrade] BTC → SHORT (Score: +4.6đ) tại $66608.3 
2026-07-21 19:29:42: [PP369] [AutoTrade] BTC SHORT có Score = 4.6đ < 6đ — bỏ qua 
2026-07-21 19:30:12: [PP369] [AutoTrade] BTC → SHORT (Score: +4.6đ) tại $66608.3 
2026-07-21 19:30:12: [PP369] [AutoTrade] BTC SHORT có Score = 4.6đ < 6đ — bỏ qua 
2026-07-21 19:30:42: [PP369] [AutoTrade] BTC → SHORT (Score: +4.6đ) tại $66608.3 
2026-07-21 19:30:42: [PP369] [AutoTrade] BTC SHORT có Score = 4.6đ < 6đ — bỏ qua 
2026-07-21 19:31:12: [PP369] [AutoTrade] BTC → SHORT (Score: +4.6đ) tại $66608.3 
2026-07-21 19:31:12: [PP369] [AutoTrade] BTC SHORT có Score = 4.6đ < 6đ — bỏ qua 
2026-07-21 19:31:42: [PP369] [AutoTrade] BTC → SHORT (Score: +4.6đ) tại $66608.3 
2026-07-21 19:31:42: [PP369] [AutoTrade] BTC SHORT có Score = 4.6đ < 6đ — bỏ qua 
2026-07-21 19:32:12: [PP369] [AutoTrade] BTC → SHORT (Score: +4.6đ) tại $66608.3 
2026-07-21 19:32:12: [PP369] [AutoTrade] BTC SHORT có Score = 4.6đ < 6đ — bỏ qua 
2026-07-21 19:32:42: [PP369] [AutoTrade] BTC → SHORT (Score: +4.6đ) tại $66608.3 
2026-07-21 19:32:42: [PP369] [AutoTrade] BTC SHORT có Score = 4.6đ < 6đ — bỏ qua 
2026-07-21 19:33:12: [PP369] [AutoTrade] BTC → SHORT (Score: +4.6đ) tại $66608.3 
2026-07-21 19:33:12: [PP369] [AutoTrade] BTC SHORT có Score = 4.6đ < 6đ — bỏ qua 
2026-07-21 19:33:42: [PP369] [AutoTrade] BTC → SHORT (Score: +4.6đ) tại $66608.3 
2026-07-21 19:33:42: [PP369] [AutoTrade] BTC SHORT có Score = 4.6đ < 6đ — bỏ qua 
2026-07-21 19:34:12: [PP369] [AutoTrade] BTC → SHORT (Score: +4.6đ) tại $66608.3 
2026-07-21 19:34:12: [PP369] [AutoTrade] BTC SHORT có Score = 4.6đ < 6đ — bỏ qua 
2026-07-21 19:34:42: [PP369] [AutoTrade] BTC → SHORT (Score: +4.6đ) tại $66608.3 
2026-07-21 19:34:42: [PP369] [AutoTrade] BTC SHORT có Score = 4.6đ < 6đ — bỏ qua 
2026-07-21 19:35:12: [PP369] [AutoTrade] BTC → SHORT (Score: +4.6đ) tại $66608.3 
2026-07-21 19:35:12: [PP369] [AutoTrade] BTC SHORT có Score = 4.6đ < 6đ — bỏ qua 
2026-07-21 19:35:42: [PP369] [AutoTrade] BTC → SHORT (Score: +4.6đ) tại $66608.3 
2026-07-21 19:35:42: [PP369] [AutoTrade] BTC SHORT có Score = 4.6đ < 6đ — bỏ qua 
2026-07-21 19:36:12: [PP369] [AutoTrade] BTC → SHORT (Score: +4.6đ) tại $66608.3 
2026-07-21 19:36:12: [PP369] [AutoTrade] BTC SHORT có Score = 4.6đ < 6đ — bỏ qua 
2026-07-21 19:36:42: [PP369] [AutoTrade] BTC → SHORT (Score: +4.6đ) tại $66608.3 
2026-07-21 19:36:42: [PP369] [AutoTrade] BTC SHORT có Score = 4.6đ < 6đ — bỏ qua 
2026-07-21 19:37:12: [PP369] [AutoTrade] BTC → SHORT (Score: +4.6đ) tại $66608.3 
2026-07-21 19:37:12: [PP369] [AutoTrade] BTC SHORT có Score = 4.6đ < 6đ — bỏ qua 
2026-07-21 19:37:42: [PP369] [AutoTrade] BTC → SHORT (Score: +4.6đ) tại $66608.3 
2026-07-21 19:37:42: [PP369] [AutoTrade] BTC SHORT có Score = 4.6đ < 6đ — bỏ qua 
2026-07-21 19:46:51: [PP369] [Binance] Đã đồng bộ giờ: offset = 95089ms (Giờ server: 2026-07-21T12:48:26.158Z) 
2026-07-21 20:09:13: [PP369] [AutoTrade] 1INCH → SHORT (Score: +3.4000000000000004đ) tại $0.0776 
2026-07-21 20:09:13: [PP369] [AutoTrade] 1INCH SHORT có Score = 3.4000000000000004đ < 6đ — bỏ qua 
2026-07-21 20:09:42: [PP369] [AutoTrade] 1INCH → SHORT (Score: +3.4000000000000004đ) tại $0.0776 
2026-07-21 20:09:42: [PP369] [AutoTrade] 1INCH SHORT có Score = 3.4000000000000004đ < 6đ — bỏ qua 
2026-07-21 20:10:12: [PP369] [AutoTrade] 1INCH → SHORT (Score: +3.4000000000000004đ) tại $0.0776 
2026-07-21 20:10:12: [PP369] [AutoTrade] 1INCH SHORT có Score = 3.4000000000000004đ < 6đ — bỏ qua 
2026-07-21 20:16:51: [PP369] [Binance] Đã đồng bộ giờ: offset = 95264ms (Giờ server: 2026-07-21T13:18:26.319Z) 
2026-07-21 20:22:13: [PP369] [AutoTrade] AIN → SHORT (Score: +1.9000000000000001đ) tại $0.08765 
2026-07-21 20:22:13: [PP369] [AutoTrade] AIN SHORT không đạt Tiêu chí 2 (Biến động H1/M15 an toàn) — bỏ qua 
2026-07-21 20:36:42: [PP369] [AutoTrade] AIN → SHORT (Score: +1.9000000000000001đ) tại $0.08765 
2026-07-21 20:36:42: [PP369] [AutoTrade] AIN SHORT không đạt Tiêu chí 2 (Biến động H1/M15 an toàn) — bỏ qua 
2026-07-21 20:37:13: [PP369] [AutoTrade] AIN → SHORT (Score: +2.4000000000000004đ) tại $0.08765 
2026-07-21 20:37:13: [PP369] [AutoTrade] AIN SHORT có Score = 2.4000000000000004đ < 6đ — bỏ qua 
2026-07-21 20:38:42: [PP369] [AutoTrade] AIN → SHORT (Score: +2.4000000000000004đ) tại $0.08765 
2026-07-21 20:38:42: [PP369] [AutoTrade] AIN SHORT có Score = 2.4000000000000004đ < 6đ — bỏ qua 
2026-07-21 20:46:51: [PP369] [Binance] Đã đồng bộ giờ: offset = 95440ms (Giờ server: 2026-07-21T13:48:26.509Z) 
2026-07-21 20:58:43: [PP369] [AutoTrade] IOTA → SHORT (Score: +3.8đ) tại $0.0377 
2026-07-21 20:58:43: [PP369] [AutoTrade] IOTA SHORT có Score = 3.8đ < 6đ — bỏ qua 
2026-07-21 21:10:13: [PP369] [AutoTrade] IOTA → SHORT (Score: +4.3đ) tại $0.0377 
2026-07-21 21:10:13: [PP369] [AutoTrade] IOTA SHORT có Score = 4.3đ < 6đ — bỏ qua 
2026-07-21 21:10:42: [PP369] [AutoTrade] IOTA → SHORT (Score: +4.3đ) tại $0.0377 
2026-07-21 21:10:42: [PP369] [AutoTrade] IOTA SHORT có Score = 4.3đ < 6đ — bỏ qua 
2026-07-21 21:11:12: [PP369] [AutoTrade] IOTA → SHORT (Score: +4.3đ) tại $0.0377 
2026-07-21 21:11:12: [PP369] [AutoTrade] IOTA SHORT có Score = 4.3đ < 6đ — bỏ qua 
2026-07-21 21:15:13: [PP369] [AutoTrade] C → LONG (Score: +5.6đ) tại $0.06523 
2026-07-21 21:15:13: [PP369] [AutoTrade] C LONG có Score = 5.6đ < 6đ — bỏ qua 
2026-07-21 21:16:42: [PP369] [AutoTrade] C → LONG (Score: +5.6đ) tại $0.06523 
2026-07-21 21:16:42: [PP369] [AutoTrade] C LONG có Score = 5.6đ < 6đ — bỏ qua 
2026-07-21 21:16:51: [PP369] [Binance] Đã đồng bộ giờ: offset = 95613ms (Giờ server: 2026-07-21T14:18:26.675Z) 
2026-07-21 21:16:52: [PP369] [AutoTrade] [CoinRefresh] Tái kiểm tra danh sách: 449 → 450 coin hợp lệ theo giá hiện tại. 
2026-07-21 21:24:12: [PP369] [AutoTrade] C → LONG (Score: +5.6đ) tại $0.06523 
2026-07-21 21:24:12: [PP369] [AutoTrade] C LONG có Score = 5.6đ < 6đ — bỏ qua 
2026-07-21 21:24:42: [PP369] [AutoTrade] C → LONG (Score: +5.6đ) tại $0.06523 
2026-07-21 21:24:42: [PP369] [AutoTrade] C LONG có Score = 5.6đ < 6đ — bỏ qua 
2026-07-21 21:25:12: [PP369] [AutoTrade] C → LONG (Score: +5.6đ) tại $0.06523 
2026-07-21 21:25:12: [PP369] [AutoTrade] C LONG có Score = 5.6đ < 6đ — bỏ qua 
2026-07-21 21:26:42: [PP369] [AutoTrade] IOTA → SHORT (Score: +4.3đ) tại $0.0377 
2026-07-21 21:26:42: [PP369] [AutoTrade] IOTA SHORT có Score = 4.3đ < 6đ — bỏ qua 
2026-07-21 21:26:43: [PP369] [AutoTrade] C → LONG (Score: +5.6đ) tại $0.06523 
2026-07-21 21:26:43: [PP369] [AutoTrade] C LONG có Score = 5.6đ < 6đ — bỏ qua 
2026-07-21 21:27:12: [PP369] [AutoTrade] IOTA → SHORT (Score: +4.3đ) tại $0.0377 
2026-07-21 21:27:12: [PP369] [AutoTrade] IOTA SHORT có Score = 4.3đ < 6đ — bỏ qua 
2026-07-21 21:27:13: [PP369] [AutoTrade] C → LONG (Score: +5.6đ) tại $0.06523 
2026-07-21 21:27:13: [PP369] [AutoTrade] C LONG có Score = 5.6đ < 6đ — bỏ qua 
2026-07-21 21:27:42: [PP369] [AutoTrade] IOTA → SHORT (Score: +4.3đ) tại $0.0377 
2026-07-21 21:27:42: [PP369] [AutoTrade] IOTA SHORT có Score = 4.3đ < 6đ — bỏ qua 
2026-07-21 21:27:43: [PP369] [AutoTrade] C → LONG (Score: +5.6đ) tại $0.06523 
2026-07-21 21:27:43: [PP369] [AutoTrade] C LONG có Score = 5.6đ < 6đ — bỏ qua 
2026-07-21 21:28:12: [PP369] [AutoTrade] IOTA → SHORT (Score: +4.3đ) tại $0.0377 
2026-07-21 21:28:12: [PP369] [AutoTrade] IOTA SHORT có Score = 4.3đ < 6đ — bỏ qua 
2026-07-21 21:28:13: [PP369] [AutoTrade] C → LONG (Score: +5.6đ) tại $0.06523 
2026-07-21 21:28:13: [PP369] [AutoTrade] C LONG có Score = 5.6đ < 6đ — bỏ qua 
2026-07-21 21:28:42: [PP369] [AutoTrade] C → LONG (Score: +5.6đ) tại $0.06523 
2026-07-21 21:28:42: [PP369] [AutoTrade] C LONG có Score = 5.6đ < 6đ — bỏ qua 
2026-07-21 21:35:12: [PP369] [AutoTrade] C → LONG (Score: +5.6đ) tại $0.06523 
2026-07-21 21:35:12: [PP369] [AutoTrade] C LONG có Score = 5.6đ < 6đ — bỏ qua 
2026-07-21 21:35:42: [PP369] [AutoTrade] C → LONG (Score: +5.6đ) tại $0.06523 
2026-07-21 21:35:42: [PP369] [AutoTrade] C LONG có Score = 5.6đ < 6đ — bỏ qua 
2026-07-21 21:36:12: [PP369] [AutoTrade] C → LONG (Score: +5.6đ) tại $0.06523 
2026-07-21 21:36:12: [PP369] [AutoTrade] C LONG có Score = 5.6đ < 6đ — bỏ qua 
2026-07-21 21:46:51: [PP369] [Binance] Đã đồng bộ giờ: offset = 95789ms (Giờ server: 2026-07-21T14:48:26.854Z) 
2026-07-21 21:47:43: [PP369] [AutoTrade] VET → SHORT (Score: +3.9999999999999996đ) tại $0.00499 
2026-07-21 21:47:43: [PP369] [AutoTrade] VET SHORT có Score = 3.9999999999999996đ < 6đ — bỏ qua 
2026-07-21 21:51:42: [PP369] [AutoTrade] VET → SHORT (Score: +3.9999999999999996đ) tại $0.00499 
2026-07-21 21:51:42: [PP369] [AutoTrade] VET SHORT có Score = 3.9999999999999996đ < 6đ — bỏ qua 
2026-07-21 21:57:12: [PP369] [AutoTrade] RIF → LONG (Score: +5đ) tại $0.07668 
2026-07-21 21:57:12: [PP369] [AutoTrade] RIF LONG không đạt Tiêu chí 2 (Biến động H1/M15 an toàn) — bỏ qua 
2026-07-21 22:04:13: [PP369] [AutoTrade] 1000RATS → LONG (Score: +5.9đ) tại $0.02531 
2026-07-21 22:04:13: [PP369] [AutoTrade] 1000RATS LONG có Score = 5.9đ < 6đ — bỏ qua 
2026-07-21 22:04:42: [PP369] [AutoTrade] 1000RATS → LONG (Score: +5.9đ) tại $0.02531 
2026-07-21 22:04:42: [PP369] [AutoTrade] 1000RATS LONG có Score = 5.9đ < 6đ — bỏ qua 
2026-07-21 22:10:12: [PP369] [AutoTrade] 1000RATS → LONG (Score: +5.9đ) tại $0.02531 
2026-07-21 22:10:12: [PP369] [AutoTrade] 1000RATS LONG có Score = 5.9đ < 6đ — bỏ qua 
2026-07-21 22:10:42: [PP369] [AutoTrade] 1000RATS → LONG (Score: +5.9đ) tại $0.02531 
2026-07-21 22:10:42: [PP369] [AutoTrade] 1000RATS LONG có Score = 5.9đ < 6đ — bỏ qua 
2026-07-21 22:11:12: [PP369] [AutoTrade] 1000RATS → LONG (Score: +5.9đ) tại $0.02531 
2026-07-21 22:11:12: [PP369] [AutoTrade] 1000RATS LONG có Score = 5.9đ < 6đ — bỏ qua 
2026-07-21 22:11:42: [PP369] [AutoTrade] 1000RATS → LONG (Score: +5.9đ) tại $0.02531 
2026-07-21 22:11:42: [PP369] [AutoTrade] 1000RATS LONG có Score = 5.9đ < 6đ — bỏ qua 
2026-07-21 22:12:12: [PP369] [AutoTrade] 1000RATS → LONG (Score: +5.9đ) tại $0.02531 
2026-07-21 22:12:12: [PP369] [AutoTrade] 1000RATS LONG có Score = 5.9đ < 6đ — bỏ qua 
2026-07-21 22:12:42: [PP369] [AutoTrade] 1000RATS → LONG (Score: +5.9đ) tại $0.02531 
2026-07-21 22:12:42: [PP369] [AutoTrade] 1000RATS LONG có Score = 5.9đ < 6đ — bỏ qua 
2026-07-21 22:13:12: [PP369] [AutoTrade] 1000RATS → LONG (Score: +5.9đ) tại $0.02531 
2026-07-21 22:13:12: [PP369] [AutoTrade] 1000RATS LONG có Score = 5.9đ < 6đ — bỏ qua 
2026-07-21 22:13:43: [PP369] [AutoTrade] 1000XEC → SHORT (Score: +4.2đ) tại $0.00718 
2026-07-21 22:13:43: [PP369] [AutoTrade] 1000XEC SHORT có Score = 4.2đ < 6đ — bỏ qua 
2026-07-21 22:13:43: [PP369] [AutoTrade] 1000RATS → LONG (Score: +5.9đ) tại $0.02531 
2026-07-21 22:13:43: [PP369] [AutoTrade] 1000RATS LONG có Score = 5.9đ < 6đ — bỏ qua 
2026-07-21 22:14:12: [PP369] [AutoTrade] 1000RATS → LONG (Score: +5.9đ) tại $0.02531 
2026-07-21 22:14:12: [PP369] [AutoTrade] 1000RATS LONG có Score = 5.9đ < 6đ — bỏ qua 
2026-07-21 22:16:51: [PP369] [Binance] Đã đồng bộ giờ: offset = 95964ms (Giờ server: 2026-07-21T15:18:27.035Z) 
2026-07-21 22:41:43: [PP369] [AutoTrade] ARC → LONG (Score: +4.1đ) tại $0.06855 
2026-07-21 22:41:43: [PP369] [AutoTrade] ARC LONG có Score = 4.1đ < 6đ — bỏ qua 
2026-07-21 22:43:42: [PP369] [AutoTrade] ARC → LONG (Score: +4.1đ) tại $0.06855 
2026-07-21 22:43:42: [PP369] [AutoTrade] ARC LONG có Score = 4.1đ < 6đ — bỏ qua 
2026-07-21 22:46:51: [PP369] [Binance] Đã đồng bộ giờ: offset = 96140ms (Giờ server: 2026-07-21T15:48:27.201Z) 
2026-07-21 23:00:13: [PP369] [AutoTrade] VET → SHORT (Score: +4.4đ) tại $0.00499 
2026-07-21 23:00:13: [PP369] [AutoTrade] VET SHORT có Score = 4.4đ < 6đ — bỏ qua 
2026-07-21 23:00:42: [PP369] [AutoTrade] VET → SHORT (Score: +4.4đ) tại $0.00499 
2026-07-21 23:00:42: [PP369] [AutoTrade] VET SHORT có Score = 4.4đ < 6đ — bỏ qua 
2026-07-21 23:01:12: [PP369] [AutoTrade] VET → SHORT (Score: +4.4đ) tại $0.00499 
2026-07-21 23:01:12: [PP369] [AutoTrade] VET SHORT có Score = 4.4đ < 6đ — bỏ qua 
2026-07-21 23:01:13: [PP369] [AutoTrade] AIN → LONG (Score: +5.3999999999999995đ) tại $0.08486 
2026-07-21 23:01:13: [PP369] [AutoTrade] AIN LONG có Score = 5.3999999999999995đ < 6đ — bỏ qua 
2026-07-21 23:01:42: [PP369] [AutoTrade] VET → SHORT (Score: +4.4đ) tại $0.00499 
2026-07-21 23:01:42: [PP369] [AutoTrade] VET SHORT có Score = 4.4đ < 6đ — bỏ qua 
2026-07-21 23:01:44: [PP369] [AutoTrade] NIL → SHORT (Score: +3.4đ) tại $0.03718 
2026-07-21 23:01:44: [PP369] [AutoTrade] NIL SHORT có Score = 3.4đ < 6đ — bỏ qua 
2026-07-21 23:02:12: [PP369] [AutoTrade] VET → SHORT (Score: +4.4đ) tại $0.00499 
2026-07-21 23:02:12: [PP369] [AutoTrade] VET SHORT có Score = 4.4đ < 6đ — bỏ qua 
2026-07-21 23:04:42: [PP369] [AutoTrade] VET → SHORT (Score: +4.4đ) tại $0.00499 
2026-07-21 23:04:42: [PP369] [AutoTrade] VET SHORT có Score = 4.4đ < 6đ — bỏ qua 
2026-07-21 23:05:12: [PP369] [AutoTrade] VET → SHORT (Score: +4.4đ) tại $0.00499 
2026-07-21 23:05:12: [PP369] [AutoTrade] VET SHORT có Score = 4.4đ < 6đ — bỏ qua 
2026-07-21 23:16:51: [PP369] [Binance] Đã đồng bộ giờ: offset = 96312ms (Giờ server: 2026-07-21T16:18:27.388Z) 
2026-07-21 23:38:13: [PP369] [AutoTrade] NIL → SHORT (Score: +3.4đ) tại $0.03718 
2026-07-21 23:38:13: [PP369] [AutoTrade] NIL SHORT có Score = 3.4đ < 6đ — bỏ qua 
2026-07-21 23:38:43: [PP369] [AutoTrade] NIL → SHORT (Score: +3.4đ) tại $0.03718 
2026-07-21 23:38:43: [PP369] [AutoTrade] NIL SHORT có Score = 3.4đ < 6đ — bỏ qua 
2026-07-21 23:39:14: [PP369] [AutoTrade] NIL → SHORT (Score: +3.4đ) tại $0.03718 
2026-07-21 23:39:14: [PP369] [AutoTrade] NIL SHORT có Score = 3.4đ < 6đ — bỏ qua 
2026-07-21 23:46:51: [PP369] [Binance] Đã đồng bộ giờ: offset = 96491ms (Giờ server: 2026-07-21T16:48:27.611Z) 
2026-07-21 23:56:43: [PP369] [AutoTrade] 1000XEC → SHORT (Score: +4.699999999999999đ) tại $0.00748 
2026-07-21 23:56:43: [PP369] [AutoTrade] 1000XEC SHORT không đạt Tiêu chí 2 (Biến động H1/M15 an toàn) — bỏ qua 
2026-07-21 23:57:12: [PP369] [AutoTrade] 1000XEC → SHORT (Score: +4.699999999999999đ) tại $0.00748 
2026-07-21 23:57:12: [PP369] [AutoTrade] 1000XEC SHORT không đạt Tiêu chí 2 (Biến động H1/M15 an toàn) — bỏ qua 
2026-07-22 00:08:14: [PP369] [AutoTrade] SIREN → SHORT (Score: +5.3đ) tại $0.0295 
2026-07-22 00:08:14: [PP369] [AutoTrade] SIREN SHORT có Score = 5.3đ < 6đ — bỏ qua 
2026-07-22 00:08:43: [PP369] [AutoTrade] SIREN → SHORT (Score: +5.3đ) tại $0.0295 
2026-07-22 00:08:43: [PP369] [AutoTrade] SIREN SHORT có Score = 5.3đ < 6đ — bỏ qua 
2026-07-22 00:10:43: [PP369] [AutoTrade] AERO → SHORT (Score: +4.199999999999999đ) tại $0.4622 
2026-07-22 00:10:43: [PP369] [AutoTrade] AERO SHORT có Score = 4.199999999999999đ < 6đ — bỏ qua 
2026-07-22 00:11:12: [PP369] [AutoTrade] AERO → SHORT (Score: +4.199999999999999đ) tại $0.4622 
2026-07-22 00:11:12: [PP369] [AutoTrade] AERO SHORT có Score = 4.199999999999999đ < 6đ — bỏ qua 
2026-07-22 00:13:12: [PP369] [AutoTrade] RIF → LONG (Score: +4.5đ) tại $0.08868 
2026-07-22 00:13:12: [PP369] [AutoTrade] RIF LONG không đạt Tiêu chí 2 (Biến động H1/M15 an toàn) — bỏ qua 
2026-07-22 00:16:51: [PP369] [Binance] Đã đồng bộ giờ: offset = 96666ms (Giờ server: 2026-07-21T17:18:27.730Z) 
2026-07-22 00:42:43: [PP369] [AutoTrade] VET → SHORT (Score: +4.199999999999999đ) tại $0.00499 
2026-07-22 00:42:43: [PP369] [AutoTrade] VET SHORT có Score = 4.199999999999999đ < 6đ — bỏ qua 
2026-07-22 00:43:12: [PP369] [AutoTrade] VET → SHORT (Score: +4.199999999999999đ) tại $0.00499 
2026-07-22 00:43:12: [PP369] [AutoTrade] VET SHORT có Score = 4.199999999999999đ < 6đ — bỏ qua 
2026-07-22 00:43:42: [PP369] [AutoTrade] VET → SHORT (Score: +4.199999999999999đ) tại $0.00499 
2026-07-22 00:43:42: [PP369] [AutoTrade] VET SHORT có Score = 4.199999999999999đ < 6đ — bỏ qua 
2026-07-22 00:44:12: [PP369] [AutoTrade] VET → SHORT (Score: +4.199999999999999đ) tại $0.00499 
2026-07-22 00:44:12: [PP369] [AutoTrade] VET SHORT có Score = 4.199999999999999đ < 6đ — bỏ qua 
2026-07-22 00:44:42: [PP369] [AutoTrade] VET → SHORT (Score: +4.199999999999999đ) tại $0.00499 
2026-07-22 00:44:42: [PP369] [AutoTrade] VET SHORT có Score = 4.199999999999999đ < 6đ — bỏ qua 
2026-07-22 00:45:12: [PP369] [AutoTrade] VET → SHORT (Score: +4.199999999999999đ) tại $0.00499 
2026-07-22 00:45:12: [PP369] [AutoTrade] VET SHORT có Score = 4.199999999999999đ < 6đ — bỏ qua 
2026-07-22 00:46:14: [PP369] [AutoTrade] MANTA → LONG (Score: +5.4đ) tại $0.06205 
2026-07-22 00:46:14: [PP369] [AutoTrade] MANTA LONG có Score = 5.4đ < 6đ — bỏ qua 
2026-07-22 00:46:51: [PP369] [Binance] Đã đồng bộ giờ: offset = 96841ms (Giờ server: 2026-07-21T17:48:27.897Z) 
2026-07-22 01:16:51: [PP369] [Binance] Đã đồng bộ giờ: offset = 97017ms (Giờ server: 2026-07-21T18:18:28.075Z) 
2026-07-22 01:16:52: [PP369] [AutoTrade] [CoinRefresh] Tái kiểm tra danh sách: 450 → 450 coin hợp lệ theo giá hiện tại. 
2026-07-22 01:19:43: [PP369] [AutoTrade] NAORIS → LONG (Score: +5.299999999999999đ) tại $0.03859 
2026-07-22 01:19:43: [PP369] [AutoTrade] NAORIS LONG có Score = 5.299999999999999đ < 6đ — bỏ qua 
2026-07-22 01:20:12: [PP369] [AutoTrade] NAORIS → LONG (Score: +5.299999999999999đ) tại $0.03859 
2026-07-22 01:20:12: [PP369] [AutoTrade] NAORIS LONG có Score = 5.299999999999999đ < 6đ — bỏ qua 
2026-07-22 01:25:13: [PP369] [AutoTrade] AIN → LONG (Score: +5.6đ) tại $0.08186 
2026-07-22 01:25:13: [PP369] [AutoTrade] AIN LONG có Score = 5.6đ < 6đ — bỏ qua 
2026-07-22 01:40:42: [PP369] [AutoTrade] RIF → LONG (Score: +4.5đ) tại $0.08268 
2026-07-22 01:40:42: [PP369] [AutoTrade] RIF LONG không đạt Tiêu chí 2 (Biến động H1/M15 an toàn) — bỏ qua 
2026-07-22 01:42:44: [PP369] [AutoTrade] HOLO → SHORT (Score: +5.6đ) tại $0.06483 
2026-07-22 01:42:44: [PP369] [AutoTrade] HOLO SHORT có Score = 5.6đ < 6đ — bỏ qua 
2026-07-22 01:43:13: [PP369] [AutoTrade] HOLO → SHORT (Score: +5.6đ) tại $0.06483 
2026-07-22 01:43:13: [PP369] [AutoTrade] HOLO SHORT có Score = 5.6đ < 6đ — bỏ qua 
2026-07-22 01:44:13: [PP369] [AutoTrade] HOLO → SHORT (Score: +5.6đ) tại $0.06483 
2026-07-22 01:44:13: [PP369] [AutoTrade] HOLO SHORT có Score = 5.6đ < 6đ — bỏ qua 
2026-07-22 01:46:51: [PP369] [Binance] Đã đồng bộ giờ: offset = 97192ms (Giờ server: 2026-07-21T18:48:28.254Z) 
2026-07-22 02:16:51: [PP369] [Binance] Đã đồng bộ giờ: offset = 97366ms (Giờ server: 2026-07-21T19:18:28.434Z) 
2026-07-22 02:29:43: [PP369] [AutoTrade] RIF → LONG (Score: +5.6đ) tại $0.07968 
2026-07-22 02:29:43: [PP369] [AutoTrade] RIF LONG không đạt Tiêu chí 2 (Biến động H1/M15 an toàn) — bỏ qua 
2026-07-22 02:30:12: [PP369] [AutoTrade] RIF → LONG (Score: +5.6đ) tại $0.07968 
2026-07-22 02:30:12: [PP369] [AutoTrade] RIF LONG không đạt Tiêu chí 2 (Biến động H1/M15 an toàn) — bỏ qua 
2026-07-22 02:31:12: [PP369] [AutoTrade] RIF → LONG (Score: +5.6đ) tại $0.07968 
2026-07-22 02:31:12: [PP369] [AutoTrade] RIF LONG không đạt Tiêu chí 2 (Biến động H1/M15 an toàn) — bỏ qua 
2026-07-22 02:34:43: [PP369] [AutoTrade] PIEVERSE → LONG (Score: +6.199999999999999đ) tại $0.6728 
2026-07-22 02:34:43: [PP369] [AutoTrade] Set leverage PIEVERSEUSDT = 13x (Lưới: 3.69% → tính được 13x, giới hạn: 20x | Ký quỹ mục tiêu: $10) 
2026-07-22 02:34:43: [PP369] [AutoTrade] ✓ PIEVERSE BUY 193 @ $0.6728 orderId=1697642869 status=NEW 
2026-07-22 02:39:42: [PP369] [AutoTrade] Lệnh LIMIT của PIEVERSE đã treo quá 3 phút (3.3 phút) -> Tiến hành hủy... 
2026-07-22 02:39:42: [PP369] [AutoTrade] ✓ Đã hủy thành công lệnh LIMIT treo của PIEVERSE 
2026-07-22 02:42:42: [PP369] [AutoTrade] PIEVERSE → LONG (Score: +6.199999999999999đ) tại $0.6728 
2026-07-22 02:42:43: [PP369] [AutoTrade] Set leverage PIEVERSEUSDT = 13x (Lưới: 3.69% → tính được 13x, giới hạn: 20x | Ký quỹ mục tiêu: $10) 
2026-07-22 02:42:43: [PP369] [AutoTrade] ✓ PIEVERSE BUY 193 @ $0.6728 orderId=1697646899 status=NEW 
2026-07-22 02:46:51: [PP369] [Binance] Đã đồng bộ giờ: offset = 97543ms (Giờ server: 2026-07-21T19:48:28.607Z) 
2026-07-22 02:47:42: [PP369] [AutoTrade] Lệnh LIMIT của PIEVERSE đã treo quá 3 phút (3.4 phút) -> Tiến hành hủy... 
2026-07-22 02:47:42: [PP369] [AutoTrade] ✓ Đã hủy thành công lệnh LIMIT treo của PIEVERSE 
2026-07-22 02:52:14: [PP369] [AutoTrade] GUA → SHORT (Score: +3.0999999999999996đ) tại $0.05515 
2026-07-22 02:52:14: [PP369] [AutoTrade] GUA SHORT có Score = 3.0999999999999996đ < 6đ — bỏ qua 
2026-07-22 03:16:51: [PP369] [Binance] Đã đồng bộ giờ: offset = 97718ms (Giờ server: 2026-07-21T20:18:28.777Z) 
2026-07-22 03:46:13: [PP369] [AutoTrade] MANTA → SHORT (Score: +4.3đ) tại $0.06492 
2026-07-22 03:46:13: [PP369] [AutoTrade] MANTA SHORT có Score = 4.3đ < 6đ — bỏ qua 
2026-07-22 03:46:43: [PP369] [AutoTrade] MANTA → SHORT (Score: +4.3đ) tại $0.06492 
2026-07-22 03:46:43: [PP369] [AutoTrade] MANTA SHORT có Score = 4.3đ < 6đ — bỏ qua 
2026-07-22 03:46:51: [PP369] [Binance] Đã đồng bộ giờ: offset = 97892ms (Giờ server: 2026-07-21T20:48:28.955Z) 
2026-07-22 03:47:13: [PP369] [AutoTrade] MANTA → SHORT (Score: +4.3đ) tại $0.06492 
2026-07-22 03:47:13: [PP369] [AutoTrade] MANTA SHORT có Score = 4.3đ < 6đ — bỏ qua 
2026-07-22 03:48:13: [PP369] [AutoTrade] MANTA → SHORT (Score: +4.3đ) tại $0.06492 
2026-07-22 03:48:13: [PP369] [AutoTrade] MANTA SHORT có Score = 4.3đ < 6đ — bỏ qua 
2026-07-22 03:49:13: [PP369] [AutoTrade] MANTA → SHORT (Score: +4.3đ) tại $0.06492 
2026-07-22 03:49:13: [PP369] [AutoTrade] MANTA SHORT có Score = 4.3đ < 6đ — bỏ qua 
2026-07-22 03:49:43: [PP369] [AutoTrade] MANTA → SHORT (Score: +4.3đ) tại $0.06492 
2026-07-22 03:49:43: [PP369] [AutoTrade] MANTA SHORT có Score = 4.3đ < 6đ — bỏ qua 
2026-07-22 04:09:14: [PP369] [AutoTrade] RIF → LONG (Score: +4.8đ) tại $0.07668 
2026-07-22 04:09:14: [PP369] [AutoTrade] RIF LONG không đạt Tiêu chí 2 (Biến động H1/M15 an toàn) — bỏ qua 
2026-07-22 04:09:43: [PP369] [AutoTrade] RIF → LONG (Score: +4.8đ) tại $0.07668 
2026-07-22 04:09:43: [PP369] [AutoTrade] RIF LONG không đạt Tiêu chí 2 (Biến động H1/M15 an toàn) — bỏ qua 
2026-07-22 04:10:13: [PP369] [AutoTrade] RIF → LONG (Score: +4.8đ) tại $0.07668 
2026-07-22 04:10:13: [PP369] [AutoTrade] RIF LONG không đạt Tiêu chí 2 (Biến động H1/M15 an toàn) — bỏ qua 
2026-07-22 04:13:44: [PP369] [AutoTrade] SAFE → SHORT (Score: +3.5999999999999996đ) tại $0.0838 
2026-07-22 04:13:44: [PP369] [AutoTrade] SAFE SHORT có Score = 3.5999999999999996đ < 6đ — bỏ qua 
2026-07-22 04:14:43: [PP369] [AutoTrade] SAFE → SHORT (Score: +3.5999999999999996đ) tại $0.0838 
2026-07-22 04:14:43: [PP369] [AutoTrade] SAFE SHORT có Score = 3.5999999999999996đ < 6đ — bỏ qua 
2026-07-22 04:16:51: [PP369] [Binance] Đã đồng bộ giờ: offset = 98067ms (Giờ server: 2026-07-21T21:18:29.132Z) 
2026-07-22 04:46:51: [PP369] [Binance] Đã đồng bộ giờ: offset = 98244ms (Giờ server: 2026-07-21T21:48:29.304Z) 
2026-07-22 04:50:13: [PP369] [AutoTrade] KAITO → SHORT (Score: +2.4000000000000004đ) tại $0.9862 
2026-07-22 04:50:13: [PP369] [AutoTrade] KAITO SHORT có Score = 2.4000000000000004đ < 6đ — bỏ qua 
2026-07-22 05:02:44: [PP369] [AutoTrade] RONIN → LONG (Score: +6.4đ) tại $0.0545 
2026-07-22 05:02:44: [PP369] [AutoTrade] Set leverage RONINUSDT = 9x (Lưới: 5.14% → tính được 9x, giới hạn: 50x | Ký quỹ mục tiêu: $10) 
2026-07-22 05:02:44: [PP369] [AutoTrade] ✓ RONIN BUY 1651.3 @ $0.0545 orderId=1928639618 status=NEW 
2026-07-22 05:07:42: [PP369] [AutoTrade] Lệnh LIMIT của RONIN đã treo quá 3 phút (3.3 phút) -> Tiến hành hủy... 
2026-07-22 05:07:42: [PP369] [AutoTrade] ✓ Đã hủy thành công lệnh LIMIT treo của RONIN 
2026-07-22 05:16:51: [PP369] [Binance] Đã đồng bộ giờ: offset = 98419ms (Giờ server: 2026-07-21T22:18:29.485Z) 
2026-07-22 05:16:52: [PP369] [AutoTrade] [CoinRefresh] Tái kiểm tra danh sách: 450 → 452 coin hợp lệ theo giá hiện tại. 
2026-07-22 05:35:12: [PP369] [AutoTrade] RIF → LONG (Score: +4.5đ) tại $0.07368 
2026-07-22 05:35:12: [PP369] [AutoTrade] RIF LONG không đạt Tiêu chí 2 (Biến động H1/M15 an toàn) — bỏ qua 
2026-07-22 05:44:13: [PP369] [AutoTrade] PIEVERSE → LONG (Score: +6.199999999999999đ) tại $0.6728 
2026-07-22 05:44:13: [PP369] [AutoTrade] Set leverage PIEVERSEUSDT = 13x (Lưới: 3.69% → tính được 13x, giới hạn: 20x | Ký quỹ mục tiêu: $10) 
2026-07-22 05:44:14: [PP369] [AutoTrade] ✓ PIEVERSE BUY 193 @ $0.6728 orderId=1697702813 status=NEW 
2026-07-22 05:46:51: [PP369] [Binance] Đã đồng bộ giờ: offset = 98595ms (Giờ server: 2026-07-21T22:48:29.620Z) 
2026-07-22 05:49:12: [PP369] [AutoTrade] Lệnh LIMIT của PIEVERSE đã treo quá 3 phút (3.3 phút) -> Tiến hành hủy... 
2026-07-22 05:49:12: [PP369] [AutoTrade] ✓ Đã hủy thành công lệnh LIMIT treo của PIEVERSE 
2026-07-22 05:55:43: [PP369] [AutoTrade] PIEVERSE → LONG (Score: +6.199999999999999đ) tại $0.6728 
2026-07-22 05:55:43: [PP369] [AutoTrade] Set leverage PIEVERSEUSDT = 13x (Lưới: 3.69% → tính được 13x, giới hạn: 20x | Ký quỹ mục tiêu: $10) 
2026-07-22 05:55:43: [PP369] [AutoTrade] ✓ PIEVERSE BUY 193 @ $0.6728 orderId=1697706410 status=NEW 
2026-07-22 05:59:44: [PP369] [AutoTrade] PLAY → SHORT (Score: +3.3đ) tại $0.03687 
2026-07-22 05:59:44: [PP369] [AutoTrade] PLAY SHORT có Score = 3.3đ < 6đ — bỏ qua 
2026-07-22 05:59:59: [PP369] [AutoTrade] ✓ Đặt TP PIEVERSE @ $0.6780000 (đối ứng SELL) orderId=1000002466658989 
2026-07-22 05:59:59: [PP369] [AutoTrade] ✓ Đặt SL PIEVERSE @ $0.6676000 (đối ứng SELL) orderId=1000002466658991 
2026-07-22 06:00:13: [PP369] [AutoTrade] PLAY → SHORT (Score: +2.6đ) tại $0.03687 
2026-07-22 06:00:13: [PP369] [AutoTrade] PLAY SHORT có Score = 2.6đ < 6đ — bỏ qua 
2026-07-22 06:03:13: [PP369] [AutoTrade] 1000XEC → LONG (Score: +4.6đ) tại $0.00723 
2026-07-22 06:03:13: [PP369] [AutoTrade] 1000XEC LONG có Score = 4.6đ < 6đ — bỏ qua 
2026-07-22 06:06:14: [PP369] [AutoTrade] LUMIA → LONG (Score: +5.1đ) tại $0.0665 
2026-07-22 06:06:14: [PP369] [AutoTrade] LUMIA LONG có Score = 5.1đ < 6đ — bỏ qua 
2026-07-22 06:12:43: [PP369] [AutoTrade] VANRY → LONG (Score: +5.6đ) tại $0.004538 
2026-07-22 06:12:43: [PP369] [AutoTrade] VANRY LONG có Score = 5.6đ < 6đ — bỏ qua 
2026-07-22 06:14:13: [PP369] [AutoTrade] VANRY → LONG (Score: +5.6đ) tại $0.004538 
2026-07-22 06:14:13: [PP369] [AutoTrade] VANRY LONG có Score = 5.6đ < 6đ — bỏ qua 
2026-07-22 06:14:43: [PP369] [AutoTrade] VANRY → LONG (Score: +5.6đ) tại $0.004538 
2026-07-22 06:14:43: [PP369] [AutoTrade] VANRY LONG có Score = 5.6đ < 6đ — bỏ qua 
2026-07-22 06:15:43: [PP369] [AutoTrade] VANRY → LONG (Score: +5.6đ) tại $0.004538 
2026-07-22 06:15:43: [PP369] [AutoTrade] VANRY LONG có Score = 5.6đ < 6đ — bỏ qua 
2026-07-22 06:16:13: [PP369] [AutoTrade] VANRY → LONG (Score: +5.6đ) tại $0.004538 
2026-07-22 06:16:13: [PP369] [AutoTrade] VANRY LONG có Score = 5.6đ < 6đ — bỏ qua 
2026-07-22 06:16:51: [PP369] [Binance] Đã đồng bộ giờ: offset = 98770ms (Giờ server: 2026-07-21T23:18:29.796Z) 
2026-07-22 06:19:43: [PP369] [AutoTrade] VANRY → LONG (Score: +5.6đ) tại $0.004538 
2026-07-22 06:19:43: [PP369] [AutoTrade] VANRY LONG có Score = 5.6đ < 6đ — bỏ qua 
2026-07-22 06:20:13: [PP369] [AutoTrade] VANRY → LONG (Score: +5.6đ) tại $0.004538 
2026-07-22 06:20:13: [PP369] [AutoTrade] VANRY LONG có Score = 5.6đ < 6đ — bỏ qua 
2026-07-22 06:20:43: [PP369] [AutoTrade] VANRY → LONG (Score: +5.6đ) tại $0.004538 
2026-07-22 06:20:43: [PP369] [AutoTrade] VANRY LONG có Score = 5.6đ < 6đ — bỏ qua 
2026-07-22 06:21:12: [PP369] [AutoTrade] VANRY → LONG (Score: +5.6đ) tại $0.004538 
2026-07-22 06:21:12: [PP369] [AutoTrade] VANRY LONG có Score = 5.6đ < 6đ — bỏ qua 
2026-07-22 06:21:43: [PP369] [AutoTrade] VANRY → LONG (Score: +5.6đ) tại $0.004538 
2026-07-22 06:21:43: [PP369] [AutoTrade] VANRY LONG có Score = 5.6đ < 6đ — bỏ qua 
2026-07-22 06:26:32: [PP369] [AutoTrade] Trailing SL: PIEVERSE đạt ROI 5.99% -> Dịch SL trên sàn về entry + 1% ROI ($0.6733) [Mức: Hòa vốn] 
2026-07-22 06:26:32: [PP369] [AutoTrade] Đã hủy SL cũ của PIEVERSE (orderId=1000002466658991) 
2026-07-22 06:26:33: [PP369] [AutoTrade] ✓ Đã dịch SL mới cho PIEVERSE @ $0.6733000 (orderId=1000002466690789) 
2026-07-22 06:46:51: [PP369] [Binance] Đã đồng bộ giờ: offset = 98945ms (Giờ server: 2026-07-21T23:48:30.020Z) 
2026-07-22 06:47:13: [PP369] [AutoTrade] RIF → LONG (Score: +5đ) tại $0.07968 
2026-07-22 06:47:13: [PP369] [AutoTrade] RIF LONG không đạt Tiêu chí 2 (Biến động H1/M15 an toàn) — bỏ qua 
2026-07-22 07:01:14: [PP369] [AutoTrade] ICNT → SHORT (Score: +4.699999999999999đ) tại $0.1903 
2026-07-22 07:01:14: [PP369] [AutoTrade] ICNT SHORT có Score = 4.699999999999999đ < 6đ — bỏ qua 
2026-07-22 07:02:43: [PP369] [AutoTrade] RIF → LONG (Score: +5đ) tại $0.07368 
2026-07-22 07:02:43: [PP369] [AutoTrade] RIF LONG không đạt Tiêu chí 2 (Biến động H1/M15 an toàn) — bỏ qua 
2026-07-22 07:13:13: [PP369] [AutoTrade] RIF → SHORT (Score: +3.6đ) tại $0.07668 
2026-07-22 07:13:13: [PP369] [AutoTrade] RIF SHORT không đạt Tiêu chí 2 (Biến động H1/M15 an toàn) — bỏ qua 
2026-07-22 07:13:44: [PP369] [AutoTrade] LAYER → SHORT (Score: +3.0999999999999996đ) tại $0.0659 
2026-07-22 07:13:44: [PP369] [AutoTrade] LAYER SHORT có Score = 3.0999999999999996đ < 6đ — bỏ qua 
2026-07-22 07:14:13: [PP369] [AutoTrade] RIF → SHORT (Score: +3đ) tại $0.07968 
2026-07-22 07:14:13: [PP369] [AutoTrade] RIF SHORT không đạt Tiêu chí 2 (Biến động H1/M15 an toàn) — bỏ qua 
2026-07-22 07:14:13: [PP369] [AutoTrade] LAYER → SHORT (Score: +3.0999999999999996đ) tại $0.0659 
2026-07-22 07:14:13: [PP369] [AutoTrade] LAYER SHORT có Score = 3.0999999999999996đ < 6đ — bỏ qua 
2026-07-22 07:14:43: [PP369] [AutoTrade] RIF → SHORT (Score: +3đ) tại $0.08268 
2026-07-22 07:14:43: [PP369] [AutoTrade] RIF SHORT không đạt Tiêu chí 2 (Biến động H1/M15 an toàn) — bỏ qua 
2026-07-22 07:15:13: [PP369] [AutoTrade] LAYER → SHORT (Score: +3.0999999999999996đ) tại $0.0659 
2026-07-22 07:15:13: [PP369] [AutoTrade] LAYER SHORT có Score = 3.0999999999999996đ < 6đ — bỏ qua 
2026-07-22 07:15:14: [PP369] [AutoTrade] HOLO → LONG (Score: +5.1đ) tại $0.06569 
2026-07-22 07:15:14: [PP369] [AutoTrade] HOLO LONG không đạt Tiêu chí 2 (Biến động H1/M15 an toàn) — bỏ qua 
2026-07-22 07:16:51: [PP369] [Binance] Đã đồng bộ giờ: offset = 99120ms (Giờ server: 2026-07-22T00:18:30.184Z) 
2026-07-22 07:46:51: [PP369] [Binance] Đã đồng bộ giờ: offset = 99296ms (Giờ server: 2026-07-22T00:48:30.374Z) 
2026-07-22 07:55:13: [PP369] [AutoTrade] RIF → LONG (Score: +4.5đ) tại $0.07368 
2026-07-22 07:55:13: [PP369] [AutoTrade] RIF LONG không đạt Tiêu chí 2 (Biến động H1/M15 an toàn) — bỏ qua 
2026-07-22 08:16:14: [PP369] [AutoTrade] USTC → SHORT (Score: +3.0999999999999996đ) tại $0.005496 
2026-07-22 08:16:14: [PP369] [AutoTrade] USTC SHORT có Score = 3.0999999999999996đ < 6đ — bỏ qua 
2026-07-22 08:16:43: [PP369] [AutoTrade] USTC → SHORT (Score: +3.0999999999999996đ) tại $0.005496 
2026-07-22 08:16:43: [PP369] [AutoTrade] USTC SHORT có Score = 3.0999999999999996đ < 6đ — bỏ qua 
2026-07-22 08:16:51: [PP369] [Binance] Đã đồng bộ giờ: offset = 99472ms (Giờ server: 2026-07-22T01:18:30.546Z) 
2026-07-22 08:19:14: [PP369] [AutoTrade] 1000XEC → SHORT (Score: +3.9999999999999996đ) tại $0.00748 
2026-07-22 08:19:14: [PP369] [AutoTrade] 1000XEC SHORT có Score = 3.9999999999999996đ < 6đ — bỏ qua 
2026-07-22 08:27:44: [PP369] [AutoTrade] FLOCK → SHORT (Score: +4.6đ) tại $0.0332 
2026-07-22 08:27:44: [PP369] [AutoTrade] FLOCK SHORT có Score = 4.6đ < 6đ — bỏ qua 
2026-07-22 08:46:51: [PP369] [Binance] Đã đồng bộ giờ: offset = 99647ms (Giờ server: 2026-07-22T01:48:30.749Z) 
2026-07-22 09:02:14: [PP369] [AutoTrade] USTC → SHORT (Score: +3.3đ) tại $0.005496 
2026-07-22 09:02:14: [PP369] [AutoTrade] USTC SHORT có Score = 3.3đ < 6đ — bỏ qua 
2026-07-22 09:02:43: [PP369] [AutoTrade] USTC → SHORT (Score: +3.3đ) tại $0.005496 
2026-07-22 09:02:43: [PP369] [AutoTrade] USTC SHORT có Score = 3.3đ < 6đ — bỏ qua 
2026-07-22 09:03:13: [PP369] [AutoTrade] USTC → SHORT (Score: +3.3đ) tại $0.005496 
2026-07-22 09:03:13: [PP369] [AutoTrade] USTC SHORT có Score = 3.3đ < 6đ — bỏ qua 
2026-07-22 09:04:43: [PP369] [AutoTrade] USTC → SHORT (Score: +3.3đ) tại $0.005496 
2026-07-22 09:04:43: [PP369] [AutoTrade] USTC SHORT có Score = 3.3đ < 6đ — bỏ qua 
2026-07-22 09:05:13: [PP369] [AutoTrade] USTC → SHORT (Score: +3.3đ) tại $0.005496 
2026-07-22 09:05:13: [PP369] [AutoTrade] USTC SHORT có Score = 3.3đ < 6đ — bỏ qua 
2026-07-22 09:10:13: [PP369] [AutoTrade] USTC → SHORT (Score: +3.3đ) tại $0.005496 
2026-07-22 09:10:13: [PP369] [AutoTrade] USTC SHORT có Score = 3.3đ < 6đ — bỏ qua 
2026-07-22 09:11:13: [PP369] [AutoTrade] USTC → SHORT (Score: +3.3đ) tại $0.005496 
2026-07-22 09:11:13: [PP369] [AutoTrade] USTC SHORT có Score = 3.3đ < 6đ — bỏ qua 
2026-07-22 09:15:13: [PP369] [AutoTrade] USTC → SHORT (Score: +3.3đ) tại $0.005496 
2026-07-22 09:15:13: [PP369] [AutoTrade] USTC SHORT có Score = 3.3đ < 6đ — bỏ qua 
2026-07-22 09:15:43: [PP369] [AutoTrade] USTC → SHORT (Score: +3.3đ) tại $0.005496 
2026-07-22 09:15:43: [PP369] [AutoTrade] USTC SHORT có Score = 3.3đ < 6đ — bỏ qua 
2026-07-22 09:16:13: [PP369] [AutoTrade] USTC → SHORT (Score: +3.3đ) tại $0.005496 
2026-07-22 09:16:13: [PP369] [AutoTrade] USTC SHORT có Score = 3.3đ < 6đ — bỏ qua 
2026-07-22 09:16:43: [PP369] [AutoTrade] USTC → SHORT (Score: +3.3đ) tại $0.005496 
2026-07-22 09:16:43: [PP369] [AutoTrade] USTC SHORT có Score = 3.3đ < 6đ — bỏ qua 
2026-07-22 09:16:51: [PP369] [Binance] Đã đồng bộ giờ: offset = 99822ms (Giờ server: 2026-07-22T02:18:30.939Z) 
2026-07-22 09:16:52: [PP369] [AutoTrade] [CoinRefresh] Tái kiểm tra danh sách: 452 → 449 coin hợp lệ theo giá hiện tại. 
2026-07-22 09:19:13: [PP369] [AutoTrade] 1000XEC → SHORT (Score: +2.8đ) tại $0.00778 
2026-07-22 09:19:13: [PP369] [AutoTrade] 1000XEC SHORT không đạt Tiêu chí 2 (Biến động H1/M15 an toàn) — bỏ qua 
2026-07-22 09:20:43: [PP369] [AutoTrade] USTC → SHORT (Score: +3.3đ) tại $0.005496 
2026-07-22 09:20:43: [PP369] [AutoTrade] USTC SHORT có Score = 3.3đ < 6đ — bỏ qua 
2026-07-22 09:21:13: [PP369] [AutoTrade] USTC → SHORT (Score: +3.3đ) tại $0.005496 
2026-07-22 09:21:13: [PP369] [AutoTrade] USTC SHORT có Score = 3.3đ < 6đ — bỏ qua 
2026-07-22 09:21:43: [PP369] [AutoTrade] USTC → SHORT (Score: +3.3đ) tại $0.005496 
2026-07-22 09:21:43: [PP369] [AutoTrade] USTC SHORT có Score = 3.3đ < 6đ — bỏ qua 
2026-07-22 09:22:13: [PP369] [AutoTrade] USTC → SHORT (Score: +3.3đ) tại $0.005496 
2026-07-22 09:22:13: [PP369] [AutoTrade] USTC SHORT có Score = 3.3đ < 6đ — bỏ qua 
2026-07-22 09:22:43: [PP369] [AutoTrade] USTC → SHORT (Score: +3.3đ) tại $0.005496 
2026-07-22 09:22:43: [PP369] [AutoTrade] USTC SHORT có Score = 3.3đ < 6đ — bỏ qua 
2026-07-22 09:23:13: [PP369] [AutoTrade] USTC → SHORT (Score: +3.3đ) tại $0.005496 
2026-07-22 09:23:13: [PP369] [AutoTrade] USTC SHORT có Score = 3.3đ < 6đ — bỏ qua 
2026-07-22 09:23:44: [PP369] [AutoTrade] USTC → SHORT (Score: +3.3đ) tại $0.005496 
2026-07-22 09:23:44: [PP369] [AutoTrade] USTC SHORT có Score = 3.3đ < 6đ — bỏ qua 
2026-07-22 09:24:43: [PP369] [AutoTrade] USTC → SHORT (Score: +3.3đ) tại $0.005496 
2026-07-22 09:24:43: [PP369] [AutoTrade] USTC SHORT có Score = 3.3đ < 6đ — bỏ qua 
2026-07-22 09:25:13: [PP369] [AutoTrade] USTC → SHORT (Score: +3.3đ) tại $0.005496 
2026-07-22 09:25:13: [PP369] [AutoTrade] USTC SHORT có Score = 3.3đ < 6đ — bỏ qua 
2026-07-22 09:25:14: [PP369] [AutoTrade] PIEVERSE → SHORT (Score: +2.5đ) tại $0.6976 
2026-07-22 09:25:14: [PP369] [AutoTrade] PIEVERSE SHORT có Score = 2.5đ < 6đ — bỏ qua 
2026-07-22 09:25:43: [PP369] [AutoTrade] USTC → SHORT (Score: +3.3đ) tại $0.005496 
2026-07-22 09:25:43: [PP369] [AutoTrade] USTC SHORT có Score = 3.3đ < 6đ — bỏ qua 
2026-07-22 09:25:43: [PP369] [AutoTrade] PIEVERSE → SHORT (Score: +2.5đ) tại $0.6976 
2026-07-22 09:25:43: [PP369] [AutoTrade] PIEVERSE SHORT có Score = 2.5đ < 6đ — bỏ qua 
2026-07-22 09:26:13: [PP369] [AutoTrade] USTC → SHORT (Score: +3.3đ) tại $0.005496 
2026-07-22 09:26:13: [PP369] [AutoTrade] USTC SHORT có Score = 3.3đ < 6đ — bỏ qua 
2026-07-22 09:26:13: [PP369] [AutoTrade] PIEVERSE → SHORT (Score: +2.5đ) tại $0.6976 
2026-07-22 09:26:13: [PP369] [AutoTrade] PIEVERSE SHORT có Score = 2.5đ < 6đ — bỏ qua 
2026-07-22 09:26:43: [PP369] [AutoTrade] USTC → SHORT (Score: +3.3đ) tại $0.005496 
2026-07-22 09:26:43: [PP369] [AutoTrade] USTC SHORT có Score = 3.3đ < 6đ — bỏ qua 
2026-07-22 09:27:13: [PP369] [AutoTrade] USTC → SHORT (Score: +3.3đ) tại $0.005496 
2026-07-22 09:27:13: [PP369] [AutoTrade] USTC SHORT có Score = 3.3đ < 6đ — bỏ qua 
2026-07-22 09:27:43: [PP369] [AutoTrade] USTC → SHORT (Score: +3.3đ) tại $0.005496 
2026-07-22 09:27:43: [PP369] [AutoTrade] USTC SHORT có Score = 3.3đ < 6đ — bỏ qua 
2026-07-22 09:29:13: [PP369] [AutoTrade] USTC → SHORT (Score: +3.3đ) tại $0.005496 
2026-07-22 09:29:13: [PP369] [AutoTrade] USTC SHORT có Score = 3.3đ < 6đ — bỏ qua 
2026-07-22 09:29:43: [PP369] [AutoTrade] USTC → SHORT (Score: +3.3đ) tại $0.005496 
2026-07-22 09:29:43: [PP369] [AutoTrade] USTC SHORT có Score = 3.3đ < 6đ — bỏ qua 
2026-07-22 09:30:13: [PP369] [AutoTrade] USTC → SHORT (Score: +3.3đ) tại $0.005496 
2026-07-22 09:30:13: [PP369] [AutoTrade] USTC SHORT có Score = 3.3đ < 6đ — bỏ qua 
2026-07-22 09:30:43: [PP369] [AutoTrade] USTC → SHORT (Score: +3.3đ) tại $0.005496 
2026-07-22 09:30:43: [PP369] [AutoTrade] USTC SHORT có Score = 3.3đ < 6đ — bỏ qua 
2026-07-22 09:31:13: [PP369] [AutoTrade] USTC → SHORT (Score: +3.3đ) tại $0.005496 
2026-07-22 09:31:13: [PP369] [AutoTrade] USTC SHORT có Score = 3.3đ < 6đ — bỏ qua 
2026-07-22 09:31:43: [PP369] [AutoTrade] USTC → SHORT (Score: +3.3đ) tại $0.005496 
2026-07-22 09:31:43: [PP369] [AutoTrade] USTC SHORT có Score = 3.3đ < 6đ — bỏ qua 
2026-07-22 09:32:13: [PP369] [AutoTrade] USTC → SHORT (Score: +3.3đ) tại $0.005496 
2026-07-22 09:32:13: [PP369] [AutoTrade] USTC SHORT có Score = 3.3đ < 6đ — bỏ qua 
2026-07-22 09:32:43: [PP369] [AutoTrade] USTC → SHORT (Score: +3.3đ) tại $0.005496 
2026-07-22 09:32:43: [PP369] [AutoTrade] USTC SHORT có Score = 3.3đ < 6đ — bỏ qua 
2026-07-22 09:33:13: [PP369] [AutoTrade] USTC → SHORT (Score: +3.3đ) tại $0.005496 
2026-07-22 09:33:13: [PP369] [AutoTrade] USTC SHORT có Score = 3.3đ < 6đ — bỏ qua 
2026-07-22 09:46:51: [PP369] [Binance] Đã đồng bộ giờ: offset = 99997ms (Giờ server: 2026-07-22T02:48:31.083Z) 
2026-07-22 09:53:13: [PP369] [AutoTrade] EPIC → LONG (Score: +6.199999999999999đ) tại $0.5285 
2026-07-22 09:53:13: [PP369] [AutoTrade] Set leverage EPICUSDT = 9x (Lưới: 5.53% → tính được 9x, giới hạn: 20x | Ký quỹ mục tiêu: $10) 
2026-07-22 09:53:13: [PP369] [AutoTrade] ✓ EPIC BUY 170.2 @ $0.5285 orderId=1638134581 status=NEW 
2026-07-22 09:54:00: [PP369] [AutoTrade] ✓ Đặt TP EPIC @ $0.534400 (đối ứng SELL) orderId=1000002466989414 
2026-07-22 09:54:00: [PP369] [AutoTrade] ✓ Đặt SL EPIC @ $0.522600 (đối ứng SELL) orderId=1000002466989415 
2026-07-22 09:57:13: [PP369] [AutoTrade] RIF → LONG (Score: +5.5đ) tại $0.06468 
2026-07-22 09:57:13: [PP369] [AutoTrade] RIF LONG không đạt Tiêu chí 2 (Biến động H1/M15 an toàn) — bỏ qua 
2026-07-22 09:57:41: [PP369] [AutoTrade] Trailing SL: EPIC đạt ROI 5.29% -> Dịch SL trên sàn về entry + 1% ROI ($0.5291) [Mức: Hòa vốn] 
2026-07-22 09:57:42: [PP369] [AutoTrade] Đã hủy SL cũ của EPIC (orderId=1000002466989415) 
2026-07-22 09:57:42: [PP369] [AutoTrade] ✓ Đã dịch SL mới cho EPIC @ $0.529100 (orderId=1000002466994305) 
2026-07-22 10:09:44: [PP369] [AutoTrade] VIRTUAL → LONG (Score: +6.1đ) tại $0.6467 
2026-07-22 10:09:44: [PP369] [AutoTrade] Set leverage VIRTUALUSDT = 11x (Lưới: 4.36% → tính được 11x, giới hạn: 75x | Ký quỹ mục tiêu: $10) 
2026-07-22 10:09:44: [PP369] [AutoTrade] ✓ VIRTUAL BUY 170 @ $0.6467 orderId=7613946735 status=NEW 
2026-07-22 10:14:42: [PP369] [AutoTrade] Lệnh LIMIT của VIRTUAL đã treo quá 3 phút (3.3 phút) -> Tiến hành hủy... 
2026-07-22 10:14:42: [PP369] [AutoTrade] ✓ Đã hủy thành công lệnh LIMIT treo của VIRTUAL 
2026-07-22 10:14:43: [PP369] [AutoTrade] VIRTUAL → LONG (Score: +6.1đ) tại $0.6467 
2026-07-22 10:14:43: [PP369] [AutoTrade] VIRTUAL LONG đã đặt gần đây — bỏ qua 
2026-07-22 10:15:13: [PP369] [AutoTrade] VIRTUAL → LONG (Score: +6.1đ) tại $0.6467 
2026-07-22 10:15:13: [PP369] [AutoTrade] Set leverage VIRTUALUSDT = 11x (Lưới: 4.36% → tính được 11x, giới hạn: 75x | Ký quỹ mục tiêu: $10) 
2026-07-22 10:15:13: [PP369] [AutoTrade] ✓ VIRTUAL BUY 170 @ $0.6467 orderId=7613979763 status=NEW 
2026-07-22 10:16:51: [PP369] [Binance] Đã đồng bộ giờ: offset = 100173ms (Giờ server: 2026-07-22T03:18:31.258Z) 
2026-07-22 10:20:12: [PP369] [AutoTrade] Lệnh LIMIT của VIRTUAL đã treo quá 3 phút (3.3 phút) -> Tiến hành hủy... 
2026-07-22 10:20:12: [PP369] [AutoTrade] ✓ Đã hủy thành công lệnh LIMIT treo của VIRTUAL 
2026-07-22 10:45:13: [PP369] [AutoTrade] RIF → LONG (Score: +5.5đ) tại $0.06168 
2026-07-22 10:45:13: [PP369] [AutoTrade] RIF LONG không đạt Tiêu chí 2 (Biến động H1/M15 an toàn) — bỏ qua 
2026-07-22 10:46:51: [PP369] [Binance] Đã đồng bộ giờ: offset = 100348ms (Giờ server: 2026-07-22T03:48:31.433Z) 
2026-07-22 11:05:14: [PP369] [AutoTrade] AIOT → SHORT (Score: +2.9đ) tại $0.0523 
2026-07-22 11:05:14: [PP369] [AutoTrade] AIOT SHORT có Score = 2.9đ < 6đ — bỏ qua 
2026-07-22 11:16:51: [PP369] [Binance] Đã đồng bộ giờ: offset = 100523ms (Giờ server: 2026-07-22T04:18:31.607Z) 
2026-07-22 11:30:14: [PP369] [AutoTrade] SOPH → LONG (Score: +7.5đ) tại $0.004598 
2026-07-22 11:30:14: [PP369] [AutoTrade] Set leverage SOPHUSDT = 8x (Lưới: 5.72% → tính được 8x, giới hạn: 25x | Ký quỹ mục tiêu: $15) 
2026-07-22 11:30:14: [PP369] [AutoTrade] ✓ SOPH BUY 26098 @ $0.004598 orderId=1737062968 status=NEW 
2026-07-22 11:31:14: [PP369] [AutoTrade] AIN → SHORT (Score: +2.9999999999999996đ) tại $0.08465 
2026-07-22 11:31:14: [PP369] [AutoTrade] AIN SHORT có Score = 2.9999999999999996đ < 6đ — bỏ qua 
2026-07-22 11:34:14: [PP369] [AutoTrade] BROCCOLIF3B → SHORT (Score: +4.1đ) tại $0.005987 
2026-07-22 11:34:14: [PP369] [AutoTrade] BROCCOLIF3B SHORT không đạt Tiêu chí 2 (Biến động H1/M15 an toàn) — bỏ qua 
2026-07-22 11:35:12: [PP369] [AutoTrade] Lệnh LIMIT của SOPH đã treo quá 3 phút (3.3 phút) -> Tiến hành hủy... 
2026-07-22 11:35:12: [PP369] [AutoTrade] ✓ Đã hủy thành công lệnh LIMIT treo của SOPH 
2026-07-22 11:54:29: ◇ injected env (8) from .env // tip: ⌁ auth for agents [www.vestauth.com]
2026-07-22 11:54:30: [PP369] [369] initH4Cache: Tất cả 779 coin đã có nến H4 đầu năm. 
2026-07-22 11:54:30: [PP369] [Binance] Đã đồng bộ giờ: offset = 100736ms (Giờ server: 2026-07-22T04:56:10.951Z) 
2026-07-22 11:54:30: [AutoTrade] Bỏ qua 156 coin có grid ngoài khoảng 3–25% (theo giá hiện tại): SOL(38.4%), XRP(26.3%), ETC(42.9%), LINK(34.4%), BAT(37.8%), QTUM(42.5%), KNC(27.3%), DOT(35.2%), AVAX(45.8%), AAVE(31.0%), FIL(39.0%), BEL(2.9%), CTK(28.8%), COTI(40.0%), ALICE(2.5%), NKN(2.6%), DGB(1.6%), ATA(1.8%), DYDX(2.4%), KLAY(2.4%), APE(2.0%), DAR(2.1%), OP(30.7%), STG(2.1%), SPELL(36.0%), APT(49.2%), FET(1.9%), CKB(32.7%), USDC(30.0%), AMB(2.5%), LEVER(26.7%), RDNT(2.9%), HFT(33.1%), SUI(39.2%), MAV(34.0%), ARKM(2.7%), DODOX(1.6%), ARK(28.8%), BOND(28.1%), GAS(28.8%), SUPER(34.8%), 1000SATS(313.8%), ACE(33.5%), JUP(1.5%), GLM(30.1%), PORTAL(2.7%), MYRO(3.0%), W(32.8%), IO(2.0%), ZK(31.5%), ZRO(37.5%), SYN(1.5%), SYS(1.7%), ALPACA(25.2%), SUN(1.6%), DOGS(80.1%), BSW(2.5%), QUICK(2.3%), NEIRO(49.8%), FIO(2.5%), GHST(1.8%), LOKA(2.6%), COS(2.5%), DIA(29.0%), SANTOS(58.9%), 1000000MOG(29.1%), ACT(33.1%), HIPPO(2.9%), DEGEN(2.9%), 1000WHY(197.4%), THE(55.2%), CHILLGUY(2.9%), ORCA(25.4%), MOVE(27.9%), VELODROME(1.6%), MOCA(34.2%), VANA(25.6%), USUAL(33.7%), DF(2.6%), COOKIE(35.0%), D(2.2%), PIPPIN(175.6%), TST(2.5%), RED(29.8%), BMT(25.1%), MUBARAK(2.8%), TUT(2.0%), BROCCOLI714(2.4%), BR(1.9%), PLUME(2.6%), FUN(1.7%), BABY(2.3%), PUMP(1.5%), BANK(1.6%), SIGN(34.6%), PUNDIX(36.2%), SXT(42.9%), ASR(34.9%), MILK(3.0%), OG(115.8%), AGT(2.4%), B(1.2%), MERL(172.3%), PUMPBTC(31.5%), MYX(370.1%), DMC(2.3%), OL(1.7%), SAHARA(33.3%), M(25.2%), TANSSI(2.4%), VELVET(0.6%), ZORA(46.7%), TAG(2.7%), ESPORTS(103.0%), A2Z(2.1%), YALA(1.8%), AIO(2.7%), LA(56.3%), SOMI(30.4%), BAS(1.0%), Q(1.5%), PTB(50.3%), PORT3(2.5%), 1000000BOB(1.9%), AVNT(32.3%), UB(2.8%), TOSHI(26.4%), TRADOOR(60.5%), FLUID(29.6%), HANA(0.8%), AKE(1.8%), LIGHT(232.6%), XAN(3.0%), TRUTH(2.3%), YB(40.5%), EUL(29.8%), CLO(25.2%), LAB(1.7%), RIVER(91.2%), 币安人生(0.5%), BLUAI(2.5%), APR(1.4%), ON(2.5%), KITE(2.6%), AT(2.1%), UAI(0.9%), STABLE(0.8%), JCT(0.7%), ALLO(0.6%), BOB(2.8%), POWER(36.7%), US(0.7%), BREV(39.6%), MAGMA(1.0%), OPEN(1.9%), RLS(2.8%)
2026-07-22 11:54:31: [PP369] [Binance] Đang lấy leverage brackets cho 451 coin... 
2026-07-22 11:54:31: [PP369] [Binance] Đã lưu leverage cho 451 coin vào step_sizes.json 
2026-07-22 11:54:31: [PP369] [AutoTrade] Khởi động: 451 coin | margin=$10 | 10x | type=LIMIT 
2026-07-22 11:54:31: [PP369] [Binance] Loaded step and tick sizes from existing file: 827 symbols 
2026-07-22 11:54:31: [PP369] [AutoTrade] Đã nạp leverageInfo cho 451 coin từ cache. 
2026-07-22 11:54:31: [PP369] [PP369Stream] Kết nối WebSocket thành công (market/stream) 
2026-07-22 11:54:35: [PP369] [AutoTrade] Bắt đầu scan... 
2026-07-22 11:54:57: ◇ injected env (8) from .env // tip: ⌁ auth for agents [www.vestauth.com]
2026-07-22 11:54:58: [PP369] [369] initH4Cache: Tất cả 779 coin đã có nến H4 đầu năm. 
2026-07-22 11:54:58: [PP369] [Binance] Đã đồng bộ giờ: offset = 100742ms (Giờ server: 2026-07-22T04:56:39.103Z) 
2026-07-22 11:54:58: [AutoTrade] Bỏ qua 156 coin có grid ngoài khoảng 3–25% (theo giá hiện tại): SOL(38.5%), XRP(26.3%), ETC(42.9%), LINK(34.4%), BAT(37.8%), QTUM(42.5%), KNC(27.3%), DOT(35.2%), AVAX(45.8%), AAVE(31.0%), FIL(39.0%), BEL(2.9%), CTK(28.8%), COTI(40.0%), ALICE(2.5%), NKN(2.6%), DGB(1.6%), ATA(1.8%), DYDX(2.4%), KLAY(2.4%), APE(2.0%), DAR(2.1%), OP(30.7%), STG(2.2%), SPELL(36.0%), APT(49.2%), FET(1.9%), CKB(32.7%), USDC(30.0%), AMB(2.5%), LEVER(26.7%), RDNT(2.9%), HFT(33.0%), SUI(39.2%), MAV(34.0%), ARKM(2.7%), DODOX(1.6%), ARK(28.8%), BOND(28.1%), GAS(28.8%), SUPER(34.8%), 1000SATS(313.8%), ACE(33.5%), JUP(1.5%), GLM(30.1%), PORTAL(2.7%), MYRO(3.0%), W(32.8%), IO(2.0%), ZK(31.6%), ZRO(37.5%), SYN(1.5%), SYS(1.7%), ALPACA(25.2%), SUN(1.6%), DOGS(80.2%), BSW(2.5%), QUICK(2.3%), NEIRO(49.9%), FIO(2.5%), GHST(1.8%), LOKA(2.6%), COS(2.5%), DIA(29.0%), SANTOS(58.9%), 1000000MOG(29.1%), ACT(33.1%), HIPPO(2.9%), DEGEN(2.9%), 1000WHY(197.4%), THE(55.2%), CHILLGUY(2.9%), ORCA(25.4%), MOVE(27.9%), VELODROME(1.6%), MOCA(34.2%), VANA(25.6%), USUAL(33.7%), DF(2.6%), COOKIE(35.0%), D(2.2%), PIPPIN(175.7%), TST(2.5%), RED(29.8%), BMT(25.2%), MUBARAK(2.8%), TUT(2.0%), BROCCOLI714(2.4%), BR(1.9%), PLUME(2.6%), FUN(1.7%), BABY(2.4%), PUMP(1.5%), BANK(1.6%), SIGN(34.6%), PUNDIX(36.2%), SXT(42.9%), ASR(34.9%), MILK(3.0%), OG(115.9%), AGT(2.4%), B(1.2%), MERL(172.3%), PUMPBTC(31.5%), MYX(370.3%), DMC(2.3%), OL(1.7%), SAHARA(33.3%), M(25.2%), TANSSI(2.4%), VELVET(0.6%), ZORA(46.7%), TAG(2.7%), ESPORTS(103.0%), A2Z(2.1%), YALA(1.8%), AIO(2.7%), LA(56.3%), SOMI(30.4%), BAS(1.0%), Q(1.5%), PTB(50.4%), PORT3(2.5%), 1000000BOB(1.9%), AVNT(32.4%), UB(2.8%), TOSHI(26.5%), TRADOOR(60.5%), FLUID(29.6%), HANA(0.8%), AKE(1.8%), LIGHT(232.4%), XAN(3.0%), TRUTH(2.3%), YB(40.5%), EUL(29.9%), CLO(25.1%), LAB(1.7%), RIVER(91.3%), 币安人生(0.5%), BLUAI(2.5%), APR(1.4%), ON(2.5%), KITE(2.6%), AT(2.1%), UAI(0.9%), STABLE(0.8%), JCT(0.7%), ALLO(0.6%), BOB(2.8%), POWER(36.7%), US(0.7%), BREV(39.6%), MAGMA(1.0%), OPEN(1.9%), RLS(2.8%)
2026-07-22 11:54:59: [PP369] [Binance] Đang lấy leverage brackets cho 451 coin... 
2026-07-22 11:54:59: [PP369] [Binance] Đã lưu leverage cho 451 coin vào step_sizes.json 
2026-07-22 11:54:59: [PP369] [AutoTrade] Khởi động: 451 coin | margin=$10 | 10x | type=LIMIT 
2026-07-22 11:54:59: [PP369] [Binance] Loaded step and tick sizes from existing file: 827 symbols 
2026-07-22 11:54:59: [PP369] [AutoTrade] Đã nạp leverageInfo cho 451 coin từ cache. 
2026-07-22 11:54:59: [PP369] [PP369Stream] Kết nối WebSocket thành công (market/stream) 
2026-07-22 11:55:03: [PP369] [AutoTrade] Bắt đầu scan... 
2026-07-22 12:11:10: [PP369] [AutoTrade] SOPH → LONG (Score: +6.8đ) tại $0.004598 
2026-07-22 12:11:10: [PP369] [AutoTrade] Set leverage SOPHUSDT = 8x (Lưới: 5.72% → tính được 8x, giới hạn: 25x | Ký quỹ mục tiêu: $10) 
2026-07-22 12:11:10: [PP369] [AutoTrade] ✓ SOPH BUY 17398 @ $0.004598 orderId=1737078709 status=NEW 
2026-07-22 12:11:13: [PP369] [AutoTrade] ✓ Đặt TP SOPH @ $0.0046550 (đối ứng SELL) orderId=1000002467181803 
2026-07-22 12:11:13: [PP369] [AutoTrade] ✓ Đặt SL SOPH @ $0.0045410 (đối ứng SELL) orderId=1000002467181807 
2026-07-22 12:14:09: [PP369] [AutoTrade] TAC → SHORT (Score: +5.1đ) tại $0.003512 
2026-07-22 12:14:09: [PP369] [AutoTrade] TAC SHORT có Score = 5.1đ < 6đ — bỏ qua 
2026-07-22 12:14:38: [PP369] [AutoTrade] TAC → SHORT (Score: +5.1đ) tại $0.003512 
2026-07-22 12:14:38: [PP369] [AutoTrade] TAC SHORT có Score = 5.1đ < 6đ — bỏ qua 
2026-07-22 12:19:09: [PP369] [AutoTrade] DUSK → LONG (Score: +5.1đ) tại $0.06795 
2026-07-22 12:19:09: [PP369] [AutoTrade] DUSK LONG có Score = 5.1đ < 6đ — bỏ qua 
2026-07-22 12:19:38: [PP369] [AutoTrade] DUSK → LONG (Score: +5.1đ) tại $0.06795 
2026-07-22 12:19:38: [PP369] [AutoTrade] DUSK LONG có Score = 5.1đ < 6đ — bỏ qua 
2026-07-22 12:20:08: [PP369] [AutoTrade] DUSK → LONG (Score: +5.1đ) tại $0.06795 
2026-07-22 12:20:08: [PP369] [AutoTrade] DUSK LONG có Score = 5.1đ < 6đ — bỏ qua 
2026-07-22 12:21:38: [PP369] [AutoTrade] DUSK → LONG (Score: +5.1đ) tại $0.06795 
2026-07-22 12:21:38: [PP369] [AutoTrade] DUSK LONG có Score = 5.1đ < 6đ — bỏ qua 
2026-07-22 12:22:08: [PP369] [AutoTrade] DUSK → LONG (Score: +5.1đ) tại $0.06795 
2026-07-22 12:22:08: [PP369] [AutoTrade] DUSK LONG có Score = 5.1đ < 6đ — bỏ qua 
2026-07-22 12:22:38: [PP369] [AutoTrade] DUSK → LONG (Score: +5.1đ) tại $0.06795 
2026-07-22 12:22:38: [PP369] [AutoTrade] DUSK LONG có Score = 5.1đ < 6đ — bỏ qua 
2026-07-22 12:23:08: [PP369] [AutoTrade] DUSK → LONG (Score: +5.1đ) tại $0.06795 
2026-07-22 12:23:08: [PP369] [AutoTrade] DUSK LONG có Score = 5.1đ < 6đ — bỏ qua 
2026-07-22 12:23:38: [PP369] [AutoTrade] DUSK → LONG (Score: +5.1đ) tại $0.06795 
2026-07-22 12:23:38: [PP369] [AutoTrade] DUSK LONG có Score = 5.1đ < 6đ — bỏ qua 
2026-07-22 12:24:08: [PP369] [AutoTrade] DUSK → LONG (Score: +5.1đ) tại $0.06795 
2026-07-22 12:24:08: [PP369] [AutoTrade] DUSK LONG có Score = 5.1đ < 6đ — bỏ qua 
2026-07-22 12:24:38: [PP369] [AutoTrade] DUSK → LONG (Score: +5.1đ) tại $0.06795 
2026-07-22 12:24:38: [PP369] [AutoTrade] DUSK LONG có Score = 5.1đ < 6đ — bỏ qua 
2026-07-22 12:24:57: [PP369] [Binance] Đã đồng bộ giờ: offset = 100922ms (Giờ server: 2026-07-22T05:26:38.819Z) 
2026-07-22 12:27:38: [PP369] [AutoTrade] DUSK → LONG (Score: +5.1đ) tại $0.06795 
2026-07-22 12:27:38: [PP369] [AutoTrade] DUSK LONG có Score = 5.1đ < 6đ — bỏ qua 
2026-07-22 12:28:08: [PP369] [AutoTrade] DUSK → LONG (Score: +5.1đ) tại $0.06795 
2026-07-22 12:28:08: [PP369] [AutoTrade] DUSK LONG có Score = 5.1đ < 6đ — bỏ qua 
2026-07-22 12:28:38: [PP369] [AutoTrade] DUSK → LONG (Score: +5.1đ) tại $0.06795 
2026-07-22 12:28:38: [PP369] [AutoTrade] DUSK LONG có Score = 5.1đ < 6đ — bỏ qua 
2026-07-22 12:29:08: [PP369] [AutoTrade] DUSK → LONG (Score: +5.1đ) tại $0.06795 
2026-07-22 12:29:08: [PP369] [AutoTrade] DUSK LONG có Score = 5.1đ < 6đ — bỏ qua 
2026-07-22 12:29:38: [PP369] [AutoTrade] DUSK → LONG (Score: +5.1đ) tại $0.06795 
2026-07-22 12:29:38: [PP369] [AutoTrade] DUSK LONG có Score = 5.1đ < 6đ — bỏ qua 
2026-07-22 12:30:08: [PP369] [AutoTrade] DUSK → LONG (Score: +5.1đ) tại $0.06795 
2026-07-22 12:30:08: [PP369] [AutoTrade] DUSK LONG có Score = 5.1đ < 6đ — bỏ qua 
2026-07-22 12:30:38: [PP369] [AutoTrade] DUSK → LONG (Score: +5.1đ) tại $0.06795 
2026-07-22 12:30:38: [PP369] [AutoTrade] DUSK LONG có Score = 5.1đ < 6đ — bỏ qua 
2026-07-22 12:31:08: [PP369] [AutoTrade] DUSK → LONG (Score: +5.1đ) tại $0.06795 
2026-07-22 12:31:08: [PP369] [AutoTrade] DUSK LONG có Score = 5.1đ < 6đ — bỏ qua 
2026-07-22 12:31:38: [PP369] [AutoTrade] DUSK → LONG (Score: +5.1đ) tại $0.06795 
2026-07-22 12:31:38: [PP369] [AutoTrade] DUSK LONG có Score = 5.1đ < 6đ — bỏ qua 
2026-07-22 12:32:08: [PP369] [AutoTrade] DUSK → LONG (Score: +5.1đ) tại $0.06795 
2026-07-22 12:32:08: [PP369] [AutoTrade] DUSK LONG có Score = 5.1đ < 6đ — bỏ qua 
2026-07-22 12:32:37: [PP369] [AutoTrade] DUSK → LONG (Score: +5.1đ) tại $0.06795 
2026-07-22 12:32:37: [PP369] [AutoTrade] DUSK LONG có Score = 5.1đ < 6đ — bỏ qua 
2026-07-22 12:34:08: [PP369] [AutoTrade] DUSK → LONG (Score: +5.1đ) tại $0.06795 
2026-07-22 12:34:08: [PP369] [AutoTrade] DUSK LONG có Score = 5.1đ < 6đ — bỏ qua 
2026-07-22 12:34:38: [PP369] [AutoTrade] DUSK → LONG (Score: +5.1đ) tại $0.06795 
2026-07-22 12:34:38: [PP369] [AutoTrade] DUSK LONG có Score = 5.1đ < 6đ — bỏ qua 
2026-07-22 12:35:08: [PP369] [AutoTrade] DUSK → LONG (Score: +5.1đ) tại $0.06795 
2026-07-22 12:35:08: [PP369] [AutoTrade] DUSK LONG có Score = 5.1đ < 6đ — bỏ qua 
2026-07-22 12:35:38: [PP369] [AutoTrade] DUSK → LONG (Score: +5.1đ) tại $0.06795 
2026-07-22 12:35:38: [PP369] [AutoTrade] DUSK LONG có Score = 5.1đ < 6đ — bỏ qua 
2026-07-22 12:36:08: [PP369] [AutoTrade] DUSK → LONG (Score: +5.1đ) tại $0.06795 
2026-07-22 12:36:08: [PP369] [AutoTrade] DUSK LONG có Score = 5.1đ < 6đ — bỏ qua 
2026-07-22 12:36:10: [PP369] [AutoTrade] BROCCOLIF3B → LONG (Score: +3.9000000000000004đ) tại $0.005762 
2026-07-22 12:36:10: [PP369] [AutoTrade] BROCCOLIF3B LONG không đạt Tiêu chí 2 (Biến động H1/M15 an toàn) — bỏ qua 
2026-07-22 12:36:38: [PP369] [AutoTrade] DUSK → LONG (Score: +5.1đ) tại $0.06795 
2026-07-22 12:36:38: [PP369] [AutoTrade] DUSK LONG có Score = 5.1đ < 6đ — bỏ qua 
2026-07-22 12:37:08: [PP369] [AutoTrade] DUSK → LONG (Score: +5.1đ) tại $0.06795 
2026-07-22 12:37:08: [PP369] [AutoTrade] DUSK LONG có Score = 5.1đ < 6đ — bỏ qua 
2026-07-22 12:37:37: [PP369] [AutoTrade] DUSK → LONG (Score: +5.1đ) tại $0.06795 
2026-07-22 12:37:37: [PP369] [AutoTrade] DUSK LONG có Score = 5.1đ < 6đ — bỏ qua 
2026-07-22 12:38:09: [PP369] [AutoTrade] DUSK → LONG (Score: +5.1đ) tại $0.06795 
2026-07-22 12:38:09: [PP369] [AutoTrade] DUSK LONG có Score = 5.1đ < 6đ — bỏ qua 
2026-07-22 12:38:38: [PP369] [AutoTrade] DUSK → LONG (Score: +5.1đ) tại $0.06795 
2026-07-22 12:38:38: [PP369] [AutoTrade] DUSK LONG có Score = 5.1đ < 6đ — bỏ qua 
2026-07-22 12:39:08: [PP369] [AutoTrade] DUSK → LONG (Score: +5.1đ) tại $0.06795 
2026-07-22 12:39:08: [PP369] [AutoTrade] DUSK LONG có Score = 5.1đ < 6đ — bỏ qua 
2026-07-22 12:53:08: [PP369] [AutoTrade] BROCCOLIF3B → LONG (Score: +3.9000000000000004đ) tại $0.005762 
2026-07-22 12:53:08: [PP369] [AutoTrade] BROCCOLIF3B LONG không đạt Tiêu chí 2 (Biến động H1/M15 an toàn) — bỏ qua 
2026-07-22 12:54:57: [PP369] [Binance] Đã đồng bộ giờ: offset = 101096ms (Giờ server: 2026-07-22T05:56:38.995Z) 
2026-07-22 13:21:39: [PP369] [AutoTrade] AERO → LONG (Score: +7.3999999999999995đ) tại $0.4342 
2026-07-22 13:21:39: [PP369] [AutoTrade] Set leverage AEROUSDT = 7x (Lưới: 6.45% → tính được 7x, giới hạn: 75x | Ký quỹ mục tiêu: $15) 
2026-07-22 13:21:39: [PP369] [AutoTrade] ✓ AERO BUY 241.8 @ $0.4342 orderId=1471702403 status=NEW 
2026-07-22 13:24:57: [PP369] [Binance] Đã đồng bộ giờ: offset = 101272ms (Giờ server: 2026-07-22T06:26:39.173Z) 
2026-07-22 13:25:39: [PP369] [AutoTrade] EDEN → LONG (Score: +5.1đ) tại $0.04161 
2026-07-22 13:25:39: [PP369] [AutoTrade] EDEN LONG có Score = 5.1đ < 6đ — bỏ qua 
2026-07-22 13:26:37: [PP369] [AutoTrade] Lệnh LIMIT của AERO đã treo quá 3 phút (3.3 phút) -> Tiến hành hủy... 
2026-07-22 13:26:37: [PP369] [AutoTrade] ✓ Đã hủy thành công lệnh LIMIT treo của AERO 
2026-07-22 13:28:38: [PP369] [AutoTrade] EDEN → LONG (Score: +5.1đ) tại $0.04161 
2026-07-22 13:28:38: [PP369] [AutoTrade] EDEN LONG có Score = 5.1đ < 6đ — bỏ qua 
2026-07-22 13:29:08: [PP369] [AutoTrade] AERO → LONG (Score: +7.3999999999999995đ) tại $0.4342 
2026-07-22 13:29:08: [PP369] [AutoTrade] Set leverage AEROUSDT = 7x (Lưới: 6.45% → tính được 7x, giới hạn: 75x | Ký quỹ mục tiêu: $15) 
2026-07-22 13:29:09: [PP369] [AutoTrade] ✓ AERO BUY 241.8 @ $0.4342 orderId=1471710471 status=NEW 
2026-07-22 13:29:09: [PP369] [AutoTrade] EDEN → LONG (Score: +5.1đ) tại $0.04161 
2026-07-22 13:29:09: [PP369] [AutoTrade] EDEN LONG có Score = 5.1đ < 6đ — bỏ qua 
2026-07-22 13:29:38: [PP369] [AutoTrade] CROSS → LONG (Score: +5.7đ) tại $0.0733 
2026-07-22 13:29:38: [PP369] [AutoTrade] CROSS LONG có Score = 5.7đ < 6đ — bỏ qua 
2026-07-22 13:29:39: [PP369] [AutoTrade] EDEN → LONG (Score: +5.1đ) tại $0.04161 
2026-07-22 13:29:39: [PP369] [AutoTrade] EDEN LONG có Score = 5.1đ < 6đ — bỏ qua 
2026-07-22 13:30:08: [PP369] [AutoTrade] CROSS → LONG (Score: +5.7đ) tại $0.0733 
2026-07-22 13:30:08: [PP369] [AutoTrade] CROSS LONG có Score = 5.7đ < 6đ — bỏ qua 
2026-07-22 13:30:08: [PP369] [AutoTrade] EDEN → LONG (Score: +5.1đ) tại $0.04161 
2026-07-22 13:30:08: [PP369] [AutoTrade] EDEN LONG có Score = 5.1đ < 6đ — bỏ qua 
2026-07-22 13:31:08: [PP369] [AutoTrade] MEME → LONG (Score: +3.9999999999999996đ) tại $0.00052 
2026-07-22 13:31:08: [PP369] [AutoTrade] MEME LONG có Score = 3.9999999999999996đ < 6đ — bỏ qua 
2026-07-22 13:34:07: [PP369] [AutoTrade] Lệnh LIMIT của AERO đã treo quá 3 phút (3.3 phút) -> Tiến hành hủy... 
2026-07-22 13:34:07: [PP369] [AutoTrade] ✓ Đã hủy thành công lệnh LIMIT treo của AERO 
2026-07-22 13:34:08: [PP369] [AutoTrade] RIF → SHORT (Score: +3đ) tại $0.05268 
2026-07-22 13:34:08: [PP369] [AutoTrade] RIF SHORT không đạt Tiêu chí 2 (Biến động H1/M15 an toàn) — bỏ qua 
2026-07-22 13:42:07: [PP369] [AutoTrade] EDEN → LONG (Score: +5.1đ) tại $0.04161 
2026-07-22 13:42:07: [PP369] [AutoTrade] EDEN LONG có Score = 5.1đ < 6đ — bỏ qua 
2026-07-22 13:43:37: [PP369] [AutoTrade] EDEN → LONG (Score: +5.1đ) tại $0.04161 
2026-07-22 13:43:37: [PP369] [AutoTrade] EDEN LONG có Score = 5.1đ < 6đ — bỏ qua 
2026-07-22 13:44:09: [PP369] [AutoTrade] AERO → LONG (Score: +7.3999999999999995đ) tại $0.4342 
2026-07-22 13:44:10: [PP369] [AutoTrade] Set leverage AEROUSDT = 7x (Lưới: 6.45% → tính được 7x, giới hạn: 75x | Ký quỹ mục tiêu: $15) 
2026-07-22 13:44:10: [PP369] [AutoTrade] ✓ AERO BUY 241.8 @ $0.4342 orderId=1471731750 status=NEW 
2026-07-22 13:44:13: [PP369] [AutoTrade] KERNEL → LONG (Score: +5.3đ) tại $0.0336 
2026-07-22 13:44:13: [PP369] [AutoTrade] KERNEL LONG có Score = 5.3đ < 6đ — bỏ qua 
2026-07-22 13:44:13: [PP369] [AutoTrade] EDEN → LONG (Score: +5.1đ) tại $0.04161 
2026-07-22 13:44:13: [PP369] [AutoTrade] EDEN LONG có Score = 5.1đ < 6đ — bỏ qua 
2026-07-22 13:44:38: [PP369] [AutoTrade] EDEN → LONG (Score: +5.1đ) tại $0.04161 
2026-07-22 13:44:38: [PP369] [AutoTrade] EDEN LONG có Score = 5.1đ < 6đ — bỏ qua 
2026-07-22 13:45:07: [PP369] [AutoTrade] EDEN → LONG (Score: +5.1đ) tại $0.04161 
2026-07-22 13:45:07: [PP369] [AutoTrade] EDEN LONG có Score = 5.1đ < 6đ — bỏ qua 
2026-07-22 13:45:37: [PP369] [AutoTrade] MEME → LONG (Score: +3.9999999999999996đ) tại $0.00052 
2026-07-22 13:45:37: [PP369] [AutoTrade] MEME LONG có Score = 3.9999999999999996đ < 6đ — bỏ qua 
2026-07-22 13:45:38: [PP369] [AutoTrade] KERNEL → LONG (Score: +5.3đ) tại $0.0336 
2026-07-22 13:45:38: [PP369] [AutoTrade] KERNEL LONG có Score = 5.3đ < 6đ — bỏ qua 
2026-07-22 13:45:39: [PP369] [AutoTrade] EDEN → LONG (Score: +5.1đ) tại $0.04161 
2026-07-22 13:45:39: [PP369] [AutoTrade] EDEN LONG có Score = 5.1đ < 6đ — bỏ qua 
2026-07-22 13:46:07: [PP369] [AutoTrade] MEME → LONG (Score: +3.9999999999999996đ) tại $0.00052 
2026-07-22 13:46:07: [PP369] [AutoTrade] MEME LONG có Score = 3.9999999999999996đ < 6đ — bỏ qua 
2026-07-22 13:46:08: [PP369] [AutoTrade] KERNEL → LONG (Score: +5.3đ) tại $0.0336 
2026-07-22 13:46:08: [PP369] [AutoTrade] KERNEL LONG có Score = 5.3đ < 6đ — bỏ qua 
2026-07-22 13:46:09: [PP369] [AutoTrade] EDEN → LONG (Score: +5.1đ) tại $0.04161 
2026-07-22 13:46:09: [PP369] [AutoTrade] EDEN LONG có Score = 5.1đ < 6đ — bỏ qua 
2026-07-22 13:46:37: [PP369] [AutoTrade] MEME → LONG (Score: +3.9999999999999996đ) tại $0.00052 
2026-07-22 13:46:37: [PP369] [AutoTrade] MEME LONG có Score = 3.9999999999999996đ < 6đ — bỏ qua 
2026-07-22 13:46:39: [PP369] [AutoTrade] KERNEL → LONG (Score: +5.3đ) tại $0.0336 
2026-07-22 13:46:39: [PP369] [AutoTrade] KERNEL LONG có Score = 5.3đ < 6đ — bỏ qua 
2026-07-22 13:46:39: [PP369] [AutoTrade] EDEN → LONG (Score: +5.1đ) tại $0.04161 
2026-07-22 13:46:39: [PP369] [AutoTrade] EDEN LONG có Score = 5.1đ < 6đ — bỏ qua 
2026-07-22 13:47:07: [PP369] [AutoTrade] MEME → LONG (Score: +3.9999999999999996đ) tại $0.00052 
2026-07-22 13:47:07: [PP369] [AutoTrade] MEME LONG có Score = 3.9999999999999996đ < 6đ — bỏ qua 
2026-07-22 13:47:08: [PP369] [AutoTrade] KERNEL → LONG (Score: +5.3đ) tại $0.0336 
2026-07-22 13:47:08: [PP369] [AutoTrade] KERNEL LONG có Score = 5.3đ < 6đ — bỏ qua 
2026-07-22 13:47:09: [PP369] [AutoTrade] EDEN → LONG (Score: +5.1đ) tại $0.04161 
2026-07-22 13:47:09: [PP369] [AutoTrade] EDEN LONG có Score = 5.1đ < 6đ — bỏ qua 
2026-07-22 13:47:37: [PP369] [AutoTrade] KERNEL → LONG (Score: +5.3đ) tại $0.0336 
2026-07-22 13:47:37: [PP369] [AutoTrade] KERNEL LONG có Score = 5.3đ < 6đ — bỏ qua 
2026-07-22 13:47:38: [PP369] [AutoTrade] EDEN → LONG (Score: +5.1đ) tại $0.04161 
2026-07-22 13:47:38: [PP369] [AutoTrade] EDEN LONG có Score = 5.1đ < 6đ — bỏ qua 
2026-07-22 13:48:07: [PP369] [AutoTrade] KERNEL → LONG (Score: +5.3đ) tại $0.0336 
2026-07-22 13:48:07: [PP369] [AutoTrade] KERNEL LONG có Score = 5.3đ < 6đ — bỏ qua 
2026-07-22 13:48:08: [PP369] [AutoTrade] EDEN → LONG (Score: +5.1đ) tại $0.04161 
2026-07-22 13:48:08: [PP369] [AutoTrade] EDEN LONG có Score = 5.1đ < 6đ — bỏ qua 
2026-07-22 13:48:37: [PP369] [AutoTrade] EDEN → LONG (Score: +5.1đ) tại $0.04161 
2026-07-22 13:48:37: [PP369] [AutoTrade] EDEN LONG có Score = 5.1đ < 6đ — bỏ qua 
2026-07-22 13:49:07: [PP369] [AutoTrade] Lệnh LIMIT của AERO đã treo quá 3 phút (3.3 phút) -> Tiến hành hủy... 
2026-07-22 13:49:07: [PP369] [AutoTrade] ✓ Đã hủy thành công lệnh LIMIT treo của AERO 
2026-07-22 13:49:08: [PP369] [AutoTrade] MEME → LONG (Score: +3.9999999999999996đ) tại $0.00052 
2026-07-22 13:49:08: [PP369] [AutoTrade] MEME LONG có Score = 3.9999999999999996đ < 6đ — bỏ qua 
2026-07-22 13:49:08: [PP369] [AutoTrade] AERO → LONG (Score: +7.3999999999999995đ) tại $0.4342 
2026-07-22 13:49:08: [PP369] [AutoTrade] AERO LONG đã đặt gần đây — bỏ qua 
2026-07-22 13:49:09: [PP369] [AutoTrade] EDEN → LONG (Score: +5.1đ) tại $0.04161 
2026-07-22 13:49:09: [PP369] [AutoTrade] EDEN LONG có Score = 5.1đ < 6đ — bỏ qua 
2026-07-22 13:49:37: [PP369] [AutoTrade] MEME → LONG (Score: +3.9999999999999996đ) tại $0.00052 
2026-07-22 13:49:37: [PP369] [AutoTrade] MEME LONG có Score = 3.9999999999999996đ < 6đ — bỏ qua 
2026-07-22 13:49:38: [PP369] [AutoTrade] AERO → LONG (Score: +7.3999999999999995đ) tại $0.4342 
2026-07-22 13:49:38: [PP369] [AutoTrade] Set leverage AEROUSDT = 7x (Lưới: 6.45% → tính được 7x, giới hạn: 75x | Ký quỹ mục tiêu: $15) 
2026-07-22 13:49:38: [PP369] [AutoTrade] ✓ AERO BUY 241.8 @ $0.4342 orderId=1471736953 status=NEW 
2026-07-22 13:49:40: [PP369] [AutoTrade] EDEN → LONG (Score: +5.1đ) tại $0.04161 
2026-07-22 13:49:40: [PP369] [AutoTrade] EDEN LONG có Score = 5.1đ < 6đ — bỏ qua 
2026-07-22 13:50:07: [PP369] [AutoTrade] MEME → LONG (Score: +3.9999999999999996đ) tại $0.00052 
2026-07-22 13:50:07: [PP369] [AutoTrade] MEME LONG có Score = 3.9999999999999996đ < 6đ — bỏ qua 
2026-07-22 13:50:09: [PP369] [AutoTrade] EDEN → LONG (Score: +5.1đ) tại $0.04161 
2026-07-22 13:50:09: [PP369] [AutoTrade] EDEN LONG có Score = 5.1đ < 6đ — bỏ qua 
2026-07-22 13:50:37: [PP369] [AutoTrade] MEME → LONG (Score: +3.9999999999999996đ) tại $0.00052 
2026-07-22 13:50:37: [PP369] [AutoTrade] MEME LONG có Score = 3.9999999999999996đ < 6đ — bỏ qua 
2026-07-22 13:50:38: [PP369] [AutoTrade] EDEN → LONG (Score: +5.1đ) tại $0.04161 
2026-07-22 13:50:38: [PP369] [AutoTrade] EDEN LONG có Score = 5.1đ < 6đ — bỏ qua 
2026-07-22 13:51:07: [PP369] [AutoTrade] EDEN → LONG (Score: +5.1đ) tại $0.04161 
2026-07-22 13:51:07: [PP369] [AutoTrade] EDEN LONG có Score = 5.1đ < 6đ — bỏ qua 
2026-07-22 13:51:37: [PP369] [AutoTrade] EDEN → LONG (Score: +5.1đ) tại $0.04161 
2026-07-22 13:51:37: [PP369] [AutoTrade] EDEN LONG có Score = 5.1đ < 6đ — bỏ qua 
2026-07-22 13:52:07: [PP369] [AutoTrade] EDEN → LONG (Score: +5.1đ) tại $0.04161 
2026-07-22 13:52:07: [PP369] [AutoTrade] EDEN LONG có Score = 5.1đ < 6đ — bỏ qua 
2026-07-22 13:52:37: [PP369] [AutoTrade] EDEN → LONG (Score: +5.1đ) tại $0.04161 
2026-07-22 13:52:37: [PP369] [AutoTrade] EDEN LONG có Score = 5.1đ < 6đ — bỏ qua 
2026-07-22 13:53:07: [PP369] [AutoTrade] EDEN → LONG (Score: +5.1đ) tại $0.04161 
2026-07-22 13:53:07: [PP369] [AutoTrade] EDEN LONG có Score = 5.1đ < 6đ — bỏ qua 
2026-07-22 13:53:37: [PP369] [AutoTrade] EDEN → LONG (Score: +5.1đ) tại $0.04161 
2026-07-22 13:53:37: [PP369] [AutoTrade] EDEN LONG có Score = 5.1đ < 6đ — bỏ qua 
2026-07-22 13:54:07: [PP369] [AutoTrade] EDEN → LONG (Score: +5.1đ) tại $0.04161 
2026-07-22 13:54:07: [PP369] [AutoTrade] EDEN LONG có Score = 5.1đ < 6đ — bỏ qua 
2026-07-22 13:54:37: [PP369] [AutoTrade] Lệnh LIMIT của AERO đã treo quá 3 phút (3.3 phút) -> Tiến hành hủy... 
2026-07-22 13:54:37: [PP369] [AutoTrade] ✓ Đã hủy thành công lệnh LIMIT treo của AERO 
2026-07-22 13:54:38: [PP369] [AutoTrade] AERO → LONG (Score: +7.3999999999999995đ) tại $0.4342 
2026-07-22 13:54:38: [PP369] [AutoTrade] AERO LONG đã đặt gần đây — bỏ qua 
2026-07-22 13:54:38: [PP369] [AutoTrade] EDEN → LONG (Score: +5.1đ) tại $0.04161 
2026-07-22 13:54:38: [PP369] [AutoTrade] EDEN LONG có Score = 5.1đ < 6đ — bỏ qua 
2026-07-22 13:54:57: [PP369] [Binance] Đã đồng bộ giờ: offset = 101444ms (Giờ server: 2026-07-22T06:56:39.345Z) 
2026-07-22 13:55:08: [PP369] [AutoTrade] EDEN → LONG (Score: +5.1đ) tại $0.04161 
2026-07-22 13:55:08: [PP369] [AutoTrade] EDEN LONG có Score = 5.1đ < 6đ — bỏ qua 
2026-07-22 13:55:37: [PP369] [AutoTrade] AERO → LONG (Score: +7.3999999999999995đ) tại $0.4342 
2026-07-22 13:55:38: [PP369] [AutoTrade] Set leverage AEROUSDT = 7x (Lưới: 6.45% → tính được 7x, giới hạn: 75x | Ký quỹ mục tiêu: $15) 
2026-07-22 13:55:38: [PP369] [AutoTrade] ✓ AERO BUY 241.8 @ $0.4342 orderId=1471744569 status=NEW 
2026-07-22 13:55:38: [PP369] [AutoTrade] EDEN → LONG (Score: +5.1đ) tại $0.04161 
2026-07-22 13:55:38: [PP369] [AutoTrade] EDEN LONG có Score = 5.1đ < 6đ — bỏ qua 
2026-07-22 13:58:38: [PP369] [AutoTrade] MEME → LONG (Score: +3.9999999999999996đ) tại $0.00052 
2026-07-22 13:58:38: [PP369] [AutoTrade] MEME LONG có Score = 3.9999999999999996đ < 6đ — bỏ qua 
2026-07-22 13:59:07: [PP369] [AutoTrade] MEME → LONG (Score: +3.9999999999999996đ) tại $0.00052 
2026-07-22 13:59:07: [PP369] [AutoTrade] MEME LONG có Score = 3.9999999999999996đ < 6đ — bỏ qua 
2026-07-22 13:59:34: ◇ injected env (8) from .env // tip: ⌘ suppress logs { quiet: true }
2026-07-22 13:59:35: [PP369] [369] initH4Cache: Tất cả 779 coin đã có nến H4 đầu năm. 
2026-07-22 13:59:35: [PP369] [Binance] Đã đồng bộ giờ: offset = 101470ms (Giờ server: 2026-07-22T07:01:17.292Z) 
2026-07-22 13:59:35: [AutoTrade] Bỏ qua 158 coin có grid ngoài khoảng 3–25% (theo giá hiện tại): SOL(38.8%), XRP(26.5%), ETC(43.3%), LINK(34.8%), BAT(38.1%), QTUM(42.7%), KNC(27.5%), DOT(35.7%), AVAX(46.1%), AAVE(31.4%), FIL(39.0%), BEL(2.9%), CTK(28.9%), COTI(40.3%), ALICE(2.4%), NKN(2.6%), DGB(1.6%), ATA(1.8%), DYDX(2.4%), KLAY(2.4%), APE(2.0%), DAR(2.1%), OP(31.2%), STG(2.2%), SPELL(36.1%), APT(49.9%), FET(1.9%), CKB(33.1%), USDC(30.0%), AMB(2.5%), LEVER(26.7%), RDNT(2.9%), HFT(33.7%), SUI(39.8%), MAV(34.3%), ARKM(2.7%), DODOX(1.5%), ARK(29.0%), BOND(28.1%), GAS(28.8%), SUPER(35.1%), 1000SATS(316.8%), ACE(33.4%), JUP(1.5%), GLM(30.4%), PORTAL(2.8%), MYRO(3.0%), W(33.1%), IO(2.0%), ZK(31.9%), ZRO(37.6%), SYN(1.5%), SYS(1.7%), ALPACA(25.2%), SUN(1.6%), DOGS(81.4%), BSW(2.5%), QUICK(2.3%), NEIRO(50.1%), FIO(2.5%), GHST(1.8%), LOKA(2.6%), COS(2.5%), DIA(29.3%), SANTOS(59.1%), 1000000MOG(29.4%), ACT(33.6%), HIPPO(2.9%), DEGEN(2.9%), 1000WHY(197.4%), THE(55.6%), CHILLGUY(3.0%), ORCA(25.5%), MOVE(28.2%), VELODROME(1.6%), MOCA(34.8%), VANA(26.0%), USUAL(34.1%), DF(2.6%), COOKIE(35.2%), D(2.2%), PIPPIN(178.4%), TST(2.6%), RED(30.1%), BMT(25.2%), MUBARAK(2.8%), TUT(2.0%), BROCCOLI714(2.4%), BR(1.9%), PLUME(2.6%), FUN(1.7%), BABY(2.4%), PUMP(1.5%), BANK(2.2%), SIGN(34.9%), PUNDIX(36.4%), SXT(42.8%), ASR(35.0%), MILK(3.0%), OG(116.2%), AGT(2.3%), B(1.3%), MERL(175.0%), PUMPBTC(31.9%), MYX(381.6%), DMC(2.3%), OL(1.7%), SAHARA(33.4%), BULLA(26.1%), M(25.7%), TANSSI(2.4%), VELVET(0.6%), ZORA(47.5%), TAG(2.8%), ESPORTS(106.4%), A2Z(2.1%), YALA(1.8%), AIO(2.7%), LA(57.5%), SOMI(30.6%), BAS(1.0%), Q(1.5%), PTB(51.0%), PORT3(2.5%), 1000000BOB(1.9%), AVNT(32.6%), UB(2.8%), TOSHI(26.8%), TRADOOR(59.2%), FLUID(29.9%), HANA(1.0%), AKE(1.7%), LIGHT(236.2%), XAN(2.9%), TRUTH(2.3%), YB(40.6%), EUL(30.1%), CLO(26.2%), ZBT(3.0%), LAB(1.9%), RIVER(91.3%), 币安人生(0.5%), BLUAI(2.5%), APR(1.4%), ON(2.6%), KITE(2.6%), AT(2.1%), UAI(0.9%), STABLE(0.8%), JCT(0.7%), ALLO(0.6%), BOB(2.8%), POWER(36.8%), US(0.7%), BREV(40.3%), MAGMA(1.0%), OPEN(1.9%), RLS(2.8%)
2026-07-22 13:59:36: [PP369] [Binance] Đang lấy leverage brackets cho 449 coin... 
2026-07-22 13:59:36: [PP369] [Binance] Đã lưu leverage cho 449 coin vào step_sizes.json 
2026-07-22 13:59:36: [PP369] [AutoTrade] Khởi động: 449 coin | margin=$10 | 10x | type=LIMIT 
2026-07-22 13:59:36: [PP369] [Binance] Loaded step and tick sizes from existing file: 827 symbols 
2026-07-22 13:59:36: [PP369] [AutoTrade] Đã nạp leverageInfo cho 449 coin từ cache. 
2026-07-22 13:59:37: [PP369] [PP369Stream] Kết nối WebSocket thành công (market/stream) 
2026-07-22 13:59:41: [PP369] [AutoTrade] Bắt đầu scan... 
2026-07-22 13:59:45: [PP369] [AutoTrade] MEME → LONG (Score: +3.9999999999999996đ) tại $0.00052 
2026-07-22 13:59:45: [PP369] [AutoTrade] MEME LONG có Score = 3.9999999999999996đ < 6đ — bỏ qua 
2026-07-22 14:00:23: [PP369] [AutoTrade] MEME → LONG (Score: +5.199999999999999đ) tại $0.00052 
2026-07-22 14:00:23: [PP369] [AutoTrade] MEME LONG có Score = 5.199999999999999đ < 6đ — bỏ qua 
2026-07-22 14:00:49: [PP369] [AutoTrade] Lệnh LIMIT của AERO đã treo quá 3 phút (3.5 phút) -> Tiến hành hủy... 
2026-07-22 14:00:49: [PP369] [AutoTrade] ✓ Đã hủy thành công lệnh LIMIT treo của AERO 
2026-07-22 14:00:51: [PP369] [AutoTrade] AERO → LONG (Score: +5.699999999999999đ) tại $0.4342 
2026-07-22 14:00:51: [PP369] [AutoTrade] AERO LONG có Score = 5.699999999999999đ < 6đ — bỏ qua 
2026-07-22 14:01:20: [PP369] [AutoTrade] MEME → LONG (Score: +5.199999999999999đ) tại $0.00052 
2026-07-22 14:01:20: [PP369] [AutoTrade] MEME LONG có Score = 5.199999999999999đ < 6đ — bỏ qua 
2026-07-22 14:01:20: [PP369] [AutoTrade] AERO → LONG (Score: +5.699999999999999đ) tại $0.4342 
2026-07-22 14:01:20: [PP369] [AutoTrade] AERO LONG có Score = 5.699999999999999đ < 6đ — bỏ qua 
2026-07-22 14:01:50: [PP369] [AutoTrade] MEME → LONG (Score: +5.199999999999999đ) tại $0.00052 
2026-07-22 14:01:50: [PP369] [AutoTrade] MEME LONG có Score = 5.199999999999999đ < 6đ — bỏ qua 
2026-07-22 14:01:50: [PP369] [AutoTrade] AERO → LONG (Score: +5.699999999999999đ) tại $0.4342 
2026-07-22 14:01:50: [PP369] [AutoTrade] AERO LONG có Score = 5.699999999999999đ < 6đ — bỏ qua 
2026-07-22 14:02:20: [PP369] [AutoTrade] MEME → LONG (Score: +5.199999999999999đ) tại $0.00052 
2026-07-22 14:02:20: [PP369] [AutoTrade] MEME LONG có Score = 5.199999999999999đ < 6đ — bỏ qua 
2026-07-22 14:02:20: [PP369] [AutoTrade] AERO → LONG (Score: +5.699999999999999đ) tại $0.4342 
2026-07-22 14:02:20: [PP369] [AutoTrade] AERO LONG có Score = 5.699999999999999đ < 6đ — bỏ qua 
2026-07-22 14:02:50: [PP369] [AutoTrade] MEME → LONG (Score: +5.199999999999999đ) tại $0.00052 
2026-07-22 14:02:50: [PP369] [AutoTrade] MEME LONG có Score = 5.199999999999999đ < 6đ — bỏ qua 
2026-07-22 14:02:50: [PP369] [AutoTrade] AERO → LONG (Score: +5.699999999999999đ) tại $0.4342 
2026-07-22 14:02:50: [PP369] [AutoTrade] AERO LONG có Score = 5.699999999999999đ < 6đ — bỏ qua 
2026-07-22 14:03:20: [PP369] [AutoTrade] MEME → LONG (Score: +5.199999999999999đ) tại $0.00052 
2026-07-22 14:03:20: [PP369] [AutoTrade] MEME LONG có Score = 5.199999999999999đ < 6đ — bỏ qua 
2026-07-22 14:03:21: [PP369] [AutoTrade] AERO → LONG (Score: +5.699999999999999đ) tại $0.4342 
2026-07-22 14:03:21: [PP369] [AutoTrade] AERO LONG có Score = 5.699999999999999đ < 6đ — bỏ qua 
2026-07-22 14:03:50: [PP369] [AutoTrade] MEME → LONG (Score: +5.199999999999999đ) tại $0.00052 
2026-07-22 14:03:50: [PP369] [AutoTrade] MEME LONG có Score = 5.199999999999999đ < 6đ — bỏ qua 
2026-07-22 14:03:50: [PP369] [AutoTrade] AERO → LONG (Score: +5.699999999999999đ) tại $0.4342 
2026-07-22 14:03:50: [PP369] [AutoTrade] AERO LONG có Score = 5.699999999999999đ < 6đ — bỏ qua 
2026-07-22 14:04:20: [PP369] [AutoTrade] MEME → LONG (Score: +5.199999999999999đ) tại $0.00052 
2026-07-22 14:04:20: [PP369] [AutoTrade] MEME LONG có Score = 5.199999999999999đ < 6đ — bỏ qua 
2026-07-22 14:04:20: [PP369] [AutoTrade] AERO → LONG (Score: +5.699999999999999đ) tại $0.4342 
2026-07-22 14:04:20: [PP369] [AutoTrade] AERO LONG có Score = 5.699999999999999đ < 6đ — bỏ qua 
2026-07-22 14:04:50: [PP369] [AutoTrade] MEME → LONG (Score: +5.199999999999999đ) tại $0.00052 
2026-07-22 14:04:50: [PP369] [AutoTrade] MEME LONG có Score = 5.199999999999999đ < 6đ — bỏ qua 
2026-07-22 14:04:50: [PP369] [AutoTrade] AERO → LONG (Score: +5.699999999999999đ) tại $0.4342 
2026-07-22 14:04:50: [PP369] [AutoTrade] AERO LONG có Score = 5.699999999999999đ < 6đ — bỏ qua 
2026-07-22 14:05:20: [PP369] [AutoTrade] MEME → LONG (Score: +5.199999999999999đ) tại $0.00052 
2026-07-22 14:05:20: [PP369] [AutoTrade] MEME LONG có Score = 5.199999999999999đ < 6đ — bỏ qua 
2026-07-22 14:05:20: [PP369] [AutoTrade] AERO → LONG (Score: +5.699999999999999đ) tại $0.4342 
2026-07-22 14:05:20: [PP369] [AutoTrade] AERO LONG có Score = 5.699999999999999đ < 6đ — bỏ qua 
2026-07-22 14:05:50: [PP369] [AutoTrade] MEME → LONG (Score: +5.199999999999999đ) tại $0.00052 
2026-07-22 14:05:50: [PP369] [AutoTrade] MEME LONG có Score = 5.199999999999999đ < 6đ — bỏ qua 
2026-07-22 14:05:50: [PP369] [AutoTrade] AERO → LONG (Score: +5.699999999999999đ) tại $0.4342 
2026-07-22 14:05:50: [PP369] [AutoTrade] AERO LONG có Score = 5.699999999999999đ < 6đ — bỏ qua 
2026-07-22 14:06:20: [PP369] [AutoTrade] MEME → LONG (Score: +5.199999999999999đ) tại $0.00052 
2026-07-22 14:06:20: [PP369] [AutoTrade] MEME LONG có Score = 5.199999999999999đ < 6đ — bỏ qua 
2026-07-22 14:06:20: [PP369] [AutoTrade] AERO → LONG (Score: +5.699999999999999đ) tại $0.4342 
2026-07-22 14:06:20: [PP369] [AutoTrade] AERO LONG có Score = 5.699999999999999đ < 6đ — bỏ qua 
2026-07-22 14:06:50: [PP369] [AutoTrade] MEME → LONG (Score: +5.199999999999999đ) tại $0.00052 
2026-07-22 14:06:50: [PP369] [AutoTrade] MEME LONG có Score = 5.199999999999999đ < 6đ — bỏ qua 
2026-07-22 14:06:50: [PP369] [AutoTrade] AERO → LONG (Score: +5.699999999999999đ) tại $0.4342 
2026-07-22 14:06:50: [PP369] [AutoTrade] AERO LONG có Score = 5.699999999999999đ < 6đ — bỏ qua 
2026-07-22 14:07:20: [PP369] [AutoTrade] MEME → LONG (Score: +5.199999999999999đ) tại $0.00052 
2026-07-22 14:07:20: [PP369] [AutoTrade] MEME LONG có Score = 5.199999999999999đ < 6đ — bỏ qua 
2026-07-22 14:07:50: [PP369] [AutoTrade] MEME → LONG (Score: +5.199999999999999đ) tại $0.00052 
2026-07-22 14:07:50: [PP369] [AutoTrade] MEME LONG có Score = 5.199999999999999đ < 6đ — bỏ qua 
2026-07-22 14:08:20: [PP369] [AutoTrade] MEME → LONG (Score: +5.199999999999999đ) tại $0.00052 
2026-07-22 14:08:20: [PP369] [AutoTrade] MEME LONG có Score = 5.199999999999999đ < 6đ — bỏ qua 
2026-07-22 14:08:50: [PP369] [AutoTrade] MEME → LONG (Score: +5.199999999999999đ) tại $0.00052 
2026-07-22 14:08:50: [PP369] [AutoTrade] MEME LONG có Score = 5.199999999999999đ < 6đ — bỏ qua 
2026-07-22 14:09:20: [PP369] [AutoTrade] MEME → LONG (Score: +5.199999999999999đ) tại $0.00052 
2026-07-22 14:09:20: [PP369] [AutoTrade] MEME LONG có Score = 5.199999999999999đ < 6đ — bỏ qua 
2026-07-22 14:09:50: [PP369] [AutoTrade] MEME → LONG (Score: +5.199999999999999đ) tại $0.00052 
2026-07-22 14:09:50: [PP369] [AutoTrade] MEME LONG có Score = 5.199999999999999đ < 6đ — bỏ qua 
2026-07-22 14:10:20: [PP369] [AutoTrade] MEME → LONG (Score: +5.199999999999999đ) tại $0.00052 
2026-07-22 14:10:20: [PP369] [AutoTrade] MEME LONG có Score = 5.199999999999999đ < 6đ — bỏ qua 
2026-07-22 14:10:50: [PP369] [AutoTrade] MEME → LONG (Score: +5.199999999999999đ) tại $0.00052 
2026-07-22 14:10:50: [PP369] [AutoTrade] MEME LONG có Score = 5.199999999999999đ < 6đ — bỏ qua 
2026-07-22 14:11:20: [PP369] [AutoTrade] MEME → LONG (Score: +5.199999999999999đ) tại $0.00052 
2026-07-22 14:11:20: [PP369] [AutoTrade] MEME LONG có Score = 5.199999999999999đ < 6đ — bỏ qua 
2026-07-22 14:11:50: [PP369] [AutoTrade] MEME → LONG (Score: +5.199999999999999đ) tại $0.00052 
2026-07-22 14:11:50: [PP369] [AutoTrade] MEME LONG có Score = 5.199999999999999đ < 6đ — bỏ qua 
2026-07-22 14:12:20: [PP369] [AutoTrade] MEME → LONG (Score: +5.199999999999999đ) tại $0.00052 
2026-07-22 14:12:20: [PP369] [AutoTrade] MEME LONG có Score = 5.199999999999999đ < 6đ — bỏ qua 
2026-07-22 14:12:50: [PP369] [AutoTrade] MEME → LONG (Score: +5.199999999999999đ) tại $0.00052 
2026-07-22 14:12:50: [PP369] [AutoTrade] MEME LONG có Score = 5.199999999999999đ < 6đ — bỏ qua 
2026-07-22 14:13:20: [PP369] [AutoTrade] MEME → LONG (Score: +5.199999999999999đ) tại $0.00052 
2026-07-22 14:13:20: [PP369] [AutoTrade] MEME LONG có Score = 5.199999999999999đ < 6đ — bỏ qua 
2026-07-22 14:13:40: [PP369] [AutoTrade] Trailing SL: SOPH đạt ROI 5.12% -> Dịch SL trên sàn về entry + 1% ROI ($0.004604) [Mức: Hòa vốn] 
2026-07-22 14:13:40: [PP369] [AutoTrade] Đã hủy SL cũ của SOPH (orderId=1000002467181807) 
2026-07-22 14:13:40: [PP369] [AutoTrade] ✓ Đã dịch SL mới cho SOPH @ $0.0046040 (orderId=1000002467385420) 
2026-07-22 14:13:50: [PP369] [AutoTrade] MEME → LONG (Score: +5.199999999999999đ) tại $0.00052 
2026-07-22 14:13:50: [PP369] [AutoTrade] MEME LONG có Score = 5.199999999999999đ < 6đ — bỏ qua 
2026-07-22 14:14:20: [PP369] [AutoTrade] MEME → LONG (Score: +5.199999999999999đ) tại $0.00052 
2026-07-22 14:14:20: [PP369] [AutoTrade] MEME LONG có Score = 5.199999999999999đ < 6đ — bỏ qua 
2026-07-22 14:14:49: [PP369] [AutoTrade] MEME → LONG (Score: +5.199999999999999đ) tại $0.00052 
2026-07-22 14:14:49: [PP369] [AutoTrade] MEME LONG có Score = 5.199999999999999đ < 6đ — bỏ qua 
2026-07-22 14:15:20: [PP369] [AutoTrade] MEME → LONG (Score: +5.199999999999999đ) tại $0.00052 
2026-07-22 14:15:20: [PP369] [AutoTrade] MEME LONG có Score = 5.199999999999999đ < 6đ — bỏ qua 
2026-07-22 14:15:50: [PP369] [AutoTrade] MEME → LONG (Score: +5.199999999999999đ) tại $0.00052 
2026-07-22 14:15:50: [PP369] [AutoTrade] MEME LONG có Score = 5.199999999999999đ < 6đ — bỏ qua 
2026-07-22 14:16:20: [PP369] [AutoTrade] MEME → LONG (Score: +5.199999999999999đ) tại $0.00052 
2026-07-22 14:16:20: [PP369] [AutoTrade] MEME LONG có Score = 5.199999999999999đ < 6đ — bỏ qua 
2026-07-22 14:16:50: [PP369] [AutoTrade] MEME → LONG (Score: +5.199999999999999đ) tại $0.00052 
2026-07-22 14:16:50: [PP369] [AutoTrade] MEME LONG có Score = 5.199999999999999đ < 6đ — bỏ qua 
2026-07-22 14:29:35: [PP369] [Binance] Đã đồng bộ giờ: offset = 101650ms (Giờ server: 2026-07-22T07:31:16.728Z) 
2026-07-22 14:34:49: [PP369] [AutoTrade] RIF → LONG (Score: +5.5đ) tại $0.04668 
2026-07-22 14:34:49: [PP369] [AutoTrade] RIF LONG không đạt Tiêu chí 2 (Biến động H1/M15 an toàn) — bỏ qua 
2026-07-22 14:58:21: [PP369] [AutoTrade] AIN → LONG (Score: +3.8đ) tại $0.08186 
2026-07-22 14:58:21: [PP369] [AutoTrade] AIN LONG có Score = 3.8đ < 6đ — bỏ qua 
2026-07-22 14:58:49: [PP369] [AutoTrade] AIN → LONG (Score: +3.8đ) tại $0.08186 
2026-07-22 14:58:49: [PP369] [AutoTrade] AIN LONG có Score = 3.8đ < 6đ — bỏ qua 
2026-07-22 14:59:20: [PP369] [AutoTrade] DEXE → LONG (Score: +5đ) tại $4.436 
2026-07-22 14:59:20: [PP369] [AutoTrade] DEXE LONG không đạt Tiêu chí 2 (Biến động H1/M15 an toàn) — bỏ qua 
2026-07-22 14:59:35: [PP369] [Binance] Đã đồng bộ giờ: offset = 101824ms (Giờ server: 2026-07-22T08:01:16.904Z) 
2026-07-22 15:06:21: [PP369] [AutoTrade] GMT → SHORT (Score: +3.0999999999999996đ) tại $0.00728 
2026-07-22 15:06:21: [PP369] [AutoTrade] GMT SHORT có Score = 3.0999999999999996đ < 6đ — bỏ qua 
2026-07-22 15:07:19: [PP369] [AutoTrade] GMT → SHORT (Score: +2.9đ) tại $0.00728 
2026-07-22 15:07:19: [PP369] [AutoTrade] GMT SHORT có Score = 2.9đ < 6đ — bỏ qua 
2026-07-22 15:07:49: [PP369] [AutoTrade] GMT → SHORT (Score: +2.9đ) tại $0.00728 
2026-07-22 15:07:49: [PP369] [AutoTrade] GMT SHORT có Score = 2.9đ < 6đ — bỏ qua 
2026-07-22 15:11:21: [PP369] [AutoTrade] KAITO → LONG (Score: +3.2đ) tại $0.9563 
2026-07-22 15:11:21: [PP369] [AutoTrade] KAITO LONG có Score = 3.2đ < 6đ — bỏ qua 
2026-07-22 15:29:35: [PP369] [Binance] Đã đồng bộ giờ: offset = 102000ms (Giờ server: 2026-07-22T08:31:17.081Z) 
2026-07-22 15:49:52: ◇ injected env (8) from .env // tip: ◈ secrets for agents [www.dotenvx.com]
2026-07-22 15:49:53: [PP369] [369] initH4Cache: Tất cả 779 coin đã có nến H4 đầu năm. 
2026-07-22 15:49:53: [PP369] [Binance] Đã đồng bộ giờ: offset = 102111ms (Giờ server: 2026-07-22T08:51:35.336Z) 
2026-07-22 15:49:53: [AutoTrade] Bỏ qua 157 coin có grid ngoài khoảng 3–25% (theo giá hiện tại): SOL(38.8%), XRP(26.5%), ETC(43.1%), LINK(34.9%), BAT(38.2%), QTUM(42.9%), KNC(27.5%), DOT(35.7%), AVAX(46.1%), AAVE(31.5%), FIL(38.9%), BEL(2.9%), CTK(28.9%), COTI(40.1%), ALICE(2.4%), NKN(2.6%), DGB(1.6%), ATA(1.8%), DYDX(2.4%), KLAY(2.4%), APE(2.0%), DAR(2.1%), OP(31.3%), STG(2.1%), SPELL(36.1%), APT(49.7%), FET(1.9%), CKB(33.0%), USDC(30.0%), AMB(2.5%), LEVER(26.7%), RDNT(2.9%), HFT(33.2%), SUI(39.6%), MAV(34.2%), ARKM(2.7%), DODOX(1.6%), ARK(28.9%), BOND(28.1%), GAS(28.8%), SUPER(35.0%), 1000SATS(316.5%), ACE(31.9%), JUP(1.5%), GLM(30.1%), PORTAL(2.8%), MYRO(3.0%), W(32.9%), IO(2.0%), ZK(31.6%), ZRO(37.4%), SYN(1.6%), SYS(1.7%), ALPACA(25.2%), SUN(1.6%), DOGS(81.4%), BSW(2.5%), QUICK(2.3%), NEIRO(50.0%), FIO(2.5%), GHST(1.8%), LOKA(2.6%), COS(2.5%), DIA(29.4%), SANTOS(59.2%), 1000000MOG(29.3%), ACT(33.9%), HIPPO(2.9%), DEGEN(2.9%), 1000WHY(197.4%), THE(55.8%), CHILLGUY(3.0%), ORCA(25.6%), MOVE(28.2%), VELODROME(1.6%), MOCA(34.6%), VANA(26.1%), USUAL(33.9%), DF(2.6%), COOKIE(35.2%), D(2.2%), PIPPIN(176.7%), TST(2.6%), RED(30.0%), MUBARAK(2.8%), TUT(2.0%), BROCCOLI714(2.4%), BR(1.8%), PLUME(2.6%), FUN(1.7%), BABY(2.4%), PUMP(1.5%), BANK(2.0%), SIGN(34.7%), PUNDIX(36.3%), SXT(42.5%), ASR(35.0%), MILK(3.0%), OG(116.3%), AGT(2.4%), B(1.3%), MERL(174.0%), PUMPBTC(31.9%), MYX(375.5%), DMC(2.3%), OL(1.7%), SAHARA(33.6%), BULLA(25.7%), M(25.4%), TANSSI(2.4%), VELVET(0.6%), ZORA(47.2%), TAG(2.8%), ESPORTS(100.6%), A2Z(2.1%), YALA(1.8%), AIO(2.6%), LA(55.1%), SOMI(30.5%), BAS(1.0%), Q(1.5%), PTB(50.6%), PORT3(2.5%), 1000000BOB(1.9%), AVNT(32.3%), UB(2.6%), TOSHI(27.0%), TRADOOR(59.4%), FLUID(29.8%), HANA(0.9%), AKE(1.8%), LIGHT(236.2%), XAN(2.9%), TRUTH(2.3%), YB(40.6%), EUL(30.1%), CLO(27.1%), ZBT(2.9%), LAB(1.9%), RIVER(91.9%), 币安人生(0.5%), BLUAI(2.5%), APR(1.4%), ON(2.6%), KITE(2.6%), AT(2.1%), UAI(0.9%), STABLE(0.8%), JCT(0.7%), ALLO(0.6%), BOB(2.8%), POWER(36.6%), US(0.7%), BREV(39.6%), MAGMA(1.0%), OPEN(1.9%), RLS(2.8%)
2026-07-22 15:49:54: [PP369] [Binance] Đang lấy leverage brackets cho 450 coin... 
2026-07-22 15:49:54: [PP369] [Binance] Đã lưu leverage cho 450 coin vào step_sizes.json 
2026-07-22 15:49:54: [PP369] [AutoTrade] Khởi động: 450 coin | margin=$10 | 10x | type=LIMIT 
2026-07-22 15:49:54: [PP369] [Binance] Loaded step and tick sizes from existing file: 827 symbols 
2026-07-22 15:49:54: [PP369] [AutoTrade] Đã nạp leverageInfo cho 450 coin từ cache. 
2026-07-22 15:49:54: [PP369] [PP369Stream] Kết nối WebSocket thành công (market/stream) 
2026-07-22 15:49:58: [PP369] [AutoTrade] Bắt đầu scan... 
2026-07-22 16:19:52: [PP369] [Binance] Đã đồng bộ giờ: offset = 102293ms (Giờ server: 2026-07-22T09:21:34.958Z) 
2026-07-22 16:24:40: [PP369] [AutoTrade] BROCCOLIF3B → SHORT (Score: +5.5đ) tại $0.006287 
2026-07-22 16:24:40: [PP369] [AutoTrade] BROCCOLIF3B SHORT có Score = 5.5đ < 6đ — bỏ qua 
2026-07-22 16:27:09: [PP369] [AutoTrade] BANANA → SHORT (Score: +4.4đ) tại $3.757 
2026-07-22 16:27:09: [PP369] [AutoTrade] BANANA SHORT có Score = 4.4đ < 6đ — bỏ qua 
2026-07-22 16:27:10: [PP369] [AutoTrade] BROCCOLIF3B → SHORT (Score: +5.5đ) tại $0.006287 
2026-07-22 16:27:10: [PP369] [AutoTrade] BROCCOLIF3B SHORT có Score = 5.5đ < 6đ — bỏ qua 
2026-07-22 16:27:39: [PP369] [AutoTrade] BANANA → SHORT (Score: +4.4đ) tại $3.757 
2026-07-22 16:27:39: [PP369] [AutoTrade] BANANA SHORT có Score = 4.4đ < 6đ — bỏ qua 
2026-07-22 16:28:09: [PP369] [AutoTrade] BANANA → SHORT (Score: +4.4đ) tại $3.757 
2026-07-22 16:28:09: [PP369] [AutoTrade] BANANA SHORT có Score = 4.4đ < 6đ — bỏ qua 
2026-07-22 16:28:39: [PP369] [AutoTrade] BANANA → SHORT (Score: +4.4đ) tại $3.757 
2026-07-22 16:28:39: [PP369] [AutoTrade] BANANA SHORT có Score = 4.4đ < 6đ — bỏ qua 
2026-07-22 16:29:09: [PP369] [AutoTrade] BANANA → SHORT (Score: +4.4đ) tại $3.757 
2026-07-22 16:29:09: [PP369] [AutoTrade] BANANA SHORT có Score = 4.4đ < 6đ — bỏ qua 
2026-07-22 16:29:39: [PP369] [AutoTrade] BANANA → SHORT (Score: +4.4đ) tại $3.757 
2026-07-22 16:29:39: [PP369] [AutoTrade] BANANA SHORT có Score = 4.4đ < 6đ — bỏ qua 
2026-07-22 16:30:09: [PP369] [AutoTrade] BANANA → SHORT (Score: +4.4đ) tại $3.757 
2026-07-22 16:30:09: [PP369] [AutoTrade] BANANA SHORT có Score = 4.4đ < 6đ — bỏ qua 
2026-07-22 16:30:39: [PP369] [AutoTrade] BANANA → SHORT (Score: +4.4đ) tại $3.757 
2026-07-22 16:30:39: [PP369] [AutoTrade] BANANA SHORT có Score = 4.4đ < 6đ — bỏ qua 
2026-07-22 16:31:09: [PP369] [AutoTrade] BANANA → SHORT (Score: +4.4đ) tại $3.757 
2026-07-22 16:31:09: [PP369] [AutoTrade] BANANA SHORT có Score = 4.4đ < 6đ — bỏ qua 
2026-07-22 16:33:09: [PP369] [AutoTrade] SCRT → SHORT (Score: +3.9999999999999996đ) tại $0.0422 
2026-07-22 16:33:09: [PP369] [AutoTrade] SCRT SHORT có Score = 3.9999999999999996đ < 6đ — bỏ qua 
2026-07-22 16:33:11: [PP369] [AutoTrade] C → LONG (Score: +5.1đ) tại $0.06523 
2026-07-22 16:33:11: [PP369] [AutoTrade] C LONG có Score = 5.1đ < 6đ — bỏ qua 
2026-07-22 16:34:08: [PP369] [AutoTrade] C → LONG (Score: +5.1đ) tại $0.06523 
2026-07-22 16:34:08: [PP369] [AutoTrade] C LONG có Score = 5.1đ < 6đ — bỏ qua 
2026-07-22 16:34:39: [PP369] [AutoTrade] C → LONG (Score: +5.1đ) tại $0.06523 
2026-07-22 16:34:39: [PP369] [AutoTrade] C LONG có Score = 5.1đ < 6đ — bỏ qua 
2026-07-22 16:39:39: [PP369] [AutoTrade] BROCCOLIF3B → SHORT (Score: +4.9đ) tại $0.007487 
2026-07-22 16:39:39: [PP369] [AutoTrade] BROCCOLIF3B SHORT có Score = 4.9đ < 6đ — bỏ qua 
2026-07-22 16:47:09: [PP369] [AutoTrade] SAFE → SHORT (Score: +4.8đ) tại $0.0898 
2026-07-22 16:47:09: [PP369] [AutoTrade] SAFE SHORT có Score = 4.8đ < 6đ — bỏ qua 
2026-07-22 16:47:39: [PP369] [AutoTrade] SAFE → SHORT (Score: +4.8đ) tại $0.0898 
2026-07-22 16:47:39: [PP369] [AutoTrade] SAFE SHORT có Score = 4.8đ < 6đ — bỏ qua 
2026-07-22 16:49:52: [PP369] [Binance] Đã đồng bộ giờ: offset = 102468ms (Giờ server: 2026-07-22T09:51:35.134Z) 
2026-07-22 16:54:39: [PP369] [AutoTrade] SAFE → SHORT (Score: +4.8đ) tại $0.0898 
2026-07-22 16:54:39: [PP369] [AutoTrade] SAFE SHORT có Score = 4.8đ < 6đ — bỏ qua 
2026-07-22 16:55:09: [PP369] [AutoTrade] SAFE → SHORT (Score: +4.8đ) tại $0.0898 
2026-07-22 16:55:09: [PP369] [AutoTrade] SAFE SHORT có Score = 4.8đ < 6đ — bỏ qua 
2026-07-22 16:55:10: [PP369] [AutoTrade] BROCCOLIF3B → SHORT (Score: +4.6đ) tại $0.007487 
2026-07-22 16:55:10: [PP369] [AutoTrade] BROCCOLIF3B SHORT không đạt Tiêu chí 2 (Biến động H1/M15 an toàn) — bỏ qua 
2026-07-22 16:55:39: [PP369] [AutoTrade] SAFE → SHORT (Score: +4.8đ) tại $0.0898 
2026-07-22 16:55:39: [PP369] [AutoTrade] SAFE SHORT có Score = 4.8đ < 6đ — bỏ qua 
2026-07-22 16:56:09: [PP369] [AutoTrade] SAFE → SHORT (Score: +4.8đ) tại $0.0898 
2026-07-22 16:56:09: [PP369] [AutoTrade] SAFE SHORT có Score = 4.8đ < 6đ — bỏ qua 
2026-07-22 17:13:09: [PP369] [AutoTrade] EPIC → SHORT (Score: +3.4đ) tại $0.6177 
2026-07-22 17:13:09: [PP369] [AutoTrade] EPIC SHORT không đạt Tiêu chí 2 (Biến động H1/M15 an toàn) — bỏ qua 
2026-07-22 17:19:52: [PP369] [Binance] Đã đồng bộ giờ: offset = 102644ms (Giờ server: 2026-07-22T10:21:35.300Z) 
2026-07-22 17:25:09: [PP369] [AutoTrade] KOMA → SHORT (Score: +3.4đ) tại $0.00823 
2026-07-22 17:25:09: [PP369] [AutoTrade] KOMA SHORT có Score = 3.4đ < 6đ — bỏ qua 
2026-07-22 17:42:39: [PP369] [AutoTrade] RIF → SHORT (Score: +3.5đ) tại $0.05868 
2026-07-22 17:42:39: [PP369] [AutoTrade] RIF SHORT không đạt Tiêu chí 2 (Biến động H1/M15 an toàn) — bỏ qua 
2026-07-22 17:49:52: [PP369] [Binance] Đã đồng bộ giờ: offset = 102820ms (Giờ server: 2026-07-22T10:51:35.486Z) 
2026-07-22 17:54:08: [PP369] [AutoTrade] RIF → LONG (Score: +5đ) tại $0.05568 
2026-07-22 17:54:08: [PP369] [AutoTrade] RIF LONG không đạt Tiêu chí 2 (Biến động H1/M15 an toàn) — bỏ qua 
2026-07-22 18:12:40: [PP369] [AutoTrade] PROM → SHORT (Score: +3.8đ) tại $1.565 
2026-07-22 18:12:40: [PP369] [AutoTrade] PROM SHORT có Score = 3.8đ < 6đ — bỏ qua 
2026-07-22 18:13:08: [PP369] [AutoTrade] PROM → SHORT (Score: +3.8đ) tại $1.565 
2026-07-22 18:13:08: [PP369] [AutoTrade] PROM SHORT có Score = 3.8đ < 6đ — bỏ qua 
2026-07-22 18:19:52: [PP369] [Binance] Đã đồng bộ giờ: offset = 102995ms (Giờ server: 2026-07-22T11:21:35.640Z) 
2026-07-22 18:22:39: [PP369] [AutoTrade] KAITO → SHORT (Score: +2.9000000000000004đ) tại $0.9562 
2026-07-22 18:22:39: [PP369] [AutoTrade] KAITO SHORT có Score = 2.9000000000000004đ < 6đ — bỏ qua 
2026-07-22 18:23:08: [PP369] [AutoTrade] KAITO → SHORT (Score: +2.9000000000000004đ) tại $0.9562 
2026-07-22 18:23:08: [PP369] [AutoTrade] KAITO SHORT có Score = 2.9000000000000004đ < 6đ — bỏ qua 
2026-07-22 18:40:08: [PP369] [AutoTrade] RIF → LONG (Score: +4.5đ) tại $0.05268 
2026-07-22 18:40:08: [PP369] [AutoTrade] RIF LONG không đạt Tiêu chí 2 (Biến động H1/M15 an toàn) — bỏ qua 
2026-07-22 18:49:52: [PP369] [Binance] Đã đồng bộ giờ: offset = 103169ms (Giờ server: 2026-07-22T11:51:35.832Z) 
2026-07-22 19:13:40: [PP369] [AutoTrade] RIF → SHORT (Score: +3.5đ) tại $0.04968 
2026-07-22 19:13:40: [PP369] [AutoTrade] RIF SHORT không đạt Tiêu chí 2 (Biến động H1/M15 an toàn) — bỏ qua 
2026-07-22 19:19:52: [PP369] [Binance] Đã đồng bộ giờ: offset = 103340ms (Giờ server: 2026-07-22T12:21:36.009Z) 
2026-07-22 19:21:09: [PP369] [AutoTrade] PIEVERSE → LONG (Score: +5.699999999999999đ) tại $0.6728 
2026-07-22 19:21:09: [PP369] [AutoTrade] PIEVERSE LONG có Score = 5.699999999999999đ < 6đ — bỏ qua 
2026-07-22 19:21:40: [PP369] [AutoTrade] PIEVERSE → LONG (Score: +5.699999999999999đ) tại $0.6728 
2026-07-22 19:21:40: [PP369] [AutoTrade] PIEVERSE LONG có Score = 5.699999999999999đ < 6đ — bỏ qua 
2026-07-22 19:22:09: [PP369] [AutoTrade] PIEVERSE → LONG (Score: +5.699999999999999đ) tại $0.6728 
2026-07-22 19:22:09: [PP369] [AutoTrade] PIEVERSE LONG có Score = 5.699999999999999đ < 6đ — bỏ qua 
2026-07-22 19:28:39: [PP369] [AutoTrade] EPIC → SHORT (Score: +3.6đ) tại $0.5877 
2026-07-22 19:28:39: [PP369] [AutoTrade] EPIC SHORT không đạt Tiêu chí 2 (Biến động H1/M15 an toàn) — bỏ qua 
2026-07-22 19:47:39: [PP369] [AutoTrade] NAORIS → SHORT (Score: +3.8đ) tại $0.03193 
2026-07-22 19:47:39: [PP369] [AutoTrade] NAORIS SHORT có Score = 3.8đ < 6đ — bỏ qua 
2026-07-22 19:49:52: [PP369] [Binance] Đã đồng bộ giờ: offset = 103520ms (Giờ server: 2026-07-22T12:51:36.180Z) 
2026-07-22 19:49:54: [PP369] [AutoTrade] [CoinRefresh] Tái kiểm tra danh sách: 450 → 449 coin hợp lệ theo giá hiện tại. 
2026-07-22 20:07:40: [PP369] [AutoTrade] RIF → SHORT (Score: +3.5đ) tại $0.05268 
2026-07-22 20:07:40: [PP369] [AutoTrade] RIF SHORT không đạt Tiêu chí 2 (Biến động H1/M15 an toàn) — bỏ qua 
2026-07-22 20:08:08: [PP369] [AutoTrade] RIF → SHORT (Score: +3.5đ) tại $0.05268 
2026-07-22 20:08:08: [PP369] [AutoTrade] RIF SHORT không đạt Tiêu chí 2 (Biến động H1/M15 an toàn) — bỏ qua 
2026-07-22 20:19:52: [PP369] [Binance] Đã đồng bộ giờ: offset = 103695ms (Giờ server: 2026-07-22T13:21:36.353Z) 
2026-07-22 20:49:52: [PP369] [Binance] Đã đồng bộ giờ: offset = 103871ms (Giờ server: 2026-07-22T13:51:36.532Z) 
2026-07-22 21:01:40: [PP369] [AutoTrade] EPIC → LONG (Score: +5.8999999999999995đ) tại $0.5885 
2026-07-22 21:01:40: [PP369] [AutoTrade] EPIC LONG có Score = 5.8999999999999995đ < 6đ — bỏ qua 
2026-07-22 21:09:09: [PP369] [AutoTrade] GMX → SHORT (Score: +4.3đ) tại $6.809 
2026-07-22 21:09:09: [PP369] [AutoTrade] GMX SHORT có Score = 4.3đ < 6đ — bỏ qua 
2026-07-22 21:19:52: [PP369] [Binance] Đã đồng bộ giờ: offset = 104043ms (Giờ server: 2026-07-22T14:21:36.703Z) 
2026-07-22 21:24:08: [PP369] [AutoTrade] RIF → SHORT (Score: +4đ) tại $0.06168 
2026-07-22 21:24:08: [PP369] [AutoTrade] RIF SHORT không đạt Tiêu chí 2 (Biến động H1/M15 an toàn) — bỏ qua 
2026-07-22 21:36:09: [PP369] [AutoTrade] KAITO → SHORT (Score: +2.9000000000000004đ) tại $0.9862 
2026-07-22 21:36:09: [PP369] [AutoTrade] KAITO SHORT có Score = 2.9000000000000004đ < 6đ — bỏ qua 
2026-07-22 21:49:52: [PP369] [Binance] Đã đồng bộ giờ: offset = 104221ms (Giờ server: 2026-07-22T14:51:36.874Z) 
2026-07-22 22:16:10: [PP369] [AutoTrade] AIN → SHORT (Score: +3.1đ) tại $0.08765 
2026-07-22 22:16:10: [PP369] [AutoTrade] AIN SHORT không đạt Tiêu chí 2 (Biến động H1/M15 an toàn) — bỏ qua 
2026-07-22 22:18:10: [PP369] [AutoTrade] XAI → SHORT (Score: +3.1đ) tại $0.00721 
2026-07-22 22:18:10: [PP369] [AutoTrade] XAI SHORT có Score = 3.1đ < 6đ — bỏ qua 
2026-07-22 22:18:39: [PP369] [AutoTrade] XAI → SHORT (Score: +3.1đ) tại $0.00721 
2026-07-22 22:18:39: [PP369] [AutoTrade] XAI SHORT có Score = 3.1đ < 6đ — bỏ qua 
2026-07-22 22:19:09: [PP369] [AutoTrade] XAI → SHORT (Score: +3.1đ) tại $0.00721 
2026-07-22 22:19:09: [PP369] [AutoTrade] XAI SHORT có Score = 3.1đ < 6đ — bỏ qua 
2026-07-22 22:19:52: [PP369] [Binance] Đã đồng bộ giờ: offset = 104396ms (Giờ server: 2026-07-22T15:21:37.086Z) 
2026-07-22 22:26:40: [PP369] [AutoTrade] MELANIA → SHORT (Score: +3.9999999999999996đ) tại $0.082 
2026-07-22 22:26:40: [PP369] [AutoTrade] MELANIA SHORT có Score = 3.9999999999999996đ < 6đ — bỏ qua 
2026-07-22 22:36:39: [PP369] [AutoTrade] COAI → LONG (Score: +3.5999999999999996đ) tại $0.3214 
2026-07-22 22:36:39: [PP369] [AutoTrade] COAI LONG có Score = 3.5999999999999996đ < 6đ — bỏ qua 
2026-07-22 22:37:09: [PP369] [AutoTrade] COAI → LONG (Score: +3.5999999999999996đ) tại $0.3214 
2026-07-22 22:37:09: [PP369] [AutoTrade] COAI LONG có Score = 3.5999999999999996đ < 6đ — bỏ qua 
2026-07-22 22:37:39: [PP369] [AutoTrade] AIN → LONG (Score: +4.8999999999999995đ) tại $0.08486 
2026-07-22 22:37:39: [PP369] [AutoTrade] AIN LONG có Score = 4.8999999999999995đ < 6đ — bỏ qua 
2026-07-22 22:49:52: [PP369] [Binance] Đã đồng bộ giờ: offset = 104574ms (Giờ server: 2026-07-22T15:51:37.239Z) 
2026-07-22 22:54:10: [PP369] [AutoTrade] INIT → SHORT (Score: +4.1đ) tại $0.0578 
2026-07-22 22:54:10: [PP369] [AutoTrade] INIT SHORT có Score = 4.1đ < 6đ — bỏ qua 
2026-07-22 23:03:40: [PP369] [AutoTrade] RIF → SHORT (Score: +1.5đ) tại $0.06168 
2026-07-22 23:03:40: [PP369] [AutoTrade] RIF SHORT không đạt Tiêu chí 2 (Biến động H1/M15 an toàn) — bỏ qua 
2026-07-22 23:07:40: [PP369] [AutoTrade] UNI → SHORT (Score: +5.4đ) tại $3.838 
2026-07-22 23:07:40: [PP369] [AutoTrade] UNI SHORT có Score = 5.4đ < 6đ — bỏ qua 
2026-07-22 23:08:09: [PP369] [AutoTrade] UNI → SHORT (Score: +5.4đ) tại $3.838 
2026-07-22 23:08:09: [PP369] [AutoTrade] UNI SHORT có Score = 5.4đ < 6đ — bỏ qua 
2026-07-22 23:08:39: [PP369] [AutoTrade] UNI → SHORT (Score: +5.4đ) tại $3.838 
2026-07-22 23:08:39: [PP369] [AutoTrade] UNI SHORT có Score = 5.4đ < 6đ — bỏ qua 
2026-07-22 23:09:39: [PP369] [AutoTrade] UNI → SHORT (Score: +5.4đ) tại $3.838 
2026-07-22 23:09:39: [PP369] [AutoTrade] UNI SHORT có Score = 5.4đ < 6đ — bỏ qua 
2026-07-22 23:19:52: [PP369] [Binance] Đã đồng bộ giờ: offset = 104748ms (Giờ server: 2026-07-22T16:21:37.399Z) 
2026-07-22 23:21:09: [PP369] [AutoTrade] GUN → SHORT (Score: +4.3đ) tại $0.00392 
2026-07-22 23:21:09: [PP369] [AutoTrade] GUN SHORT có Score = 4.3đ < 6đ — bỏ qua 
2026-07-22 23:22:10: [PP369] [AutoTrade] B2 → LONG (Score: +3.5999999999999996đ) tại $0.4899 
2026-07-22 23:22:10: [PP369] [AutoTrade] B2 LONG có Score = 3.5999999999999996đ < 6đ — bỏ qua 
2026-07-22 23:34:09: [PP369] [AutoTrade] RIF → SHORT (Score: +1đ) tại $0.06168 
2026-07-22 23:34:09: [PP369] [AutoTrade] RIF SHORT không đạt Tiêu chí 2 (Biến động H1/M15 an toàn) — bỏ qua 
2026-07-22 23:36:40: [PP369] [AutoTrade] WLD → SHORT (Score: +3.9999999999999996đ) tại $0.3893 
2026-07-22 23:36:40: [PP369] [AutoTrade] WLD SHORT có Score = 3.9999999999999996đ < 6đ — bỏ qua 
2026-07-22 23:41:09: [PP369] [AutoTrade] RIF → SHORT (Score: +1.3đ) tại $0.06168 
2026-07-22 23:41:09: [PP369] [AutoTrade] RIF SHORT không đạt Tiêu chí 2 (Biến động H1/M15 an toàn) — bỏ qua 
2026-07-22 23:49:52: [PP369] [Binance] Đã đồng bộ giờ: offset = 104923ms (Giờ server: 2026-07-22T16:51:37.580Z) 
2026-07-22 23:49:54: [PP369] [AutoTrade] [CoinRefresh] Tái kiểm tra danh sách: 449 → 451 coin hợp lệ theo giá hiện tại. 
2026-07-23 00:19:52: [PP369] [Binance] Đã đồng bộ giờ: offset = 105097ms (Giờ server: 2026-07-22T17:21:37.760Z) 
2026-07-23 00:20:10: [PP369] [AutoTrade] TURTLE → LONG (Score: +4đ) tại $0.03629 
2026-07-23 00:20:10: [PP369] [AutoTrade] TURTLE LONG có Score = 4đ < 6đ — bỏ qua 
2026-07-23 00:43:09: [PP369] [AutoTrade] RIF → LONG (Score: +4.5đ) tại $0.05868 
2026-07-23 00:43:09: [PP369] [AutoTrade] RIF LONG không đạt Tiêu chí 2 (Biến động H1/M15 an toàn) — bỏ qua 
2026-07-23 00:49:52: [PP369] [Binance] Đã đồng bộ giờ: offset = 105274ms (Giờ server: 2026-07-22T17:51:37.927Z) 
2026-07-23 01:19:52: [PP369] [Binance] Đã đồng bộ giờ: offset = 105450ms (Giờ server: 2026-07-22T18:21:38.109Z) 
2026-07-23 01:36:40: [PP369] [AutoTrade] B2 → SHORT (Score: +2.8đ) tại $0.4572 
2026-07-23 01:36:40: [PP369] [AutoTrade] B2 SHORT không đạt Tiêu chí 2 (Biến động H1/M15 an toàn) — bỏ qua 
2026-07-23 01:39:10: [PP369] [AutoTrade] XAI → LONG (Score: +5đ) tại $0.00698 
2026-07-23 01:39:10: [PP369] [AutoTrade] XAI LONG có Score = 5đ < 6đ — bỏ qua 
2026-07-23 01:39:39: [PP369] [AutoTrade] XAI → LONG (Score: +5đ) tại $0.00698 
2026-07-23 01:39:39: [PP369] [AutoTrade] XAI LONG có Score = 5đ < 6đ — bỏ qua 
2026-07-23 01:41:39: [PP369] [AutoTrade] XAI → LONG (Score: +5đ) tại $0.00698 
2026-07-23 01:41:39: [PP369] [AutoTrade] XAI LONG có Score = 5đ < 6đ — bỏ qua 
2026-07-23 01:42:09: [PP369] [AutoTrade] XAI → LONG (Score: +5đ) tại $0.00698 
2026-07-23 01:42:09: [PP369] [AutoTrade] XAI LONG có Score = 5đ < 6đ — bỏ qua 
2026-07-23 01:49:52: [PP369] [Binance] Đã đồng bộ giờ: offset = 105623ms (Giờ server: 2026-07-22T18:51:38.296Z) 
2026-07-23 01:58:40: [PP369] [AutoTrade] KAITO → LONG (Score: +3.8đ) tại $0.9863 
2026-07-23 01:58:40: [PP369] [AutoTrade] KAITO LONG không đạt Tiêu chí 2 (Biến động H1/M15 an toàn) — bỏ qua 
2026-07-23 02:00:10: [PP369] [AutoTrade] KAITO → LONG (Score: +3.5999999999999996đ) tại $0.9863 
2026-07-23 02:00:10: [PP369] [AutoTrade] KAITO LONG có Score = 3.5999999999999996đ < 6đ — bỏ qua 
2026-07-23 02:01:09: [PP369] [AutoTrade] KAITO → LONG (Score: +3.5999999999999996đ) tại $0.9863 
2026-07-23 02:01:09: [PP369] [AutoTrade] KAITO LONG có Score = 3.5999999999999996đ < 6đ — bỏ qua 
2026-07-23 02:01:39: [PP369] [AutoTrade] KAITO → LONG (Score: +3.5999999999999996đ) tại $0.9863 
2026-07-23 02:01:39: [PP369] [AutoTrade] KAITO LONG có Score = 3.5999999999999996đ < 6đ — bỏ qua 
2026-07-23 02:02:09: [PP369] [AutoTrade] KAITO → LONG (Score: +3.5999999999999996đ) tại $0.9863 
2026-07-23 02:02:09: [PP369] [AutoTrade] KAITO LONG có Score = 3.5999999999999996đ < 6đ — bỏ qua 
2026-07-23 02:02:39: [PP369] [AutoTrade] KAITO → LONG (Score: +3.5999999999999996đ) tại $0.9863 
2026-07-23 02:02:39: [PP369] [AutoTrade] KAITO LONG có Score = 3.5999999999999996đ < 6đ — bỏ qua 
2026-07-23 02:03:09: [PP369] [AutoTrade] KAITO → LONG (Score: +3.5999999999999996đ) tại $0.9863 
2026-07-23 02:03:09: [PP369] [AutoTrade] KAITO LONG có Score = 3.5999999999999996đ < 6đ — bỏ qua 
2026-07-23 02:03:39: [PP369] [AutoTrade] KAITO → LONG (Score: +3.5999999999999996đ) tại $0.9863 
2026-07-23 02:03:39: [PP369] [AutoTrade] KAITO LONG có Score = 3.5999999999999996đ < 6đ — bỏ qua 
2026-07-23 02:09:11: [PP369] [AutoTrade] XAI → LONG (Score: +5đ) tại $0.00698 
2026-07-23 02:09:11: [PP369] [AutoTrade] XAI LONG có Score = 5đ < 6đ — bỏ qua 
2026-07-23 02:09:39: [PP369] [AutoTrade] XAI → LONG (Score: +5đ) tại $0.00698 
2026-07-23 02:09:39: [PP369] [AutoTrade] XAI LONG có Score = 5đ < 6đ — bỏ qua 
2026-07-23 02:10:09: [PP369] [AutoTrade] XAI → LONG (Score: +5đ) tại $0.00698 
2026-07-23 02:10:09: [PP369] [AutoTrade] XAI LONG có Score = 5đ < 6đ — bỏ qua 
2026-07-23 02:10:39: [PP369] [AutoTrade] XAI → LONG (Score: +5đ) tại $0.00698 
2026-07-23 02:10:39: [PP369] [AutoTrade] XAI LONG có Score = 5đ < 6đ — bỏ qua 
2026-07-23 02:11:39: [PP369] [AutoTrade] XAI → LONG (Score: +5đ) tại $0.00698 
2026-07-23 02:11:39: [PP369] [AutoTrade] XAI LONG có Score = 5đ < 6đ — bỏ qua 
2026-07-23 02:12:09: [PP369] [AutoTrade] XAI → LONG (Score: +5đ) tại $0.00698 
2026-07-23 02:12:09: [PP369] [AutoTrade] XAI LONG có Score = 5đ < 6đ — bỏ qua 
2026-07-23 02:12:39: [PP369] [AutoTrade] XAI → LONG (Score: +5đ) tại $0.00698 
2026-07-23 02:12:39: [PP369] [AutoTrade] XAI LONG có Score = 5đ < 6đ — bỏ qua 
2026-07-23 02:13:09: [PP369] [AutoTrade] XAI → LONG (Score: +5đ) tại $0.00698 
2026-07-23 02:13:09: [PP369] [AutoTrade] XAI LONG có Score = 5đ < 6đ — bỏ qua 
2026-07-23 02:19:52: [PP369] [Binance] Đã đồng bộ giờ: offset = 105800ms (Giờ server: 2026-07-22T19:21:38.459Z) 
2026-07-23 02:36:40: [PP369] [AutoTrade] GMX → LONG (Score: +5.1đ) tại $6.523 
2026-07-23 02:36:40: [PP369] [AutoTrade] GMX LONG có Score = 5.1đ < 6đ — bỏ qua 
2026-07-23 02:38:09: [PP369] [AutoTrade] XAI → LONG (Score: +5đ) tại $0.00698 
2026-07-23 02:38:09: [PP369] [AutoTrade] XAI LONG có Score = 5đ < 6đ — bỏ qua 
2026-07-23 02:40:39: [PP369] [AutoTrade] XAI → LONG (Score: +5đ) tại $0.00698 
2026-07-23 02:40:39: [PP369] [AutoTrade] XAI LONG có Score = 5đ < 6đ — bỏ qua 
2026-07-23 02:49:52: [PP369] [Binance] Đã đồng bộ giờ: offset = 105975ms (Giờ server: 2026-07-22T19:51:38.632Z) 
2026-07-23 03:01:10: [PP369] [AutoTrade] XAI → LONG (Score: +5đ) tại $0.00698 
2026-07-23 03:01:10: [PP369] [AutoTrade] XAI LONG có Score = 5đ < 6đ — bỏ qua 
2026-07-23 03:19:52: [PP369] [Binance] Đã đồng bộ giờ: offset = 106151ms (Giờ server: 2026-07-22T20:21:38.817Z) 
2026-07-23 03:45:10: [PP369] [AutoTrade] SAFE → LONG (Score: +5.2đ) tại $0.0871 
2026-07-23 03:45:10: [PP369] [AutoTrade] SAFE LONG có Score = 5.2đ < 6đ — bỏ qua 
2026-07-23 03:49:52: [PP369] [Binance] Đã đồng bộ giờ: offset = 106326ms (Giờ server: 2026-07-22T20:51:38.989Z) 
2026-07-23 03:49:54: [PP369] [AutoTrade] [CoinRefresh] Tái kiểm tra danh sách: 451 → 451 coin hợp lệ theo giá hiện tại. 
2026-07-23 04:10:11: [PP369] [AutoTrade] MANTA → LONG (Score: +5.6đ) tại $0.06205 
2026-07-23 04:10:11: [PP369] [AutoTrade] MANTA LONG có Score = 5.6đ < 6đ — bỏ qua 
2026-07-23 04:10:40: [PP369] [AutoTrade] MANTA → LONG (Score: +5.6đ) tại $0.06205 
2026-07-23 04:10:40: [PP369] [AutoTrade] MANTA LONG có Score = 5.6đ < 6đ — bỏ qua 
2026-07-23 04:11:09: [PP369] [AutoTrade] MANTA → LONG (Score: +5.6đ) tại $0.06205 
2026-07-23 04:11:09: [PP369] [AutoTrade] MANTA LONG có Score = 5.6đ < 6đ — bỏ qua 
2026-07-23 04:11:39: [PP369] [AutoTrade] MANTA → LONG (Score: +5.6đ) tại $0.06205 
2026-07-23 04:11:39: [PP369] [AutoTrade] MANTA LONG có Score = 5.6đ < 6đ — bỏ qua 
2026-07-23 04:12:09: [PP369] [AutoTrade] MANTA → LONG (Score: +5.6đ) tại $0.06205 
2026-07-23 04:12:09: [PP369] [AutoTrade] MANTA LONG có Score = 5.6đ < 6đ — bỏ qua 
2026-07-23 04:12:39: [PP369] [AutoTrade] MANTA → LONG (Score: +5.6đ) tại $0.06205 
2026-07-23 04:12:39: [PP369] [AutoTrade] MANTA LONG có Score = 5.6đ < 6đ — bỏ qua 
2026-07-23 04:13:09: [PP369] [AutoTrade] MANTA → LONG (Score: +5.6đ) tại $0.06205 
2026-07-23 04:13:09: [PP369] [AutoTrade] MANTA LONG có Score = 5.6đ < 6đ — bỏ qua 
2026-07-23 04:15:39: [PP369] [AutoTrade] MANTA → LONG (Score: +5.6đ) tại $0.06205 
2026-07-23 04:15:39: [PP369] [AutoTrade] MANTA LONG có Score = 5.6đ < 6đ — bỏ qua 
2026-07-23 04:16:09: [PP369] [AutoTrade] MANTA → LONG (Score: +5.6đ) tại $0.06205 
2026-07-23 04:16:09: [PP369] [AutoTrade] MANTA LONG có Score = 5.6đ < 6đ — bỏ qua 
2026-07-23 04:16:39: [PP369] [AutoTrade] MANTA → LONG (Score: +5.6đ) tại $0.06205 
2026-07-23 04:16:39: [PP369] [AutoTrade] MANTA LONG có Score = 5.6đ < 6đ — bỏ qua 
2026-07-23 04:17:11: [PP369] [AutoTrade] MANTA → LONG (Score: +5.6đ) tại $0.06205 
2026-07-23 04:17:11: [PP369] [AutoTrade] MANTA LONG có Score = 5.6đ < 6đ — bỏ qua 
2026-07-23 04:17:39: [PP369] [AutoTrade] MANTA → LONG (Score: +5.6đ) tại $0.06205 
2026-07-23 04:17:39: [PP369] [AutoTrade] MANTA LONG có Score = 5.6đ < 6đ — bỏ qua 
2026-07-23 04:18:09: [PP369] [AutoTrade] MANTA → LONG (Score: +5.6đ) tại $0.06205 
2026-07-23 04:18:09: [PP369] [AutoTrade] MANTA LONG có Score = 5.6đ < 6đ — bỏ qua 
2026-07-23 04:18:39: [PP369] [AutoTrade] MANTA → LONG (Score: +5.6đ) tại $0.06205 
2026-07-23 04:18:39: [PP369] [AutoTrade] MANTA LONG có Score = 5.6đ < 6đ — bỏ qua 
2026-07-23 04:19:09: [PP369] [AutoTrade] MANTA → LONG (Score: +5.6đ) tại $0.06205 
2026-07-23 04:19:09: [PP369] [AutoTrade] MANTA LONG có Score = 5.6đ < 6đ — bỏ qua 
2026-07-23 04:19:39: [PP369] [AutoTrade] MANTA → LONG (Score: +5.6đ) tại $0.06205 
2026-07-23 04:19:39: [PP369] [AutoTrade] MANTA LONG có Score = 5.6đ < 6đ — bỏ qua 
2026-07-23 04:19:52: [PP369] [Binance] Đã đồng bộ giờ: offset = 106490ms (Giờ server: 2026-07-22T21:21:39.179Z) 
2026-07-23 04:20:09: [PP369] [AutoTrade] MANTA → LONG (Score: +5.6đ) tại $0.06205 
2026-07-23 04:20:09: [PP369] [AutoTrade] MANTA LONG có Score = 5.6đ < 6đ — bỏ qua 
2026-07-23 04:20:39: [PP369] [AutoTrade] MANTA → LONG (Score: +5.6đ) tại $0.06205 
2026-07-23 04:20:39: [PP369] [AutoTrade] MANTA LONG có Score = 5.6đ < 6đ — bỏ qua 
2026-07-23 04:21:09: [PP369] [AutoTrade] MANTA → LONG (Score: +5.6đ) tại $0.06205 
2026-07-23 04:21:09: [PP369] [AutoTrade] MANTA LONG có Score = 5.6đ < 6đ — bỏ qua 
2026-07-23 04:22:09: [PP369] [AutoTrade] MANTA → LONG (Score: +5.6đ) tại $0.06205 
2026-07-23 04:22:09: [PP369] [AutoTrade] MANTA LONG có Score = 5.6đ < 6đ — bỏ qua 
2026-07-23 04:22:39: [PP369] [AutoTrade] MANTA → LONG (Score: +5.6đ) tại $0.06205 
2026-07-23 04:22:39: [PP369] [AutoTrade] MANTA LONG có Score = 5.6đ < 6đ — bỏ qua 
2026-07-23 04:32:10: [PP369] [AutoTrade] DEXE → LONG (Score: +6.3đ) tại $4.136 
2026-07-23 04:32:10: [PP369] [AutoTrade] Set leverage DEXEUSDT = 7x (Lưới: 6.79% → tính được 7x, giới hạn: 20x | Ký quỹ mục tiêu: $10) 
2026-07-23 04:32:10: [PP369] [AutoTrade] ✓ DEXE BUY 16.92 @ $4.136 orderId=1829461504 status=NEW 
2026-07-23 04:32:25: [PP369] [AutoTrade] ✓ Đặt TP DEXE @ $4.200000 (đối ứng SELL) orderId=1000002468632848 
2026-07-23 04:32:25: [PP369] [AutoTrade] ✓ Đặt SL DEXE @ $4.080000 (đối ứng SELL) orderId=1000002468632851 
2026-07-23 04:33:25: [PP369] [AutoTrade] Trailing SL: DEXE đạt ROI 5.41% -> Dịch SL trên sàn về entry + 1% ROI ($4.15) [Mức: Hòa vốn] 
2026-07-23 04:33:25: [PP369] [AutoTrade] Đã hủy SL cũ của DEXE (orderId=1000002468632851) 
2026-07-23 04:33:25: [PP369] [AutoTrade] ✓ Đã dịch SL mới cho DEXE @ $4.150000 (orderId=1000002468633724) 
2026-07-23 04:49:52: [PP369] [Binance] Đã đồng bộ giờ: offset = 106677ms (Giờ server: 2026-07-22T21:51:39.342Z) 
2026-07-23 05:01:11: [PP369] [AutoTrade] STRK → SHORT (Score: +4.699999999999999đ) tại $0.0302 
2026-07-23 05:01:11: [PP369] [AutoTrade] STRK SHORT có Score = 4.699999999999999đ < 6đ — bỏ qua 
2026-07-23 05:01:39: [PP369] [AutoTrade] STRK → SHORT (Score: +4.699999999999999đ) tại $0.0302 
2026-07-23 05:01:39: [PP369] [AutoTrade] STRK SHORT có Score = 4.699999999999999đ < 6đ — bỏ qua 
2026-07-23 05:02:09: [PP369] [AutoTrade] STRK → SHORT (Score: +4.699999999999999đ) tại $0.0302 
2026-07-23 05:02:09: [PP369] [AutoTrade] STRK SHORT có Score = 4.699999999999999đ < 6đ — bỏ qua 
2026-07-23 05:02:39: [PP369] [AutoTrade] STRK → SHORT (Score: +4.699999999999999đ) tại $0.0302 
2026-07-23 05:02:39: [PP369] [AutoTrade] STRK SHORT có Score = 4.699999999999999đ < 6đ — bỏ qua 
2026-07-23 05:02:41: [PP369] [AutoTrade] LUMIA → SHORT (Score: +2.6đ) tại $0.0693 
2026-07-23 05:02:41: [PP369] [AutoTrade] LUMIA SHORT có Score = 2.6đ < 6đ — bỏ qua 
2026-07-23 05:03:09: [PP369] [AutoTrade] STRK → SHORT (Score: +4.699999999999999đ) tại $0.0302 
2026-07-23 05:03:09: [PP369] [AutoTrade] STRK SHORT có Score = 4.699999999999999đ < 6đ — bỏ qua 
2026-07-23 05:03:39: [PP369] [AutoTrade] STRK → SHORT (Score: +4.699999999999999đ) tại $0.0302 
2026-07-23 05:03:39: [PP369] [AutoTrade] STRK SHORT có Score = 4.699999999999999đ < 6đ — bỏ qua 
2026-07-23 05:04:09: [PP369] [AutoTrade] STRK → SHORT (Score: +4.699999999999999đ) tại $0.0302 
2026-07-23 05:04:09: [PP369] [AutoTrade] STRK SHORT có Score = 4.699999999999999đ < 6đ — bỏ qua 
2026-07-23 05:04:39: [PP369] [AutoTrade] STRK → SHORT (Score: +4.699999999999999đ) tại $0.0302 
2026-07-23 05:04:39: [PP369] [AutoTrade] STRK SHORT có Score = 4.699999999999999đ < 6đ — bỏ qua 
2026-07-23 05:05:09: [PP369] [AutoTrade] STRK → SHORT (Score: +4.699999999999999đ) tại $0.0302 
2026-07-23 05:05:09: [PP369] [AutoTrade] STRK SHORT có Score = 4.699999999999999đ < 6đ — bỏ qua 
2026-07-23 05:05:39: [PP369] [AutoTrade] STRK → SHORT (Score: +4.699999999999999đ) tại $0.0302 
2026-07-23 05:05:39: [PP369] [AutoTrade] STRK SHORT có Score = 4.699999999999999đ < 6đ — bỏ qua 
2026-07-23 05:06:09: [PP369] [AutoTrade] STRK → SHORT (Score: +4.699999999999999đ) tại $0.0302 
2026-07-23 05:06:09: [PP369] [AutoTrade] STRK SHORT có Score = 4.699999999999999đ < 6đ — bỏ qua 
2026-07-23 05:06:39: [PP369] [AutoTrade] STRK → SHORT (Score: +4.699999999999999đ) tại $0.0302 
2026-07-23 05:06:39: [PP369] [AutoTrade] STRK SHORT có Score = 4.699999999999999đ < 6đ — bỏ qua 
2026-07-23 05:07:09: [PP369] [AutoTrade] STRK → SHORT (Score: +4.699999999999999đ) tại $0.0302 
2026-07-23 05:07:09: [PP369] [AutoTrade] STRK SHORT có Score = 4.699999999999999đ < 6đ — bỏ qua 
2026-07-23 05:07:39: [PP369] [AutoTrade] STRK → SHORT (Score: +4.699999999999999đ) tại $0.0302 
2026-07-23 05:07:39: [PP369] [AutoTrade] STRK SHORT có Score = 4.699999999999999đ < 6đ — bỏ qua 
2026-07-23 05:08:09: [PP369] [AutoTrade] STRK → SHORT (Score: +4.699999999999999đ) tại $0.0302 
2026-07-23 05:08:09: [PP369] [AutoTrade] STRK SHORT có Score = 4.699999999999999đ < 6đ — bỏ qua 
2026-07-23 05:08:39: [PP369] [AutoTrade] STRK → SHORT (Score: +4.699999999999999đ) tại $0.0302 
2026-07-23 05:08:39: [PP369] [AutoTrade] STRK SHORT có Score = 4.699999999999999đ < 6đ — bỏ qua 
2026-07-23 05:09:09: [PP369] [AutoTrade] STRK → SHORT (Score: +4.699999999999999đ) tại $0.0302 
2026-07-23 05:09:09: [PP369] [AutoTrade] STRK SHORT có Score = 4.699999999999999đ < 6đ — bỏ qua 
2026-07-23 05:09:39: [PP369] [AutoTrade] STRK → SHORT (Score: +4.699999999999999đ) tại $0.0302 
2026-07-23 05:09:39: [PP369] [AutoTrade] STRK SHORT có Score = 4.699999999999999đ < 6đ — bỏ qua 
2026-07-23 05:10:09: [PP369] [AutoTrade] STRK → SHORT (Score: +4.699999999999999đ) tại $0.0302 
2026-07-23 05:10:09: [PP369] [AutoTrade] STRK SHORT có Score = 4.699999999999999đ < 6đ — bỏ qua 
2026-07-23 05:13:39: [PP369] [AutoTrade] LUMIA → SHORT (Score: +2.6đ) tại $0.0693 
2026-07-23 05:13:39: [PP369] [AutoTrade] LUMIA SHORT có Score = 2.6đ < 6đ — bỏ qua 
2026-07-23 05:16:09: [PP369] [AutoTrade] LUMIA → SHORT (Score: +2.6đ) tại $0.0693 
2026-07-23 05:16:09: [PP369] [AutoTrade] LUMIA SHORT có Score = 2.6đ < 6đ — bỏ qua 
2026-07-23 05:18:09: [PP369] [AutoTrade] LUMIA → SHORT (Score: +2.6đ) tại $0.0693 
2026-07-23 05:18:09: [PP369] [AutoTrade] LUMIA SHORT có Score = 2.6đ < 6đ — bỏ qua 
2026-07-23 05:18:39: [PP369] [AutoTrade] LUMIA → SHORT (Score: +2.6đ) tại $0.0693 
2026-07-23 05:18:39: [PP369] [AutoTrade] LUMIA SHORT có Score = 2.6đ < 6đ — bỏ qua 
2026-07-23 05:19:09: [PP369] [AutoTrade] LUMIA → SHORT (Score: +2.6đ) tại $0.0693 
2026-07-23 05:19:09: [PP369] [AutoTrade] LUMIA SHORT có Score = 2.6đ < 6đ — bỏ qua 
2026-07-23 05:19:52: [PP369] [Binance] Đã đồng bộ giờ: offset = 106852ms (Giờ server: 2026-07-22T22:21:39.515Z) 
2026-07-23 05:33:40: [PP369] [AutoTrade] XAI → LONG (Score: +5đ) tại $0.00698 
2026-07-23 05:33:40: [PP369] [AutoTrade] XAI LONG có Score = 5đ < 6đ — bỏ qua 
2026-07-23 05:34:09: [PP369] [AutoTrade] XAI → LONG (Score: +5đ) tại $0.00698 
2026-07-23 05:34:09: [PP369] [AutoTrade] XAI LONG có Score = 5đ < 6đ — bỏ qua 
2026-07-23 05:34:39: [PP369] [AutoTrade] RIF → SHORT (Score: +1.3đ) tại $0.06768 
2026-07-23 05:34:39: [PP369] [AutoTrade] RIF SHORT không đạt Tiêu chí 2 (Biến động H1/M15 an toàn) — bỏ qua 
2026-07-23 05:34:40: [PP369] [AutoTrade] XAI → LONG (Score: +5đ) tại $0.00698 
2026-07-23 05:34:40: [PP369] [AutoTrade] XAI LONG có Score = 5đ < 6đ — bỏ qua 
2026-07-23 05:35:09: [PP369] [AutoTrade] XAI → LONG (Score: +5đ) tại $0.00698 
2026-07-23 05:35:09: [PP369] [AutoTrade] XAI LONG có Score = 5đ < 6đ — bỏ qua 
2026-07-23 05:35:39: [PP369] [AutoTrade] XAI → LONG (Score: +5đ) tại $0.00698 
2026-07-23 05:35:39: [PP369] [AutoTrade] XAI LONG có Score = 5đ < 6đ — bỏ qua 
2026-07-23 05:36:09: [PP369] [AutoTrade] XAI → LONG (Score: +5đ) tại $0.00698 
2026-07-23 05:36:09: [PP369] [AutoTrade] XAI LONG có Score = 5đ < 6đ — bỏ qua 
2026-07-23 05:36:39: [PP369] [AutoTrade] XAI → LONG (Score: +5đ) tại $0.00698 
2026-07-23 05:36:39: [PP369] [AutoTrade] XAI LONG có Score = 5đ < 6đ — bỏ qua 
2026-07-23 05:37:09: [PP369] [AutoTrade] XAI → LONG (Score: +5đ) tại $0.00698 
2026-07-23 05:37:09: [PP369] [AutoTrade] XAI LONG có Score = 5đ < 6đ — bỏ qua 
2026-07-23 05:37:39: [PP369] [AutoTrade] XAI → LONG (Score: +5đ) tại $0.00698 
2026-07-23 05:37:39: [PP369] [AutoTrade] XAI LONG có Score = 5đ < 6đ — bỏ qua 
2026-07-23 05:38:09: [PP369] [AutoTrade] XAI → LONG (Score: +5đ) tại $0.00698 
2026-07-23 05:38:09: [PP369] [AutoTrade] XAI LONG có Score = 5đ < 6đ — bỏ qua 
2026-07-23 05:38:39: [PP369] [AutoTrade] XAI → LONG (Score: +5đ) tại $0.00698 
2026-07-23 05:38:39: [PP369] [AutoTrade] XAI LONG có Score = 5đ < 6đ — bỏ qua 
2026-07-23 05:39:09: [PP369] [AutoTrade] XAI → LONG (Score: +5đ) tại $0.00698 
2026-07-23 05:39:09: [PP369] [AutoTrade] XAI LONG có Score = 5đ < 6đ — bỏ qua 
2026-07-23 05:39:39: [PP369] [AutoTrade] XAI → LONG (Score: +5đ) tại $0.00698 
2026-07-23 05:39:39: [PP369] [AutoTrade] XAI LONG có Score = 5đ < 6đ — bỏ qua 
2026-07-23 05:40:09: [PP369] [AutoTrade] XAI → LONG (Score: +5đ) tại $0.00698 
2026-07-23 05:40:09: [PP369] [AutoTrade] XAI LONG có Score = 5đ < 6đ — bỏ qua 
2026-07-23 05:40:39: [PP369] [AutoTrade] XAI → LONG (Score: +5đ) tại $0.00698 
2026-07-23 05:40:39: [PP369] [AutoTrade] XAI LONG có Score = 5đ < 6đ — bỏ qua 
2026-07-23 05:41:09: [PP369] [AutoTrade] XAI → LONG (Score: +5đ) tại $0.00698 
2026-07-23 05:41:09: [PP369] [AutoTrade] XAI LONG có Score = 5đ < 6đ — bỏ qua 
2026-07-23 05:41:39: [PP369] [AutoTrade] XAI → LONG (Score: +5đ) tại $0.00698 
2026-07-23 05:41:39: [PP369] [AutoTrade] XAI LONG có Score = 5đ < 6đ — bỏ qua 
2026-07-23 05:42:09: [PP369] [AutoTrade] XAI → LONG (Score: +5đ) tại $0.00698 
2026-07-23 05:42:09: [PP369] [AutoTrade] XAI LONG có Score = 5đ < 6đ — bỏ qua 
2026-07-23 05:42:40: [PP369] [AutoTrade] XAI → LONG (Score: +5đ) tại $0.00698 
2026-07-23 05:42:40: [PP369] [AutoTrade] XAI LONG có Score = 5đ < 6đ — bỏ qua 
2026-07-23 05:43:09: [PP369] [AutoTrade] XAI → LONG (Score: +5đ) tại $0.00698 
2026-07-23 05:43:09: [PP369] [AutoTrade] XAI LONG có Score = 5đ < 6đ — bỏ qua 
2026-07-23 05:43:39: [PP369] [AutoTrade] XAI → LONG (Score: +5đ) tại $0.00698 
2026-07-23 05:43:39: [PP369] [AutoTrade] XAI LONG có Score = 5đ < 6đ — bỏ qua 
2026-07-23 05:44:09: [PP369] [AutoTrade] XAI → LONG (Score: +5đ) tại $0.00698 
2026-07-23 05:44:09: [PP369] [AutoTrade] XAI LONG có Score = 5đ < 6đ — bỏ qua 
2026-07-23 05:44:39: [PP369] [AutoTrade] XAI → LONG (Score: +5đ) tại $0.00698 
2026-07-23 05:44:39: [PP369] [AutoTrade] XAI LONG có Score = 5đ < 6đ — bỏ qua 
2026-07-23 05:45:09: [PP369] [AutoTrade] XAI → LONG (Score: +5đ) tại $0.00698 
2026-07-23 05:45:09: [PP369] [AutoTrade] XAI LONG có Score = 5đ < 6đ — bỏ qua 
2026-07-23 05:45:39: [PP369] [AutoTrade] XAI → LONG (Score: +5đ) tại $0.00698 
2026-07-23 05:45:39: [PP369] [AutoTrade] XAI LONG có Score = 5đ < 6đ — bỏ qua 
2026-07-23 05:46:09: [PP369] [AutoTrade] XAI → LONG (Score: +5đ) tại $0.00698 
2026-07-23 05:46:09: [PP369] [AutoTrade] XAI LONG có Score = 5đ < 6đ — bỏ qua 
2026-07-23 05:46:40: [PP369] [AutoTrade] XAI → LONG (Score: +5đ) tại $0.00698 
2026-07-23 05:46:40: [PP369] [AutoTrade] XAI LONG có Score = 5đ < 6đ — bỏ qua 
2026-07-23 05:47:09: [PP369] [AutoTrade] XAI → LONG (Score: +5đ) tại $0.00698 
2026-07-23 05:47:09: [PP369] [AutoTrade] XAI LONG có Score = 5đ < 6đ — bỏ qua 
2026-07-23 05:47:39: [PP369] [AutoTrade] XAI → LONG (Score: +5đ) tại $0.00698 
2026-07-23 05:47:39: [PP369] [AutoTrade] XAI LONG có Score = 5đ < 6đ — bỏ qua 
2026-07-23 05:48:09: [PP369] [AutoTrade] XAI → LONG (Score: +5đ) tại $0.00698 
2026-07-23 05:48:09: [PP369] [AutoTrade] XAI LONG có Score = 5đ < 6đ — bỏ qua 
2026-07-23 05:48:39: [PP369] [AutoTrade] XAI → LONG (Score: +5đ) tại $0.00698 
2026-07-23 05:48:39: [PP369] [AutoTrade] XAI LONG có Score = 5đ < 6đ — bỏ qua 
2026-07-23 05:49:09: [PP369] [AutoTrade] XAI → LONG (Score: +5đ) tại $0.00698 
2026-07-23 05:49:09: [PP369] [AutoTrade] XAI LONG có Score = 5đ < 6đ — bỏ qua 
2026-07-23 05:49:39: [PP369] [AutoTrade] XAI → LONG (Score: +5đ) tại $0.00698 
2026-07-23 05:49:39: [PP369] [AutoTrade] XAI LONG có Score = 5đ < 6đ — bỏ qua 
2026-07-23 05:49:52: [PP369] [Binance] Đã đồng bộ giờ: offset = 107027ms (Giờ server: 2026-07-22T22:51:39.709Z) 
2026-07-23 05:50:09: [PP369] [AutoTrade] XAI → LONG (Score: +5đ) tại $0.00698 
2026-07-23 05:50:09: [PP369] [AutoTrade] XAI LONG có Score = 5đ < 6đ — bỏ qua 
2026-07-23 05:50:39: [PP369] [AutoTrade] XAI → LONG (Score: +5đ) tại $0.00698 
2026-07-23 05:50:39: [PP369] [AutoTrade] XAI LONG có Score = 5đ < 6đ — bỏ qua 
2026-07-23 05:51:09: [PP369] [AutoTrade] XAI → LONG (Score: +5đ) tại $0.00698 
2026-07-23 05:51:09: [PP369] [AutoTrade] XAI LONG có Score = 5đ < 6đ — bỏ qua 
2026-07-23 05:51:39: [PP369] [AutoTrade] XAI → LONG (Score: +5đ) tại $0.00698 
2026-07-23 05:51:39: [PP369] [AutoTrade] XAI LONG có Score = 5đ < 6đ — bỏ qua 
2026-07-23 05:52:09: [PP369] [AutoTrade] XAI → LONG (Score: +5đ) tại $0.00698 
2026-07-23 05:52:09: [PP369] [AutoTrade] XAI LONG có Score = 5đ < 6đ — bỏ qua 
2026-07-23 05:52:39: [PP369] [AutoTrade] XAI → LONG (Score: +5đ) tại $0.00698 
2026-07-23 05:52:39: [PP369] [AutoTrade] XAI LONG có Score = 5đ < 6đ — bỏ qua 
2026-07-23 05:53:10: [PP369] [AutoTrade] XAI → LONG (Score: +5đ) tại $0.00698 
2026-07-23 05:53:10: [PP369] [AutoTrade] XAI LONG có Score = 5đ < 6đ — bỏ qua 
2026-07-23 05:54:39: [PP369] [AutoTrade] XAI → LONG (Score: +5đ) tại $0.00698 
2026-07-23 05:54:39: [PP369] [AutoTrade] XAI LONG có Score = 5đ < 6đ — bỏ qua 
2026-07-23 05:59:09: [PP369] [AutoTrade] XAI → LONG (Score: +5đ) tại $0.00698 
2026-07-23 05:59:09: [PP369] [AutoTrade] XAI LONG có Score = 5đ < 6đ — bỏ qua 
2026-07-23 05:59:39: [PP369] [AutoTrade] XAI → LONG (Score: +5đ) tại $0.00698 
2026-07-23 05:59:39: [PP369] [AutoTrade] XAI LONG có Score = 5đ < 6đ — bỏ qua 
2026-07-23 06:00:10: [PP369] [AutoTrade] XAI → LONG (Score: +5đ) tại $0.00698 
2026-07-23 06:00:10: [PP369] [AutoTrade] XAI LONG có Score = 5đ < 6đ — bỏ qua 
2026-07-23 06:00:39: [PP369] [AutoTrade] XAI → LONG (Score: +5đ) tại $0.00698 
2026-07-23 06:00:39: [PP369] [AutoTrade] XAI LONG có Score = 5đ < 6đ — bỏ qua 
2026-07-23 06:01:09: [PP369] [AutoTrade] XAI → LONG (Score: +5đ) tại $0.00698 
2026-07-23 06:01:09: [PP369] [AutoTrade] XAI LONG có Score = 5đ < 6đ — bỏ qua 
2026-07-23 06:01:39: [PP369] [AutoTrade] XAI → LONG (Score: +5đ) tại $0.00698 
2026-07-23 06:01:39: [PP369] [AutoTrade] XAI LONG có Score = 5đ < 6đ — bỏ qua 
2026-07-23 06:02:09: [PP369] [AutoTrade] XAI → LONG (Score: +5đ) tại $0.00698 
2026-07-23 06:02:09: [PP369] [AutoTrade] XAI LONG có Score = 5đ < 6đ — bỏ qua 
2026-07-23 06:02:39: [PP369] [AutoTrade] XAI → LONG (Score: +5đ) tại $0.00698 
2026-07-23 06:02:39: [PP369] [AutoTrade] XAI LONG có Score = 5đ < 6đ — bỏ qua 
2026-07-23 06:03:09: [PP369] [AutoTrade] XAI → LONG (Score: +5đ) tại $0.00698 
2026-07-23 06:03:09: [PP369] [AutoTrade] XAI LONG có Score = 5đ < 6đ — bỏ qua 
2026-07-23 06:03:39: [PP369] [AutoTrade] XAI → LONG (Score: +5đ) tại $0.00698 
2026-07-23 06:03:39: [PP369] [AutoTrade] XAI LONG có Score = 5đ < 6đ — bỏ qua 
2026-07-23 06:04:09: [PP369] [AutoTrade] XAI → LONG (Score: +5đ) tại $0.00698 
2026-07-23 06:04:09: [PP369] [AutoTrade] XAI LONG có Score = 5đ < 6đ — bỏ qua 
2026-07-23 06:04:39: [PP369] [AutoTrade] XAI → LONG (Score: +5đ) tại $0.00698 
2026-07-23 06:04:39: [PP369] [AutoTrade] XAI LONG có Score = 5đ < 6đ — bỏ qua 
2026-07-23 06:05:09: [PP369] [AutoTrade] XAI → LONG (Score: +5đ) tại $0.00698 
2026-07-23 06:05:09: [PP369] [AutoTrade] XAI LONG có Score = 5đ < 6đ — bỏ qua 
2026-07-23 06:05:39: [PP369] [AutoTrade] XAI → LONG (Score: +5đ) tại $0.00698 
2026-07-23 06:05:39: [PP369] [AutoTrade] XAI LONG có Score = 5đ < 6đ — bỏ qua 
2026-07-23 06:07:09: [PP369] [AutoTrade] XAI → LONG (Score: +5đ) tại $0.00698 
2026-07-23 06:07:09: [PP369] [AutoTrade] XAI LONG có Score = 5đ < 6đ — bỏ qua 
2026-07-23 06:10:09: [PP369] [AutoTrade] XAI → LONG (Score: +5đ) tại $0.00698 
2026-07-23 06:10:09: [PP369] [AutoTrade] XAI LONG có Score = 5đ < 6đ — bỏ qua 
2026-07-23 06:10:39: [PP369] [AutoTrade] XAI → LONG (Score: +5đ) tại $0.00698 
2026-07-23 06:10:39: [PP369] [AutoTrade] XAI LONG có Score = 5đ < 6đ — bỏ qua 
2026-07-23 06:11:09: [PP369] [AutoTrade] XAI → LONG (Score: +5đ) tại $0.00698 
2026-07-23 06:11:09: [PP369] [AutoTrade] XAI LONG có Score = 5đ < 6đ — bỏ qua 
2026-07-23 06:11:39: [PP369] [AutoTrade] XAI → LONG (Score: +5đ) tại $0.00698 
2026-07-23 06:11:39: [PP369] [AutoTrade] XAI LONG có Score = 5đ < 6đ — bỏ qua 
2026-07-23 06:13:11: [PP369] [AutoTrade] XNY → SHORT (Score: +4.1đ) tại $0.006797 
2026-07-23 06:13:11: [PP369] [AutoTrade] XNY SHORT có Score = 4.1đ < 6đ — bỏ qua 
2026-07-23 06:13:39: [PP369] [AutoTrade] XNY → SHORT (Score: +4.1đ) tại $0.006797 
2026-07-23 06:13:39: [PP369] [AutoTrade] XNY SHORT có Score = 4.1đ < 6đ — bỏ qua 
2026-07-23 06:14:09: [PP369] [AutoTrade] XNY → SHORT (Score: +4.1đ) tại $0.006797 
2026-07-23 06:14:09: [PP369] [AutoTrade] XNY SHORT có Score = 4.1đ < 6đ — bỏ qua 
2026-07-23 06:14:39: [PP369] [AutoTrade] XNY → SHORT (Score: +4.1đ) tại $0.006797 
2026-07-23 06:14:39: [PP369] [AutoTrade] XNY SHORT có Score = 4.1đ < 6đ — bỏ qua 
2026-07-23 06:15:09: [PP369] [AutoTrade] XNY → SHORT (Score: +4.1đ) tại $0.006797 
2026-07-23 06:15:09: [PP369] [AutoTrade] XNY SHORT có Score = 4.1đ < 6đ — bỏ qua 
2026-07-23 06:15:39: [PP369] [AutoTrade] XNY → SHORT (Score: +4.1đ) tại $0.006797 
2026-07-23 06:15:39: [PP369] [AutoTrade] XNY SHORT có Score = 4.1đ < 6đ — bỏ qua 
2026-07-23 06:19:40: [PP369] [AutoTrade] RIF → SHORT (Score: +1.6đ) tại $0.06768 
2026-07-23 06:19:40: [PP369] [AutoTrade] RIF SHORT không đạt Tiêu chí 2 (Biến động H1/M15 an toàn) — bỏ qua 
2026-07-23 06:19:52: [PP369] [Binance] Đã đồng bộ giờ: offset = 107202ms (Giờ server: 2026-07-22T23:21:39.859Z) 
2026-07-23 06:49:52: [PP369] [Binance] Đã đồng bộ giờ: offset = 107378ms (Giờ server: 2026-07-22T23:51:40.045Z) 
2026-07-23 06:55:40: [PP369] [AutoTrade] LUMIA → SHORT (Score: +2.8đ) tại $0.0693 
2026-07-23 06:55:40: [PP369] [AutoTrade] LUMIA SHORT có Score = 2.8đ < 6đ — bỏ qua 
2026-07-23 06:56:09: [PP369] [AutoTrade] LUMIA → SHORT (Score: +2.8đ) tại $0.0693 
2026-07-23 06:56:09: [PP369] [AutoTrade] LUMIA SHORT có Score = 2.8đ < 6đ — bỏ qua 
2026-07-23 06:57:39: [PP369] [AutoTrade] LUMIA → SHORT (Score: +2.8đ) tại $0.0693 
2026-07-23 06:57:39: [PP369] [AutoTrade] LUMIA SHORT có Score = 2.8đ < 6đ — bỏ qua 
2026-07-23 06:58:09: [PP369] [AutoTrade] LUMIA → SHORT (Score: +2.8đ) tại $0.0693 
2026-07-23 06:58:09: [PP369] [AutoTrade] LUMIA SHORT có Score = 2.8đ < 6đ — bỏ qua 
2026-07-23 07:00:41: [PP369] [AutoTrade] HOLO → LONG (Score: +4.6đ) tại $0.06569 
2026-07-23 07:00:41: [PP369] [AutoTrade] HOLO LONG có Score = 4.6đ < 6đ — bỏ qua 
2026-07-23 07:04:10: [PP369] [AutoTrade] SKL → LONG (Score: +5.2đ) tại $0.00381 
2026-07-23 07:04:10: [PP369] [AutoTrade] SKL LONG có Score = 5.2đ < 6đ — bỏ qua 
2026-07-23 07:04:39: [PP369] [AutoTrade] SKL → LONG (Score: +5.2đ) tại $0.00381 
2026-07-23 07:04:39: [PP369] [AutoTrade] SKL LONG có Score = 5.2đ < 6đ — bỏ qua 
2026-07-23 07:05:09: [PP369] [AutoTrade] SKL → LONG (Score: +5.2đ) tại $0.00381 
2026-07-23 07:05:09: [PP369] [AutoTrade] SKL LONG có Score = 5.2đ < 6đ — bỏ qua 
2026-07-23 07:05:39: [PP369] [AutoTrade] SKL → LONG (Score: +5.2đ) tại $0.00381 
2026-07-23 07:05:39: [PP369] [AutoTrade] SKL LONG có Score = 5.2đ < 6đ — bỏ qua 
2026-07-23 07:06:09: [PP369] [AutoTrade] SKL → LONG (Score: +5.2đ) tại $0.00381 
2026-07-23 07:06:09: [PP369] [AutoTrade] SKL LONG có Score = 5.2đ < 6đ — bỏ qua 
2026-07-23 07:06:39: [PP369] [AutoTrade] SKL → LONG (Score: +5.2đ) tại $0.00381 
2026-07-23 07:06:39: [PP369] [AutoTrade] SKL LONG có Score = 5.2đ < 6đ — bỏ qua 
2026-07-23 07:07:09: [PP369] [AutoTrade] SKL → LONG (Score: +5.2đ) tại $0.00381 
2026-07-23 07:07:09: [PP369] [AutoTrade] SKL LONG có Score = 5.2đ < 6đ — bỏ qua 
2026-07-23 07:07:11: [PP369] [AutoTrade] 1000XEC → LONG (Score: +4.8999999999999995đ) tại $0.00753 
2026-07-23 07:07:11: [PP369] [AutoTrade] 1000XEC LONG có Score = 4.8999999999999995đ < 6đ — bỏ qua 
2026-07-23 07:07:39: [PP369] [AutoTrade] SKL → LONG (Score: +5.2đ) tại $0.00381 
2026-07-23 07:07:39: [PP369] [AutoTrade] SKL LONG có Score = 5.2đ < 6đ — bỏ qua 
2026-07-23 07:08:09: [PP369] [AutoTrade] SKL → LONG (Score: +5.2đ) tại $0.00381 
2026-07-23 07:08:09: [PP369] [AutoTrade] SKL LONG có Score = 5.2đ < 6đ — bỏ qua 
2026-07-23 07:08:39: [PP369] [AutoTrade] SKL → LONG (Score: +5.2đ) tại $0.00381 
2026-07-23 07:08:39: [PP369] [AutoTrade] SKL LONG có Score = 5.2đ < 6đ — bỏ qua 
2026-07-23 07:09:09: [PP369] [AutoTrade] SKL → LONG (Score: +5.2đ) tại $0.00381 
2026-07-23 07:09:09: [PP369] [AutoTrade] SKL LONG có Score = 5.2đ < 6đ — bỏ qua 
2026-07-23 07:09:39: [PP369] [AutoTrade] SKL → LONG (Score: +5.7đ) tại $0.00381 
2026-07-23 07:09:39: [PP369] [AutoTrade] SKL LONG có Score = 5.7đ < 6đ — bỏ qua 
2026-07-23 07:10:09: [PP369] [AutoTrade] SKL → LONG (Score: +5.7đ) tại $0.00381 
2026-07-23 07:10:09: [PP369] [AutoTrade] SKL LONG có Score = 5.7đ < 6đ — bỏ qua 
2026-07-23 07:10:39: [PP369] [AutoTrade] SKL → LONG (Score: +5.7đ) tại $0.00381 
2026-07-23 07:10:39: [PP369] [AutoTrade] SKL LONG có Score = 5.7đ < 6đ — bỏ qua 
2026-07-23 07:11:09: [PP369] [AutoTrade] SKL → LONG (Score: +5.7đ) tại $0.00381 
2026-07-23 07:11:09: [PP369] [AutoTrade] SKL LONG có Score = 5.7đ < 6đ — bỏ qua 
2026-07-23 07:11:39: [PP369] [AutoTrade] SKL → LONG (Score: +5.7đ) tại $0.00381 
2026-07-23 07:11:39: [PP369] [AutoTrade] SKL LONG có Score = 5.7đ < 6đ — bỏ qua 
2026-07-23 07:12:09: [PP369] [AutoTrade] SKL → LONG (Score: +5.7đ) tại $0.00381 
2026-07-23 07:12:09: [PP369] [AutoTrade] SKL LONG có Score = 5.7đ < 6đ — bỏ qua 
2026-07-23 07:12:39: [PP369] [AutoTrade] SKL → LONG (Score: +5.7đ) tại $0.00381 
2026-07-23 07:12:39: [PP369] [AutoTrade] SKL LONG có Score = 5.7đ < 6đ — bỏ qua 
2026-07-23 07:13:39: [PP369] [AutoTrade] SKL → LONG (Score: +5.7đ) tại $0.00381 
2026-07-23 07:13:39: [PP369] [AutoTrade] SKL LONG có Score = 5.7đ < 6đ — bỏ qua 
2026-07-23 07:14:09: [PP369] [AutoTrade] SKL → LONG (Score: +5.7đ) tại $0.00381 
2026-07-23 07:14:09: [PP369] [AutoTrade] SKL LONG có Score = 5.7đ < 6đ — bỏ qua 
2026-07-23 07:14:11: [PP369] [AutoTrade] B2 → LONG (Score: +3.1999999999999997đ) tại $0.4299 
2026-07-23 07:14:11: [PP369] [AutoTrade] B2 LONG không đạt Tiêu chí 2 (Biến động H1/M15 an toàn) — bỏ qua 
2026-07-23 07:14:39: [PP369] [AutoTrade] SKL → LONG (Score: +5.7đ) tại $0.00381 
2026-07-23 07:14:39: [PP369] [AutoTrade] SKL LONG có Score = 5.7đ < 6đ — bỏ qua 
2026-07-23 07:15:09: [PP369] [AutoTrade] SKL → LONG (Score: +5.7đ) tại $0.00381 
2026-07-23 07:15:09: [PP369] [AutoTrade] SKL LONG có Score = 5.7đ < 6đ — bỏ qua 
2026-07-23 07:15:40: [PP369] [AutoTrade] SKL → LONG (Score: +5.7đ) tại $0.00381 
2026-07-23 07:15:40: [PP369] [AutoTrade] SKL LONG có Score = 5.7đ < 6đ — bỏ qua 
2026-07-23 07:16:09: [PP369] [AutoTrade] SKL → LONG (Score: +5.7đ) tại $0.00381 
2026-07-23 07:16:09: [PP369] [AutoTrade] SKL LONG có Score = 5.7đ < 6đ — bỏ qua 
2026-07-23 07:16:39: [PP369] [AutoTrade] SKL → LONG (Score: +5.7đ) tại $0.00381 
2026-07-23 07:16:39: [PP369] [AutoTrade] SKL LONG có Score = 5.7đ < 6đ — bỏ qua 
2026-07-23 07:17:09: [PP369] [AutoTrade] SKL → LONG (Score: +5.7đ) tại $0.00381 
2026-07-23 07:17:09: [PP369] [AutoTrade] SKL LONG có Score = 5.7đ < 6đ — bỏ qua 
2026-07-23 07:17:39: [PP369] [AutoTrade] SKL → LONG (Score: +5.7đ) tại $0.00381 
2026-07-23 07:17:39: [PP369] [AutoTrade] SKL LONG có Score = 5.7đ < 6đ — bỏ qua 
2026-07-23 07:18:09: [PP369] [AutoTrade] SKL → LONG (Score: +5.7đ) tại $0.00381 
2026-07-23 07:18:09: [PP369] [AutoTrade] SKL LONG có Score = 5.7đ < 6đ — bỏ qua 
2026-07-23 07:18:39: [PP369] [AutoTrade] SKL → LONG (Score: +5.7đ) tại $0.00381 
2026-07-23 07:18:39: [PP369] [AutoTrade] SKL LONG có Score = 5.7đ < 6đ — bỏ qua 
2026-07-23 07:19:09: [PP369] [AutoTrade] SKL → LONG (Score: +5.7đ) tại $0.00381 
2026-07-23 07:19:09: [PP369] [AutoTrade] SKL LONG có Score = 5.7đ < 6đ — bỏ qua 
2026-07-23 07:19:39: [PP369] [AutoTrade] SKL → LONG (Score: +5.7đ) tại $0.00381 
2026-07-23 07:19:39: [PP369] [AutoTrade] SKL LONG có Score = 5.7đ < 6đ — bỏ qua 
2026-07-23 07:19:52: [PP369] [Binance] Đã đồng bộ giờ: offset = 107552ms (Giờ server: 2026-07-23T00:21:40.222Z) 
2026-07-23 07:20:09: [PP369] [AutoTrade] SKL → LONG (Score: +5.7đ) tại $0.00381 
2026-07-23 07:20:09: [PP369] [AutoTrade] SKL LONG có Score = 5.7đ < 6đ — bỏ qua 
2026-07-23 07:20:39: [PP369] [AutoTrade] SKL → LONG (Score: +5.7đ) tại $0.00381 
2026-07-23 07:20:39: [PP369] [AutoTrade] SKL LONG có Score = 5.7đ < 6đ — bỏ qua 
2026-07-23 07:21:09: [PP369] [AutoTrade] SKL → LONG (Score: +5.7đ) tại $0.00381 
2026-07-23 07:21:09: [PP369] [AutoTrade] SKL LONG có Score = 5.7đ < 6đ — bỏ qua 
2026-07-23 07:21:39: [PP369] [AutoTrade] SKL → LONG (Score: +5.7đ) tại $0.00381 
2026-07-23 07:21:39: [PP369] [AutoTrade] SKL LONG có Score = 5.7đ < 6đ — bỏ qua 
2026-07-23 07:22:09: [PP369] [AutoTrade] SKL → LONG (Score: +5.7đ) tại $0.00381 
2026-07-23 07:22:09: [PP369] [AutoTrade] SKL LONG có Score = 5.7đ < 6đ — bỏ qua 
2026-07-23 07:23:09: [PP369] [AutoTrade] B2 → SHORT (Score: +2.6đ) tại $0.4572 
2026-07-23 07:23:09: [PP369] [AutoTrade] B2 SHORT không đạt Tiêu chí 2 (Biến động H1/M15 an toàn) — bỏ qua 
2026-07-23 07:26:10: [PP369] [AutoTrade] LUMIA → SHORT (Score: +3.1đ) tại $0.0693 
2026-07-23 07:26:10: [PP369] [AutoTrade] LUMIA SHORT có Score = 3.1đ < 6đ — bỏ qua 
2026-07-23 07:29:09: [PP369] [AutoTrade] SKL → LONG (Score: +5.7đ) tại $0.00381 
2026-07-23 07:29:09: [PP369] [AutoTrade] SKL LONG có Score = 5.7đ < 6đ — bỏ qua 
2026-07-23 07:29:10: [PP369] [AutoTrade] LUMIA → SHORT (Score: +3.1đ) tại $0.0693 
2026-07-23 07:29:10: [PP369] [AutoTrade] LUMIA SHORT có Score = 3.1đ < 6đ — bỏ qua 
2026-07-23 07:29:39: [PP369] [AutoTrade] SKL → LONG (Score: +5.7đ) tại $0.00381 
2026-07-23 07:29:39: [PP369] [AutoTrade] SKL LONG có Score = 5.7đ < 6đ — bỏ qua 
2026-07-23 07:30:09: [PP369] [AutoTrade] LUMIA → SHORT (Score: +3.1đ) tại $0.0693 
2026-07-23 07:30:09: [PP369] [AutoTrade] LUMIA SHORT có Score = 3.1đ < 6đ — bỏ qua 
2026-07-23 07:30:39: [PP369] [AutoTrade] SKL → LONG (Score: +5.7đ) tại $0.00381 
2026-07-23 07:30:39: [PP369] [AutoTrade] SKL LONG có Score = 5.7đ < 6đ — bỏ qua 
2026-07-23 07:30:40: [PP369] [AutoTrade] LUMIA → SHORT (Score: +3.1đ) tại $0.0693 
2026-07-23 07:30:40: [PP369] [AutoTrade] LUMIA SHORT có Score = 3.1đ < 6đ — bỏ qua 
2026-07-23 07:31:09: [PP369] [AutoTrade] SKL → LONG (Score: +5.7đ) tại $0.00381 
2026-07-23 07:31:09: [PP369] [AutoTrade] SKL LONG có Score = 5.7đ < 6đ — bỏ qua 
2026-07-23 07:31:10: [PP369] [AutoTrade] LUMIA → SHORT (Score: +3.1đ) tại $0.0693 
2026-07-23 07:31:10: [PP369] [AutoTrade] LUMIA SHORT có Score = 3.1đ < 6đ — bỏ qua 
2026-07-23 07:41:39: [PP369] [AutoTrade] SKL → LONG (Score: +5.7đ) tại $0.00381 
2026-07-23 07:41:39: [PP369] [AutoTrade] SKL LONG có Score = 5.7đ < 6đ — bỏ qua 
2026-07-23 07:42:09: [PP369] [AutoTrade] SKL → LONG (Score: +5.7đ) tại $0.00381 
2026-07-23 07:42:09: [PP369] [AutoTrade] SKL LONG có Score = 5.7đ < 6đ — bỏ qua 
2026-07-23 07:42:39: [PP369] [AutoTrade] SKL → LONG (Score: +5.7đ) tại $0.00381 
2026-07-23 07:42:39: [PP369] [AutoTrade] SKL LONG có Score = 5.7đ < 6đ — bỏ qua 
2026-07-23 07:43:09: [PP369] [AutoTrade] SKL → LONG (Score: +5.7đ) tại $0.00381 
2026-07-23 07:43:09: [PP369] [AutoTrade] SKL LONG có Score = 5.7đ < 6đ — bỏ qua 
2026-07-23 07:43:39: [PP369] [AutoTrade] SKL → LONG (Score: +5.7đ) tại $0.00381 
2026-07-23 07:43:39: [PP369] [AutoTrade] SKL LONG có Score = 5.7đ < 6đ — bỏ qua 
2026-07-23 07:45:39: [PP369] [AutoTrade] SKL → LONG (Score: +5.7đ) tại $0.00381 
2026-07-23 07:45:39: [PP369] [AutoTrade] SKL LONG có Score = 5.7đ < 6đ — bỏ qua 
2026-07-23 07:46:09: [PP369] [AutoTrade] SKL → LONG (Score: +5.7đ) tại $0.00381 
2026-07-23 07:46:09: [PP369] [AutoTrade] SKL LONG có Score = 5.7đ < 6đ — bỏ qua 
2026-07-23 07:46:39: [PP369] [AutoTrade] SKL → LONG (Score: +5.7đ) tại $0.00381 
2026-07-23 07:46:39: [PP369] [AutoTrade] SKL LONG có Score = 5.7đ < 6đ — bỏ qua 
2026-07-23 07:47:09: [PP369] [AutoTrade] SKL → LONG (Score: +5.7đ) tại $0.00381 
2026-07-23 07:47:09: [PP369] [AutoTrade] SKL LONG có Score = 5.7đ < 6đ — bỏ qua 
2026-07-23 07:47:39: [PP369] [AutoTrade] SKL → LONG (Score: +5.7đ) tại $0.00381 
2026-07-23 07:47:39: [PP369] [AutoTrade] SKL LONG có Score = 5.7đ < 6đ — bỏ qua 
2026-07-23 07:48:09: [PP369] [AutoTrade] SKL → LONG (Score: +5.7đ) tại $0.00381 
2026-07-23 07:48:09: [PP369] [AutoTrade] SKL LONG có Score = 5.7đ < 6đ — bỏ qua 
2026-07-23 07:48:11: [PP369] [AutoTrade] MEME → SHORT (Score: +4.199999999999999đ) tại $0.000537 
2026-07-23 07:48:11: [PP369] [AutoTrade] MEME SHORT có Score = 4.199999999999999đ < 6đ — bỏ qua 
2026-07-23 07:48:39: [PP369] [AutoTrade] SKL → LONG (Score: +5.7đ) tại $0.00381 
2026-07-23 07:48:39: [PP369] [AutoTrade] SKL LONG có Score = 5.7đ < 6đ — bỏ qua 
2026-07-23 07:49:09: [PP369] [AutoTrade] SKL → LONG (Score: +5.7đ) tại $0.00381 
2026-07-23 07:49:09: [PP369] [AutoTrade] SKL LONG có Score = 5.7đ < 6đ — bỏ qua 
2026-07-23 07:49:39: [PP369] [AutoTrade] SKL → LONG (Score: +5.7đ) tại $0.00381 
2026-07-23 07:49:39: [PP369] [AutoTrade] SKL LONG có Score = 5.7đ < 6đ — bỏ qua 
2026-07-23 07:49:52: [PP369] [Binance] Đã đồng bộ giờ: offset = 107727ms (Giờ server: 2026-07-23T00:51:40.388Z) 
2026-07-23 07:49:54: [PP369] [AutoTrade] [CoinRefresh] Tái kiểm tra danh sách: 451 → 451 coin hợp lệ theo giá hiện tại. 
2026-07-23 07:50:09: [PP369] [AutoTrade] MEME → SHORT (Score: +4.199999999999999đ) tại $0.000537 
2026-07-23 07:50:09: [PP369] [AutoTrade] MEME SHORT có Score = 4.199999999999999đ < 6đ — bỏ qua 
2026-07-23 07:50:39: [PP369] [AutoTrade] MEME → SHORT (Score: +4.199999999999999đ) tại $0.000537 
2026-07-23 07:50:39: [PP369] [AutoTrade] MEME SHORT có Score = 4.199999999999999đ < 6đ — bỏ qua 
2026-07-23 07:51:09: [PP369] [AutoTrade] MEME → SHORT (Score: +4.199999999999999đ) tại $0.000537 
2026-07-23 07:51:09: [PP369] [AutoTrade] MEME SHORT có Score = 4.199999999999999đ < 6đ — bỏ qua 
2026-07-23 07:51:39: [PP369] [AutoTrade] MEME → SHORT (Score: +4.199999999999999đ) tại $0.000537 
2026-07-23 07:51:39: [PP369] [AutoTrade] MEME SHORT có Score = 4.199999999999999đ < 6đ — bỏ qua 
2026-07-23 07:52:09: [PP369] [AutoTrade] MEME → SHORT (Score: +4.199999999999999đ) tại $0.000537 
2026-07-23 07:52:09: [PP369] [AutoTrade] MEME SHORT có Score = 4.199999999999999đ < 6đ — bỏ qua 
2026-07-23 07:52:39: [PP369] [AutoTrade] MEME → SHORT (Score: +4.199999999999999đ) tại $0.000537 
2026-07-23 07:52:39: [PP369] [AutoTrade] MEME SHORT có Score = 4.199999999999999đ < 6đ — bỏ qua 
2026-07-23 07:53:09: [PP369] [AutoTrade] SKL → LONG (Score: +5.7đ) tại $0.00381 
2026-07-23 07:53:09: [PP369] [AutoTrade] SKL LONG có Score = 5.7đ < 6đ — bỏ qua 
2026-07-23 07:53:10: [PP369] [AutoTrade] MEME → SHORT (Score: +4.199999999999999đ) tại $0.000537 
2026-07-23 07:53:10: [PP369] [AutoTrade] MEME SHORT có Score = 4.199999999999999đ < 6đ — bỏ qua 
2026-07-23 07:53:39: [PP369] [AutoTrade] SKL → LONG (Score: +5.7đ) tại $0.00381 
2026-07-23 07:53:39: [PP369] [AutoTrade] SKL LONG có Score = 5.7đ < 6đ — bỏ qua 
2026-07-23 07:53:40: [PP369] [AutoTrade] MEME → SHORT (Score: +4.199999999999999đ) tại $0.000537 
2026-07-23 07:53:40: [PP369] [AutoTrade] MEME SHORT có Score = 4.199999999999999đ < 6đ — bỏ qua 
2026-07-23 07:54:09: [PP369] [AutoTrade] SKL → LONG (Score: +5.7đ) tại $0.00381 
2026-07-23 07:54:09: [PP369] [AutoTrade] SKL LONG có Score = 5.7đ < 6đ — bỏ qua 
2026-07-23 07:54:10: [PP369] [AutoTrade] MEME → SHORT (Score: +4.199999999999999đ) tại $0.000537 
2026-07-23 07:54:10: [PP369] [AutoTrade] MEME SHORT có Score = 4.199999999999999đ < 6đ — bỏ qua 
2026-07-23 07:54:39: [PP369] [AutoTrade] SKL → LONG (Score: +5.7đ) tại $0.00381 
2026-07-23 07:54:39: [PP369] [AutoTrade] SKL LONG có Score = 5.7đ < 6đ — bỏ qua 
2026-07-23 07:54:40: [PP369] [AutoTrade] MEME → SHORT (Score: +4.199999999999999đ) tại $0.000537 
2026-07-23 07:54:40: [PP369] [AutoTrade] MEME SHORT có Score = 4.199999999999999đ < 6đ — bỏ qua 
2026-07-23 07:55:09: [PP369] [AutoTrade] SKL → LONG (Score: +5.7đ) tại $0.00381 
2026-07-23 07:55:09: [PP369] [AutoTrade] SKL LONG có Score = 5.7đ < 6đ — bỏ qua 
2026-07-23 07:55:10: [PP369] [AutoTrade] MEME → SHORT (Score: +4.199999999999999đ) tại $0.000537 
2026-07-23 07:55:10: [PP369] [AutoTrade] MEME SHORT có Score = 4.199999999999999đ < 6đ — bỏ qua 
2026-07-23 07:55:39: [PP369] [AutoTrade] SKL → LONG (Score: +5.7đ) tại $0.00381 
2026-07-23 07:55:39: [PP369] [AutoTrade] SKL LONG có Score = 5.7đ < 6đ — bỏ qua 
2026-07-23 07:55:40: [PP369] [AutoTrade] MEME → SHORT (Score: +4.199999999999999đ) tại $0.000537 
2026-07-23 07:55:40: [PP369] [AutoTrade] MEME SHORT có Score = 4.199999999999999đ < 6đ — bỏ qua 
2026-07-23 07:56:09: [PP369] [AutoTrade] SKL → LONG (Score: +5.7đ) tại $0.00381 
2026-07-23 07:56:09: [PP369] [AutoTrade] SKL LONG có Score = 5.7đ < 6đ — bỏ qua 
2026-07-23 07:56:10: [PP369] [AutoTrade] MEME → SHORT (Score: +4.199999999999999đ) tại $0.000537 
2026-07-23 07:56:10: [PP369] [AutoTrade] MEME SHORT có Score = 4.199999999999999đ < 6đ — bỏ qua 
2026-07-23 07:56:39: [PP369] [AutoTrade] MEME → SHORT (Score: +4.199999999999999đ) tại $0.000537 
2026-07-23 07:56:39: [PP369] [AutoTrade] MEME SHORT có Score = 4.199999999999999đ < 6đ — bỏ qua 
2026-07-23 07:57:09: [PP369] [AutoTrade] MEME → SHORT (Score: +4.199999999999999đ) tại $0.000537 
2026-07-23 07:57:09: [PP369] [AutoTrade] MEME SHORT có Score = 4.199999999999999đ < 6đ — bỏ qua 
2026-07-23 07:58:39: [PP369] [AutoTrade] SKL → LONG (Score: +5.7đ) tại $0.00381 
2026-07-23 07:58:39: [PP369] [AutoTrade] SKL LONG có Score = 5.7đ < 6đ — bỏ qua 
2026-07-23 07:59:39: [PP369] [AutoTrade] SKL → LONG (Score: +5.7đ) tại $0.00381 
2026-07-23 07:59:39: [PP369] [AutoTrade] SKL LONG có Score = 5.7đ < 6đ — bỏ qua 
2026-07-23 08:00:10: [PP369] [AutoTrade] SKL → LONG (Score: +5.7đ) tại $0.00381 
2026-07-23 08:00:10: [PP369] [AutoTrade] SKL LONG có Score = 5.7đ < 6đ — bỏ qua 
2026-07-23 08:05:10: [PP369] [AutoTrade] KERNEL → SHORT (Score: +4.3đ) tại $0.03574 
2026-07-23 08:05:10: [PP369] [AutoTrade] KERNEL SHORT có Score = 4.3đ < 6đ — bỏ qua 
2026-07-23 08:19:52: [PP369] [Binance] Đã đồng bộ giờ: offset = 107903ms (Giờ server: 2026-07-23T01:21:40.585Z) 
2026-07-23 08:49:52: [PP369] [Binance] Đã đồng bộ giờ: offset = 108078ms (Giờ server: 2026-07-23T01:51:40.759Z) 
2026-07-23 09:03:41: [PP369] [AutoTrade] INJ → LONG (Score: +4.1đ) tại $5.098 
2026-07-23 09:03:41: [PP369] [AutoTrade] INJ LONG có Score = 4.1đ < 6đ — bỏ qua 
2026-07-23 09:04:09: [PP369] [AutoTrade] INJ → LONG (Score: +4.1đ) tại $5.098 
2026-07-23 09:04:09: [PP369] [AutoTrade] INJ LONG có Score = 4.1đ < 6đ — bỏ qua 
2026-07-23 09:04:39: [PP369] [AutoTrade] INJ → LONG (Score: +4.1đ) tại $5.098 
2026-07-23 09:04:39: [PP369] [AutoTrade] INJ LONG có Score = 4.1đ < 6đ — bỏ qua 
2026-07-23 09:05:09: [PP369] [AutoTrade] INJ → LONG (Score: +4.1đ) tại $5.098 
2026-07-23 09:05:09: [PP369] [AutoTrade] INJ LONG có Score = 4.1đ < 6đ — bỏ qua 
2026-07-23 09:05:39: [PP369] [AutoTrade] INJ → LONG (Score: +4.1đ) tại $5.098 
2026-07-23 09:05:39: [PP369] [AutoTrade] INJ LONG có Score = 4.1đ < 6đ — bỏ qua 
2026-07-23 09:06:09: [PP369] [AutoTrade] INJ → LONG (Score: +4.1đ) tại $5.098 
2026-07-23 09:06:09: [PP369] [AutoTrade] INJ LONG có Score = 4.1đ < 6đ — bỏ qua 
2026-07-23 09:09:39: [PP369] [AutoTrade] INJ → LONG (Score: +4.1đ) tại $5.098 
2026-07-23 09:09:39: [PP369] [AutoTrade] INJ LONG có Score = 4.1đ < 6đ — bỏ qua 
2026-07-23 09:10:09: [PP369] [AutoTrade] INJ → LONG (Score: +4.1đ) tại $5.098 
2026-07-23 09:10:09: [PP369] [AutoTrade] INJ LONG có Score = 4.1đ < 6đ — bỏ qua 
2026-07-23 09:10:39: [PP369] [AutoTrade] INJ → LONG (Score: +4.1đ) tại $5.098 
2026-07-23 09:10:39: [PP369] [AutoTrade] INJ LONG có Score = 4.1đ < 6đ — bỏ qua 
2026-07-23 09:11:09: [PP369] [AutoTrade] INJ → LONG (Score: +4.1đ) tại $5.098 
2026-07-23 09:11:09: [PP369] [AutoTrade] INJ LONG có Score = 4.1đ < 6đ — bỏ qua 
2026-07-23 09:11:10: [PP369] [AutoTrade] RIF → SHORT (Score: +2.4000000000000004đ) tại $0.07668 
2026-07-23 09:11:10: [PP369] [AutoTrade] RIF SHORT không đạt Tiêu chí 2 (Biến động H1/M15 an toàn) — bỏ qua 
2026-07-23 09:11:39: [PP369] [AutoTrade] INJ → LONG (Score: +4.1đ) tại $5.098 
2026-07-23 09:11:39: [PP369] [AutoTrade] INJ LONG có Score = 4.1đ < 6đ — bỏ qua 
2026-07-23 09:12:09: [PP369] [AutoTrade] INJ → LONG (Score: +4.1đ) tại $5.098 
2026-07-23 09:12:09: [PP369] [AutoTrade] INJ LONG có Score = 4.1đ < 6đ — bỏ qua 
2026-07-23 09:12:39: [PP369] [AutoTrade] INJ → LONG (Score: +4.1đ) tại $5.098 
2026-07-23 09:12:39: [PP369] [AutoTrade] INJ LONG có Score = 4.1đ < 6đ — bỏ qua 
2026-07-23 09:13:09: [PP369] [AutoTrade] INJ → LONG (Score: +4.1đ) tại $5.098 
2026-07-23 09:13:09: [PP369] [AutoTrade] INJ LONG có Score = 4.1đ < 6đ — bỏ qua 
2026-07-23 09:13:39: [PP369] [AutoTrade] INJ → LONG (Score: +4.1đ) tại $5.098 
2026-07-23 09:13:39: [PP369] [AutoTrade] INJ LONG có Score = 4.1đ < 6đ — bỏ qua 
2026-07-23 09:14:09: [PP369] [AutoTrade] INJ → LONG (Score: +4.1đ) tại $5.098 
2026-07-23 09:14:09: [PP369] [AutoTrade] INJ LONG có Score = 4.1đ < 6đ — bỏ qua 
2026-07-23 09:19:52: [PP369] [Binance] Đã đồng bộ giờ: offset = 108253ms (Giờ server: 2026-07-23T02:21:40.960Z) 
2026-07-23 09:23:10: [PP369] [AutoTrade] JTO → LONG (Score: +6.699999999999999đ) tại $0.6014 
2026-07-23 09:23:10: [PP369] [AutoTrade] Set leverage JTOUSDT = 10x (Lưới: 4.94% → tính được 10x, giới hạn: 75x | Ký quỹ mục tiêu: $10) 
2026-07-23 09:23:11: [PP369] [AutoTrade] ✓ JTO BUY 166 @ $0.6014 orderId=8623659291 status=NEW 
2026-07-23 09:24:07: [PP369] [AutoTrade] [ReturnCancel] SOPH LONG: entry=$0.004598, max=$0.004689 (+1.98%), current=$0.004605 (về 0.15% trên entry) → Hủy LIMIT stale 
2026-07-23 09:24:11: [PP369] [AutoTrade] [ReturnCancel] SOPH LONG: entry=$0.004598, max=$0.004689 (+1.98%), current=$0.004605 (về 0.15% trên entry) → Hủy LIMIT stale 
2026-07-23 09:24:14: [PP369] [AutoTrade] [ReturnCancel] SOPH LONG: entry=$0.004598, max=$0.004689 (+1.98%), current=$0.004605 (về 0.14% trên entry) → Hủy LIMIT stale 
2026-07-23 09:24:17: [PP369] [AutoTrade] [ReturnCancel] SOPH LONG: entry=$0.004598, max=$0.004689 (+1.98%), current=$0.004605 (về 0.14% trên entry) → Hủy LIMIT stale 
2026-07-23 09:24:20: [PP369] [AutoTrade] [ReturnCancel] SOPH LONG: entry=$0.004598, max=$0.004689 (+1.98%), current=$0.004605 (về 0.14% trên entry) → Hủy LIMIT stale 
2026-07-23 09:24:23: [PP369] [AutoTrade] [ReturnCancel] SOPH LONG: entry=$0.004598, max=$0.004689 (+1.98%), current=$0.004605 (về 0.14% trên entry) → Hủy LIMIT stale 
2026-07-23 09:24:26: [PP369] [AutoTrade] [ReturnCancel] SOPH LONG: entry=$0.004598, max=$0.004689 (+1.98%), current=$0.004605 (về 0.14% trên entry) → Hủy LIMIT stale 
2026-07-23 09:25:11: [PP369] [AutoTrade] [ReturnCancel] SOPH LONG: entry=$0.004598, max=$0.004689 (+1.98%), current=$0.004604 (về 0.13% trên entry) → Hủy LIMIT stale 
2026-07-23 09:25:14: [PP369] [AutoTrade] [ReturnCancel] SOPH LONG: entry=$0.004598, max=$0.004689 (+1.98%), current=$0.004604 (về 0.13% trên entry) → Hủy LIMIT stale 
2026-07-23 09:25:17: [PP369] [AutoTrade] [ReturnCancel] SOPH LONG: entry=$0.004598, max=$0.004689 (+1.98%), current=$0.004604 (về 0.13% trên entry) → Hủy LIMIT stale 
2026-07-23 09:25:20: [PP369] [AutoTrade] [ReturnCancel] SOPH LONG: entry=$0.004598, max=$0.004689 (+1.98%), current=$0.004604 (về 0.13% trên entry) → Hủy LIMIT stale 
2026-07-23 09:25:23: [PP369] [AutoTrade] [ReturnCancel] SOPH LONG: entry=$0.004598, max=$0.004689 (+1.98%), current=$0.004604 (về 0.13% trên entry) → Hủy LIMIT stale 
2026-07-23 09:25:26: [PP369] [AutoTrade] [ReturnCancel] SOPH LONG: entry=$0.004598, max=$0.004689 (+1.98%), current=$0.004604 (về 0.14% trên entry) → Hủy LIMIT stale 
2026-07-23 09:25:29: [PP369] [AutoTrade] [ReturnCancel] SOPH LONG: entry=$0.004598, max=$0.004689 (+1.98%), current=$0.004604 (về 0.14% trên entry) → Hủy LIMIT stale 
2026-07-23 09:25:32: [PP369] [AutoTrade] [ReturnCancel] SOPH LONG: entry=$0.004598, max=$0.004689 (+1.98%), current=$0.004605 (về 0.14% trên entry) → Hủy LIMIT stale 
2026-07-23 09:25:35: [PP369] [AutoTrade] [ReturnCancel] SOPH LONG: entry=$0.004598, max=$0.004689 (+1.98%), current=$0.004605 (về 0.14% trên entry) → Hủy LIMIT stale 
2026-07-23 09:25:38: [PP369] [AutoTrade] [ReturnCancel] SOPH LONG: entry=$0.004598, max=$0.004689 (+1.98%), current=$0.004605 (về 0.14% trên entry) → Hủy LIMIT stale 
2026-07-23 09:25:41: [PP369] [AutoTrade] [ReturnCancel] SOPH LONG: entry=$0.004598, max=$0.004689 (+1.98%), current=$0.004605 (về 0.14% trên entry) → Hủy LIMIT stale 
2026-07-23 09:27:35: [PP369] [AutoTrade] ✓ Đặt TP JTO @ $0.607400 (đối ứng SELL) orderId=1000002468963661 
2026-07-23 09:27:35: [PP369] [AutoTrade] ✓ Đặt SL JTO @ $0.595400 (đối ứng SELL) orderId=1000002468963662 
2026-07-23 09:28:40: [PP369] [AutoTrade] 1000XEC → LONG (Score: +4.8999999999999995đ) tại $0.00753 
2026-07-23 09:28:40: [PP369] [AutoTrade] 1000XEC LONG có Score = 4.8999999999999995đ < 6đ — bỏ qua 
2026-07-23 09:32:14: [PP369] [AutoTrade] Trailing SL: JTO đạt ROI 5.09% -> Dịch SL trên sàn về entry + 1% ROI ($0.6020) [Mức: Hòa vốn] 
2026-07-23 09:32:14: [PP369] [AutoTrade] Đã hủy SL cũ của JTO (orderId=1000002468963662) 
2026-07-23 09:32:14: [PP369] [AutoTrade] ✓ Đã dịch SL mới cho JTO @ $0.602000 (orderId=1000002468969630) 
2026-07-23 09:36:47: [PP369] [AutoTrade] [ReturnCancel] SOPH LONG: entry=$0.004598, max=$0.004689 (+1.98%), current=$0.004605 (về 0.15% trên entry) → Hủy LIMIT stale 
2026-07-23 09:36:50: [PP369] [AutoTrade] [ReturnCancel] SOPH LONG: entry=$0.004598, max=$0.004689 (+1.98%), current=$0.004605 (về 0.15% trên entry) → Hủy LIMIT stale 
2026-07-23 09:38:05: [PP369] [AutoTrade] [ReturnCancel] SOPH LONG: entry=$0.004598, max=$0.004689 (+1.98%), current=$0.004605 (về 0.15% trên entry) → Hủy LIMIT stale 
2026-07-23 09:38:08: [PP369] [AutoTrade] [ReturnCancel] SOPH LONG: entry=$0.004598, max=$0.004689 (+1.98%), current=$0.004605 (về 0.15% trên entry) → Hủy LIMIT stale 
2026-07-23 09:38:11: [PP369] [AutoTrade] [ReturnCancel] SOPH LONG: entry=$0.004598, max=$0.004689 (+1.98%), current=$0.004604 (về 0.14% trên entry) → Hủy LIMIT stale 
2026-07-23 09:38:14: [PP369] [AutoTrade] [ReturnCancel] SOPH LONG: entry=$0.004598, max=$0.004689 (+1.98%), current=$0.004604 (về 0.14% trên entry) → Hủy LIMIT stale 
2026-07-23 09:38:17: [PP369] [AutoTrade] [ReturnCancel] SOPH LONG: entry=$0.004598, max=$0.004689 (+1.98%), current=$0.004604 (về 0.13% trên entry) → Hủy LIMIT stale 
2026-07-23 09:38:20: [PP369] [AutoTrade] [ReturnCancel] SOPH LONG: entry=$0.004598, max=$0.004689 (+1.98%), current=$0.004604 (về 0.13% trên entry) → Hủy LIMIT stale 
2026-07-23 09:38:23: [PP369] [AutoTrade] [ReturnCancel] SOPH LONG: entry=$0.004598, max=$0.004689 (+1.98%), current=$0.004604 (về 0.13% trên entry) → Hủy LIMIT stale 
2026-07-23 09:38:26: [PP369] [AutoTrade] [ReturnCancel] SOPH LONG: entry=$0.004598, max=$0.004689 (+1.98%), current=$0.004603 (về 0.11% trên entry) → Hủy LIMIT stale 
2026-07-23 09:38:29: [PP369] [AutoTrade] [ReturnCancel] SOPH LONG: entry=$0.004598, max=$0.004689 (+1.98%), current=$0.004603 (về 0.11% trên entry) → Hủy LIMIT stale 
2026-07-23 09:38:32: [PP369] [AutoTrade] [ReturnCancel] SOPH LONG: entry=$0.004598, max=$0.004689 (+1.98%), current=$0.004603 (về 0.10% trên entry) → Hủy LIMIT stale 
2026-07-23 09:38:35: [PP369] [AutoTrade] [ReturnCancel] SOPH LONG: entry=$0.004598, max=$0.004689 (+1.98%), current=$0.004603 (về 0.10% trên entry) → Hủy LIMIT stale 
2026-07-23 09:38:38: [PP369] [AutoTrade] [ReturnCancel] SOPH LONG: entry=$0.004598, max=$0.004689 (+1.98%), current=$0.004603 (về 0.10% trên entry) → Hủy LIMIT stale 
2026-07-23 09:38:41: [PP369] [AutoTrade] [ReturnCancel] SOPH LONG: entry=$0.004598, max=$0.004689 (+1.98%), current=$0.004603 (về 0.10% trên entry) → Hủy LIMIT stale 
2026-07-23 09:38:44: [PP369] [AutoTrade] [ReturnCancel] SOPH LONG: entry=$0.004598, max=$0.004689 (+1.98%), current=$0.004603 (về 0.11% trên entry) → Hủy LIMIT stale 
2026-07-23 09:38:47: [PP369] [AutoTrade] [ReturnCancel] SOPH LONG: entry=$0.004598, max=$0.004689 (+1.98%), current=$0.004603 (về 0.11% trên entry) → Hủy LIMIT stale 
2026-07-23 09:38:50: [PP369] [AutoTrade] [ReturnCancel] SOPH LONG: entry=$0.004598, max=$0.004689 (+1.98%), current=$0.004604 (về 0.13% trên entry) → Hủy LIMIT stale 
2026-07-23 09:38:53: [PP369] [AutoTrade] [ReturnCancel] SOPH LONG: entry=$0.004598, max=$0.004689 (+1.98%), current=$0.004604 (về 0.13% trên entry) → Hủy LIMIT stale 
2026-07-23 09:38:56: [PP369] [AutoTrade] [ReturnCancel] SOPH LONG: entry=$0.004598, max=$0.004689 (+1.98%), current=$0.004604 (về 0.13% trên entry) → Hủy LIMIT stale 
2026-07-23 09:38:59: [PP369] [AutoTrade] [ReturnCancel] SOPH LONG: entry=$0.004598, max=$0.004689 (+1.98%), current=$0.004604 (về 0.13% trên entry) → Hủy LIMIT stale 
2026-07-23 09:39:02: [PP369] [AutoTrade] [ReturnCancel] SOPH LONG: entry=$0.004598, max=$0.004689 (+1.98%), current=$0.004604 (về 0.13% trên entry) → Hủy LIMIT stale 
2026-07-23 09:39:05: [PP369] [AutoTrade] [ReturnCancel] SOPH LONG: entry=$0.004598, max=$0.004689 (+1.98%), current=$0.004604 (về 0.13% trên entry) → Hủy LIMIT stale 
2026-07-23 09:39:08: [PP369] [AutoTrade] [ReturnCancel] SOPH LONG: entry=$0.004598, max=$0.004689 (+1.98%), current=$0.004604 (về 0.13% trên entry) → Hủy LIMIT stale 
2026-07-23 09:39:11: [PP369] [AutoTrade] [ReturnCancel] SOPH LONG: entry=$0.004598, max=$0.004689 (+1.98%), current=$0.004604 (về 0.13% trên entry) → Hủy LIMIT stale 
2026-07-23 09:39:14: [PP369] [AutoTrade] [ReturnCancel] SOPH LONG: entry=$0.004598, max=$0.004689 (+1.98%), current=$0.004604 (về 0.12% trên entry) → Hủy LIMIT stale 
2026-07-23 09:39:17: [PP369] [AutoTrade] [ReturnCancel] SOPH LONG: entry=$0.004598, max=$0.004689 (+1.98%), current=$0.004604 (về 0.12% trên entry) → Hủy LIMIT stale 
2026-07-23 09:39:20: [PP369] [AutoTrade] [ReturnCancel] SOPH LONG: entry=$0.004598, max=$0.004689 (+1.98%), current=$0.004604 (về 0.12% trên entry) → Hủy LIMIT stale 
2026-07-23 09:39:23: [PP369] [AutoTrade] [ReturnCancel] SOPH LONG: entry=$0.004598, max=$0.004689 (+1.98%), current=$0.004603 (về 0.11% trên entry) → Hủy LIMIT stale 
2026-07-23 09:39:26: [PP369] [AutoTrade] [ReturnCancel] SOPH LONG: entry=$0.004598, max=$0.004689 (+1.98%), current=$0.004603 (về 0.11% trên entry) → Hủy LIMIT stale 
2026-07-23 09:39:29: [PP369] [AutoTrade] [ReturnCancel] SOPH LONG: entry=$0.004598, max=$0.004689 (+1.98%), current=$0.004603 (về 0.10% trên entry) → Hủy LIMIT stale 
2026-07-23 09:39:50: [PP369] [AutoTrade] [ReturnCancel] SOPH LONG: entry=$0.004598, max=$0.004689 (+1.98%), current=$0.004603 (về 0.11% trên entry) → Hủy LIMIT stale 
2026-07-23 09:39:53: [PP369] [AutoTrade] [ReturnCancel] SOPH LONG: entry=$0.004598, max=$0.004689 (+1.98%), current=$0.004603 (về 0.11% trên entry) → Hủy LIMIT stale 
2026-07-23 09:39:56: [PP369] [AutoTrade] [ReturnCancel] SOPH LONG: entry=$0.004598, max=$0.004689 (+1.98%), current=$0.004604 (về 0.12% trên entry) → Hủy LIMIT stale 
2026-07-23 09:39:59: [PP369] [AutoTrade] [ReturnCancel] SOPH LONG: entry=$0.004598, max=$0.004689 (+1.98%), current=$0.004604 (về 0.12% trên entry) → Hủy LIMIT stale 
2026-07-23 09:40:02: [PP369] [AutoTrade] [ReturnCancel] SOPH LONG: entry=$0.004598, max=$0.004689 (+1.98%), current=$0.004604 (về 0.13% trên entry) → Hủy LIMIT stale 
2026-07-23 09:40:05: [PP369] [AutoTrade] [ReturnCancel] SOPH LONG: entry=$0.004598, max=$0.004689 (+1.98%), current=$0.004604 (về 0.13% trên entry) → Hủy LIMIT stale 
2026-07-23 09:40:08: [PP369] [AutoTrade] [ReturnCancel] SOPH LONG: entry=$0.004598, max=$0.004689 (+1.98%), current=$0.004604 (về 0.13% trên entry) → Hủy LIMIT stale 
2026-07-23 09:40:11: [PP369] [AutoTrade] [ReturnCancel] SOPH LONG: entry=$0.004598, max=$0.004689 (+1.98%), current=$0.004604 (về 0.13% trên entry) → Hủy LIMIT stale 
2026-07-23 09:42:39: [PP369] [AutoTrade] RIF → SHORT (Score: +1.8đ) tại $0.07968 
2026-07-23 09:42:39: [PP369] [AutoTrade] RIF SHORT không đạt Tiêu chí 2 (Biến động H1/M15 an toàn) — bỏ qua 
2026-07-23 09:47:02: [PP369] [AutoTrade] [ReturnCancel] SOPH LONG: entry=$0.004598, max=$0.004689 (+1.98%), current=$0.004604 (về 0.13% trên entry) → Hủy LIMIT stale 
2026-07-23 09:47:05: [PP369] [AutoTrade] [ReturnCancel] SOPH LONG: entry=$0.004598, max=$0.004689 (+1.98%), current=$0.004604 (về 0.13% trên entry) → Hủy LIMIT stale 
2026-07-23 09:47:08: [PP369] [AutoTrade] [ReturnCancel] SOPH LONG: entry=$0.004598, max=$0.004689 (+1.98%), current=$0.004604 (về 0.13% trên entry) → Hủy LIMIT stale 
2026-07-23 09:47:11: [PP369] [AutoTrade] [ReturnCancel] SOPH LONG: entry=$0.004598, max=$0.004689 (+1.98%), current=$0.004604 (về 0.14% trên entry) → Hủy LIMIT stale 
2026-07-23 09:48:34: ◇ injected env (8) from .env // tip: ⌘ enable debugging { debug: true }
2026-07-23 09:48:35: [PP369] [369] initH4Cache: Tất cả 779 coin đã có nến H4 đầu năm. 
2026-07-23 09:48:35: [PP369] [Binance] Đã đồng bộ giờ: offset = 108416ms (Giờ server: 2026-07-23T02:50:23.853Z) 
2026-07-23 09:48:35: [AutoTrade] Bỏ qua 157 coin có grid ngoài khoảng 3–25% (theo giá hiện tại): SOL(38.6%), XRP(26.4%), ETC(43.4%), LINK(34.8%), BAT(38.4%), QTUM(42.5%), KNC(26.9%), DOT(36.2%), AVAX(45.6%), AAVE(30.7%), FIL(39.8%), BEL(2.9%), CTK(28.8%), COTI(39.7%), ALICE(2.4%), NKN(2.6%), DGB(1.6%), ATA(1.8%), DYDX(2.3%), KLAY(2.4%), APE(2.1%), DAR(2.1%), OP(31.1%), STG(2.1%), SPELL(35.6%), APT(48.1%), FET(1.9%), CKB(32.5%), USDC(30.0%), AMB(2.5%), LEVER(26.7%), RDNT(2.9%), HFT(32.7%), SUI(39.4%), MAV(33.2%), ARKM(2.7%), DODOX(1.4%), ARK(28.6%), BOND(28.1%), GAS(28.9%), SUPER(34.7%), 1000SATS(313.5%), ACE(33.8%), JUP(1.6%), GLM(29.9%), PORTAL(2.8%), MYRO(3.0%), W(33.2%), IO(2.0%), ZK(31.5%), ZRO(37.3%), SYN(1.7%), SYS(1.7%), ALPACA(25.2%), SUN(1.6%), DOGS(81.8%), BSW(2.5%), QUICK(2.3%), NEIRO(49.6%), FIO(2.5%), GHST(1.8%), LOKA(2.6%), COS(2.5%), DIA(29.4%), SANTOS(59.2%), 1000000MOG(29.4%), ACT(34.2%), HIPPO(2.9%), DEGEN(2.9%), 1000WHY(197.4%), THE(53.8%), CHILLGUY(2.8%), ORCA(25.4%), MOVE(28.3%), VELODROME(1.7%), MOCA(34.3%), VANA(25.3%), USUAL(33.9%), DF(2.6%), COOKIE(35.1%), D(2.2%), PIPPIN(176.2%), TST(2.6%), RED(29.8%), MUBARAK(2.7%), TUT(2.2%), BROCCOLI714(2.4%), BR(2.1%), PLUME(2.7%), FUN(1.7%), BABY(2.4%), PUMP(1.6%), BANK(1.2%), SIGN(35.0%), PUNDIX(36.1%), SXT(44.3%), ASR(34.6%), MILK(3.0%), OG(116.1%), AGT(2.4%), B(1.4%), MERL(172.1%), PUMPBTC(32.4%), MYX(374.3%), DMC(2.3%), OL(1.7%), SAHARA(33.4%), BULLA(25.3%), M(26.3%), TANSSI(2.4%), VELVET(0.6%), ZORA(47.4%), TAG(2.8%), ESPORTS(104.6%), A2Z(2.1%), YALA(1.8%), AIO(2.5%), LA(55.7%), SOMI(30.1%), BAS(1.0%), Q(1.5%), PTB(49.4%), PORT3(2.5%), 1000000BOB(1.9%), AVNT(32.3%), UB(2.6%), TOSHI(27.4%), TRADOOR(59.4%), FLUID(29.0%), HANA(0.9%), AKE(1.7%), LIGHT(218.7%), XAN(2.7%), TRUTH(2.3%), YB(41.1%), EUL(30.4%), CLO(27.0%), ZBT(2.9%), LAB(2.0%), RIVER(90.5%), 币安人生(0.5%), BLUAI(2.4%), APR(1.4%), ON(1.8%), KITE(2.3%), AT(2.1%), UAI(0.8%), STABLE(0.8%), JCT(0.7%), ALLO(0.6%), BOB(2.8%), POWER(35.7%), US(0.7%), BREV(40.1%), MAGMA(1.0%), OPEN(1.8%), RLS(2.8%)
2026-07-23 09:48:36: [PP369] [Binance] Đang lấy leverage brackets cho 450 coin... 
2026-07-23 09:48:36: [PP369] [Binance] Đã lưu leverage cho 450 coin vào step_sizes.json 
2026-07-23 09:48:36: [PP369] [AutoTrade] Khởi động: 450 coin | margin=$10 | 10x | type=LIMIT 
2026-07-23 09:48:36: [PP369] [Binance] Loaded step and tick sizes from existing file: 827 symbols 
2026-07-23 09:48:36: [PP369] [AutoTrade] Đã nạp leverageInfo cho 450 coin từ cache. 
2026-07-23 09:48:37: [PP369] [PP369Stream] Kết nối WebSocket thành công (market/stream) 
2026-07-23 09:48:40: [PP369] [AutoTrade] Bắt đầu scan... 
2026-07-23 09:51:54: [PP369] [AutoTrade] BROCCOLIF3B → SHORT (Score: +3.5đ) tại $0.005387 
2026-07-23 09:51:54: [PP369] [AutoTrade] BROCCOLIF3B SHORT không đạt Tiêu chí 2 (Biến động H1/M15 an toàn) — bỏ qua 
2026-07-23 10:02:52: [PP369] [AutoTrade] [ReturnCancel] SOPH LONG: entry=$0.004598, max=$0.004689 (+1.98%), current=$0.004600 (về 0.04% trên entry) → Hủy LIMIT stale 
2026-07-23 10:03:53: [PP369] [AutoTrade] RIF → SHORT (Score: +2đ) tại $0.08268 
2026-07-23 10:03:53: [PP369] [AutoTrade] RIF SHORT không đạt Tiêu chí 2 (Biến động H1/M15 an toàn) — bỏ qua 
2026-07-23 10:12:23: [PP369] [AutoTrade] LUMIA → LONG (Score: +4.1đ) tại $0.0665 
2026-07-23 10:12:23: [PP369] [AutoTrade] LUMIA LONG có Score = 4.1đ < 5.5đ — bỏ qua 
2026-07-23 10:12:53: [PP369] [AutoTrade] LUMIA → LONG (Score: +4.1đ) tại $0.0665 
2026-07-23 10:12:53: [PP369] [AutoTrade] LUMIA LONG có Score = 4.1đ < 5.5đ — bỏ qua 
2026-07-23 10:13:23: [PP369] [AutoTrade] LUMIA → LONG (Score: +4.1đ) tại $0.0665 
2026-07-23 10:13:23: [PP369] [AutoTrade] LUMIA LONG có Score = 4.1đ < 5.5đ — bỏ qua 
2026-07-23 10:13:52: [PP369] [AutoTrade] LUMIA → LONG (Score: +4.1đ) tại $0.0665 
2026-07-23 10:13:52: [PP369] [AutoTrade] LUMIA LONG có Score = 4.1đ < 5.5đ — bỏ qua 
2026-07-23 10:14:53: [PP369] [AutoTrade] RIF → LONG (Score: +4.5đ) tại $0.07968 
2026-07-23 10:14:53: [PP369] [AutoTrade] RIF LONG không đạt Tiêu chí 2 (Biến động H1/M15 an toàn) — bỏ qua 
2026-07-23 10:18:34: [PP369] [Binance] Đã đồng bộ giờ: offset = 108597ms (Giờ server: 2026-07-23T03:20:23.343Z) 
2026-07-23 10:19:54: [PP369] [AutoTrade] AIOT → SHORT (Score: +3.4đ) tại $0.0523 
2026-07-23 10:19:54: [PP369] [AutoTrade] AIOT SHORT có Score = 3.4đ < 5.5đ — bỏ qua 
2026-07-23 10:30:23: [PP369] [AutoTrade] 1000XEC → LONG (Score: +4.8999999999999995đ) tại $0.00753 
2026-07-23 10:30:23: [PP369] [AutoTrade] 1000XEC LONG có Score = 4.8999999999999995đ < 5.5đ — bỏ qua 
2026-07-23 10:33:53: [PP369] [AutoTrade] 1000XEC → LONG (Score: +4.8999999999999995đ) tại $0.00753 
2026-07-23 10:33:53: [PP369] [AutoTrade] 1000XEC LONG có Score = 4.8999999999999995đ < 5.5đ — bỏ qua 
2026-07-23 10:33:55: [PP369] [AutoTrade] GMX → LONG (Score: +4.6đ) tại $6.523 
2026-07-23 10:33:55: [PP369] [AutoTrade] GMX LONG có Score = 4.6đ < 5.5đ — bỏ qua 
2026-07-23 10:34:22: [PP369] [AutoTrade] GMX → LONG (Score: +4.6đ) tại $6.523 
2026-07-23 10:34:22: [PP369] [AutoTrade] GMX LONG có Score = 4.6đ < 5.5đ — bỏ qua 
2026-07-23 10:48:34: [PP369] [Binance] Đã đồng bộ giờ: offset = 108773ms (Giờ server: 2026-07-23T03:50:23.581Z) 
2026-07-23 11:15:24: [PP369] [AutoTrade] 1000XEC → LONG (Score: +4.8999999999999995đ) tại $0.00753 
2026-07-23 11:15:24: [PP369] [AutoTrade] 1000XEC LONG có Score = 4.8999999999999995đ < 5.5đ — bỏ qua 
2026-07-23 11:18:22: [PP369] [AutoTrade] 1000XEC → LONG (Score: +4.8999999999999995đ) tại $0.00753 
2026-07-23 11:18:22: [PP369] [AutoTrade] 1000XEC LONG có Score = 4.8999999999999995đ < 5.5đ — bỏ qua 
2026-07-23 11:18:34: [PP369] [Binance] Đã đồng bộ giờ: offset = 108947ms (Giờ server: 2026-07-23T04:20:23.706Z) 
2026-07-23 11:26:53: [PP369] [AutoTrade] BROCCOLIF3B → SHORT (Score: +3.4đ) tại $0.005387 
2026-07-23 11:26:53: [PP369] [AutoTrade] BROCCOLIF3B SHORT có Score = 3.4đ < 5.5đ — bỏ qua 
2026-07-23 11:43:53: [PP369] [AutoTrade] BROCCOLIF3B → LONG (Score: +3.0999999999999996đ) tại $0.006062 
2026-07-23 11:43:53: [PP369] [AutoTrade] BROCCOLIF3B LONG không đạt Tiêu chí 2 (Biến động H1/M15 an toàn) — bỏ qua 
2026-07-23 11:48:34: [PP369] [Binance] Đã đồng bộ giờ: offset = 109117ms (Giờ server: 2026-07-23T04:50:23.888Z) 
2026-07-23 11:59:53: [PP369] [AutoTrade] GMX → LONG (Score: +4.6đ) tại $6.523 
2026-07-23 11:59:53: [PP369] [AutoTrade] GMX LONG có Score = 4.6đ < 5.5đ — bỏ qua 
2026-07-23 11:59:54: [PP369] [AutoTrade] RIF → SHORT (Score: +2.6đ) tại $0.07668 
2026-07-23 11:59:54: [PP369] [AutoTrade] RIF SHORT không đạt Tiêu chí 2 (Biến động H1/M15 an toàn) — bỏ qua 
2026-07-23 12:00:24: [PP369] [AutoTrade] GMX → LONG (Score: +4.6đ) tại $6.523 
2026-07-23 12:00:24: [PP369] [AutoTrade] GMX LONG có Score = 4.6đ < 5.5đ — bỏ qua 
2026-07-23 12:00:26: [PP369] [AutoTrade] ARC → SHORT (Score: +5.1đ) tại $0.06546 
2026-07-23 12:00:26: [PP369] [AutoTrade] ARC SHORT có Score = 5.1đ < 5.5đ — bỏ qua 
2026-07-23 12:00:52: [PP369] [AutoTrade] GMX → LONG (Score: +4.6đ) tại $6.523 
2026-07-23 12:00:52: [PP369] [AutoTrade] GMX LONG có Score = 4.6đ < 5.5đ — bỏ qua 
2026-07-23 12:01:22: [PP369] [AutoTrade] ARC → SHORT (Score: +5.1đ) tại $0.06546 
2026-07-23 12:01:22: [PP369] [AutoTrade] ARC SHORT có Score = 5.1đ < 5.5đ — bỏ qua 
2026-07-23 12:02:22: [PP369] [AutoTrade] ARC → SHORT (Score: +5.1đ) tại $0.06546 
2026-07-23 12:02:22: [PP369] [AutoTrade] ARC SHORT có Score = 5.1đ < 5.5đ — bỏ qua 
2026-07-23 12:02:53: [PP369] [AutoTrade] ARC → SHORT (Score: +5.1đ) tại $0.06546 
2026-07-23 12:02:53: [PP369] [AutoTrade] ARC SHORT có Score = 5.1đ < 5.5đ — bỏ qua 
2026-07-23 12:04:22: [PP369] [AutoTrade] ARC → SHORT (Score: +5.1đ) tại $0.06546 
2026-07-23 12:04:22: [PP369] [AutoTrade] ARC SHORT có Score = 5.1đ < 5.5đ — bỏ qua 
2026-07-23 12:04:53: [PP369] [AutoTrade] RIF → SHORT (Score: +1.8đ) tại $0.07968 
2026-07-23 12:04:53: [PP369] [AutoTrade] RIF SHORT không đạt Tiêu chí 2 (Biến động H1/M15 an toàn) — bỏ qua 
2026-07-23 12:06:22: [PP369] [AutoTrade] ARC → SHORT (Score: +5.1đ) tại $0.06546 
2026-07-23 12:06:22: [PP369] [AutoTrade] ARC SHORT có Score = 5.1đ < 5.5đ — bỏ qua 
2026-07-23 12:06:52: [PP369] [AutoTrade] ARC → SHORT (Score: +5.1đ) tại $0.06546 
2026-07-23 12:06:52: [PP369] [AutoTrade] ARC SHORT có Score = 5.1đ < 5.5đ — bỏ qua 
2026-07-23 12:07:22: [PP369] [AutoTrade] ARC → SHORT (Score: +5.1đ) tại $0.06546 
2026-07-23 12:07:22: [PP369] [AutoTrade] ARC SHORT có Score = 5.1đ < 5.5đ — bỏ qua 
2026-07-23 12:07:52: [PP369] [AutoTrade] ARC → SHORT (Score: +5.1đ) tại $0.06546 
2026-07-23 12:07:52: [PP369] [AutoTrade] ARC SHORT có Score = 5.1đ < 5.5đ — bỏ qua 
2026-07-23 12:08:22: [PP369] [AutoTrade] ARC → SHORT (Score: +5.1đ) tại $0.06546 
2026-07-23 12:08:22: [PP369] [AutoTrade] ARC SHORT có Score = 5.1đ < 5.5đ — bỏ qua 
2026-07-23 12:08:52: [PP369] [AutoTrade] ARC → SHORT (Score: +5.1đ) tại $0.06546 
2026-07-23 12:08:52: [PP369] [AutoTrade] ARC SHORT có Score = 5.1đ < 5.5đ — bỏ qua 
2026-07-23 12:09:22: [PP369] [AutoTrade] ARC → SHORT (Score: +5.1đ) tại $0.06546 
2026-07-23 12:09:22: [PP369] [AutoTrade] ARC SHORT có Score = 5.1đ < 5.5đ — bỏ qua 
2026-07-23 12:09:52: [PP369] [AutoTrade] ARC → SHORT (Score: +5.1đ) tại $0.06546 
2026-07-23 12:09:52: [PP369] [AutoTrade] ARC SHORT có Score = 5.1đ < 5.5đ — bỏ qua 
2026-07-23 12:10:22: [PP369] [AutoTrade] ARC → SHORT (Score: +5.1đ) tại $0.06546 
2026-07-23 12:10:22: [PP369] [AutoTrade] ARC SHORT có Score = 5.1đ < 5.5đ — bỏ qua 
2026-07-23 12:10:52: [PP369] [AutoTrade] ARC → SHORT (Score: +5.1đ) tại $0.06546 
2026-07-23 12:10:52: [PP369] [AutoTrade] ARC SHORT có Score = 5.1đ < 5.5đ — bỏ qua 
2026-07-23 12:11:22: [PP369] [AutoTrade] ARC → SHORT (Score: +5.1đ) tại $0.06546 
2026-07-23 12:11:22: [PP369] [AutoTrade] ARC SHORT có Score = 5.1đ < 5.5đ — bỏ qua 
2026-07-23 12:18:34: [PP369] [Binance] Đã đồng bộ giờ: offset = 109298ms (Giờ server: 2026-07-23T05:20:24.056Z) 
2026-07-23 12:18:52: [PP369] [AutoTrade] ARC → SHORT (Score: +5.1đ) tại $0.06546 
2026-07-23 12:18:52: [PP369] [AutoTrade] ARC SHORT có Score = 5.1đ < 5.5đ — bỏ qua 
2026-07-23 12:19:22: [PP369] [AutoTrade] ARC → SHORT (Score: +5.1đ) tại $0.06546 
2026-07-23 12:19:22: [PP369] [AutoTrade] ARC SHORT có Score = 5.1đ < 5.5đ — bỏ qua 
2026-07-23 12:22:52: [PP369] [AutoTrade] ARC → SHORT (Score: +5.1đ) tại $0.06546 
2026-07-23 12:22:52: [PP369] [AutoTrade] ARC SHORT có Score = 5.1đ < 5.5đ — bỏ qua 
2026-07-23 12:23:22: [PP369] [AutoTrade] ARC → SHORT (Score: +5.1đ) tại $0.06546 
2026-07-23 12:23:22: [PP369] [AutoTrade] ARC SHORT có Score = 5.1đ < 5.5đ — bỏ qua 
2026-07-23 12:24:22: [PP369] [AutoTrade] ARC → SHORT (Score: +5.1đ) tại $0.06546 
2026-07-23 12:24:22: [PP369] [AutoTrade] ARC SHORT có Score = 5.1đ < 5.5đ — bỏ qua 
2026-07-23 12:26:23: [PP369] [AutoTrade] ARC → SHORT (Score: +5.1đ) tại $0.06546 
2026-07-23 12:26:23: [PP369] [AutoTrade] ARC SHORT có Score = 5.1đ < 5.5đ — bỏ qua 
2026-07-23 12:26:52: [PP369] [AutoTrade] ARC → SHORT (Score: +5.1đ) tại $0.06546 
2026-07-23 12:26:52: [PP369] [AutoTrade] ARC SHORT có Score = 5.1đ < 5.5đ — bỏ qua 
2026-07-23 12:27:23: [PP369] [AutoTrade] ARC → SHORT (Score: +5.1đ) tại $0.06546 
2026-07-23 12:27:23: [PP369] [AutoTrade] ARC SHORT có Score = 5.1đ < 5.5đ — bỏ qua 
2026-07-23 12:28:22: [PP369] [AutoTrade] ARC → SHORT (Score: +5.1đ) tại $0.06546 
2026-07-23 12:28:22: [PP369] [AutoTrade] ARC SHORT có Score = 5.1đ < 5.5đ — bỏ qua 
2026-07-23 12:28:52: [PP369] [AutoTrade] ARC → SHORT (Score: +5.1đ) tại $0.06546 
2026-07-23 12:28:52: [PP369] [AutoTrade] ARC SHORT có Score = 5.1đ < 5.5đ — bỏ qua 
2026-07-23 12:29:23: [PP369] [AutoTrade] ARC → SHORT (Score: +5.1đ) tại $0.06546 
2026-07-23 12:29:23: [PP369] [AutoTrade] ARC SHORT có Score = 5.1đ < 5.5đ — bỏ qua 
2026-07-23 12:29:52: [PP369] [AutoTrade] ARC → SHORT (Score: +5.1đ) tại $0.06546 
2026-07-23 12:29:52: [PP369] [AutoTrade] ARC SHORT có Score = 5.1đ < 5.5đ — bỏ qua 
2026-07-23 12:32:23: [PP369] [AutoTrade] 1000XEC → LONG (Score: +5.1đ) tại $0.00753 
2026-07-23 12:32:23: [PP369] [AutoTrade] 1000XEC LONG có Score = 5.1đ < 5.5đ — bỏ qua 
2026-07-23 12:32:52: [PP369] [AutoTrade] 1000XEC → LONG (Score: +5.1đ) tại $0.00753 
2026-07-23 12:32:52: [PP369] [AutoTrade] 1000XEC LONG có Score = 5.1đ < 5.5đ — bỏ qua 
2026-07-23 12:33:52: [PP369] [AutoTrade] 1000XEC → LONG (Score: +5.1đ) tại $0.00753 
2026-07-23 12:33:52: [PP369] [AutoTrade] 1000XEC LONG có Score = 5.1đ < 5.5đ — bỏ qua 
2026-07-23 12:36:52: [PP369] [AutoTrade] 1000XEC → LONG (Score: +5.1đ) tại $0.00753 
2026-07-23 12:36:52: [PP369] [AutoTrade] 1000XEC LONG có Score = 5.1đ < 5.5đ — bỏ qua 
2026-07-23 12:37:22: [PP369] [AutoTrade] 1000XEC → LONG (Score: +5.1đ) tại $0.00753 
2026-07-23 12:37:22: [PP369] [AutoTrade] 1000XEC LONG có Score = 5.1đ < 5.5đ — bỏ qua 
2026-07-23 12:37:52: [PP369] [AutoTrade] 1000XEC → LONG (Score: +5.1đ) tại $0.00753 
2026-07-23 12:37:52: [PP369] [AutoTrade] 1000XEC LONG có Score = 5.1đ < 5.5đ — bỏ qua 
2026-07-23 12:38:22: [PP369] [AutoTrade] 1000XEC → LONG (Score: +5.1đ) tại $0.00753 
2026-07-23 12:38:22: [PP369] [AutoTrade] 1000XEC LONG có Score = 5.1đ < 5.5đ — bỏ qua 
2026-07-23 12:38:52: [PP369] [AutoTrade] 1000XEC → LONG (Score: +5.1đ) tại $0.00753 
2026-07-23 12:38:52: [PP369] [AutoTrade] 1000XEC LONG có Score = 5.1đ < 5.5đ — bỏ qua 
2026-07-23 12:39:22: [PP369] [AutoTrade] 1000XEC → LONG (Score: +5.1đ) tại $0.00753 
2026-07-23 12:39:22: [PP369] [AutoTrade] 1000XEC LONG có Score = 5.1đ < 5.5đ — bỏ qua 
2026-07-23 12:39:52: [PP369] [AutoTrade] 1000XEC → LONG (Score: +5.1đ) tại $0.00753 
2026-07-23 12:39:52: [PP369] [AutoTrade] 1000XEC LONG có Score = 5.1đ < 5.5đ — bỏ qua 
2026-07-23 12:40:22: [PP369] [AutoTrade] 1000XEC → LONG (Score: +5.1đ) tại $0.00753 
2026-07-23 12:40:22: [PP369] [AutoTrade] 1000XEC LONG có Score = 5.1đ < 5.5đ — bỏ qua 
2026-07-23 12:40:52: [PP369] [AutoTrade] 1000XEC → LONG (Score: +5.1đ) tại $0.00753 
2026-07-23 12:40:52: [PP369] [AutoTrade] 1000XEC LONG có Score = 5.1đ < 5.5đ — bỏ qua 
2026-07-23 12:41:22: [PP369] [AutoTrade] 1000XEC → LONG (Score: +5.1đ) tại $0.00753 
2026-07-23 12:41:22: [PP369] [AutoTrade] 1000XEC LONG có Score = 5.1đ < 5.5đ — bỏ qua 
2026-07-23 12:41:52: [PP369] [AutoTrade] 1000XEC → LONG (Score: +5.1đ) tại $0.00753 
2026-07-23 12:41:52: [PP369] [AutoTrade] 1000XEC LONG có Score = 5.1đ < 5.5đ — bỏ qua 
2026-07-23 12:48:34: [PP369] [Binance] Đã đồng bộ giờ: offset = 109471ms (Giờ server: 2026-07-23T05:50:24.250Z) 
2026-07-23 12:49:53: [PP369] [AutoTrade] BLESS → SHORT (Score: +4.3999999999999995đ) tại $0.00797 
2026-07-23 12:49:53: [PP369] [AutoTrade] BLESS SHORT không đạt Tiêu chí 2 (Biến động H1/M15 an toàn) — bỏ qua 
2026-07-23 13:18:34: [PP369] [Binance] Đã đồng bộ giờ: offset = 109648ms (Giờ server: 2026-07-23T06:20:24.432Z) 
2026-07-23 13:37:58: [PP369] [AutoTrade] MITO → LONG (Score: +6.2đ) tại $0.02464 
2026-07-23 13:37:58: [PP369] [AutoTrade] Set leverage MITOUSDT = 7x (Lưới: 7.06% → tính được 7x, giới hạn: 10x | Ký quỹ mục tiêu: $10) 
2026-07-23 13:37:58: [PP369] [AutoTrade] ✓ MITO BUY 2840 @ $0.02464 orderId=1056233279 status=NEW 
2026-07-23 13:37:59: [PP369] [AutoTrade] ✓ Đặt TP MITO @ $0.0249800 (đối ứng SELL) orderId=1000002469231946 
2026-07-23 13:37:59: [PP369] [AutoTrade] ✓ Đặt SL MITO @ $0.0242800 (đối ứng SELL) orderId=1000002469231947 
2026-07-23 13:48:34: [PP369] [Binance] Đã đồng bộ giờ: offset = 109825ms (Giờ server: 2026-07-23T06:50:24.696Z) 
2026-07-23 13:48:37: [PP369] [AutoTrade] [CoinRefresh] Tái kiểm tra danh sách: 450 → 449 coin hợp lệ theo giá hiện tại. 
2026-07-23 13:50:32: [PP369] [AutoTrade] Trailing SL: MITO đạt ROI 5.33% -> Dịch SL trên sàn về entry + 1% ROI ($0.02467) [Mức: Hòa vốn] 
2026-07-23 13:50:32: [PP369] [AutoTrade] Đã hủy SL cũ của MITO (orderId=1000002469231947) 
2026-07-23 13:50:33: [PP369] [AutoTrade] ✓ Đã dịch SL mới cho MITO @ $0.0246700 (orderId=1000002469242671) 
2026-07-23 14:10:54: [PP369] [AutoTrade] ROSE → LONG (Score: +4.6đ) tại $0.00538 
2026-07-23 14:10:54: [PP369] [AutoTrade] ROSE LONG có Score = 4.6đ < 5.5đ — bỏ qua 
2026-07-23 14:10:56: [PP369] [AutoTrade] VIRTUAL → LONG (Score: +5.2đ) tại $0.6167 
2026-07-23 14:10:56: [PP369] [AutoTrade] VIRTUAL LONG có Score = 5.2đ < 5.5đ — bỏ qua 
2026-07-23 14:11:22: [PP369] [AutoTrade] ROSE → LONG (Score: +4.6đ) tại $0.00538 
2026-07-23 14:11:22: [PP369] [AutoTrade] ROSE LONG có Score = 4.6đ < 5.5đ — bỏ qua 
2026-07-23 14:11:53: [PP369] [AutoTrade] ROSE → LONG (Score: +4.6đ) tại $0.00538 
2026-07-23 14:11:53: [PP369] [AutoTrade] ROSE LONG có Score = 4.6đ < 5.5đ — bỏ qua 
2026-07-23 14:18:34: [PP369] [Binance] Đã đồng bộ giờ: offset = 109999ms (Giờ server: 2026-07-23T07:20:24.765Z) 
2026-07-23 14:18:54: [PP369] [AutoTrade] BROCCOLIF3B → SHORT (Score: +4.4đ) tại $0.006887 
2026-07-23 14:18:54: [PP369] [AutoTrade] BROCCOLIF3B SHORT không đạt Tiêu chí 2 (Biến động H1/M15 an toàn) — bỏ qua 
2026-07-23 14:34:23: [PP369] [AutoTrade] VIRTUAL → LONG (Score: +4.699999999999999đ) tại $0.6167 
2026-07-23 14:34:23: [PP369] [AutoTrade] VIRTUAL LONG có Score = 4.699999999999999đ < 5.5đ — bỏ qua 
2026-07-23 14:34:53: [PP369] [AutoTrade] VIRTUAL → LONG (Score: +4.699999999999999đ) tại $0.6167 
2026-07-23 14:34:53: [PP369] [AutoTrade] VIRTUAL LONG có Score = 4.699999999999999đ < 5.5đ — bỏ qua 
2026-07-23 14:35:23: [PP369] [AutoTrade] VIRTUAL → LONG (Score: +4.699999999999999đ) tại $0.6167 
2026-07-23 14:35:23: [PP369] [AutoTrade] VIRTUAL LONG có Score = 4.699999999999999đ < 5.5đ — bỏ qua 
2026-07-23 14:36:23: [PP369] [AutoTrade] VIRTUAL → LONG (Score: +4.699999999999999đ) tại $0.6167 
2026-07-23 14:36:23: [PP369] [AutoTrade] VIRTUAL LONG có Score = 4.699999999999999đ < 5.5đ — bỏ qua 
2026-07-23 14:36:53: [PP369] [AutoTrade] VIRTUAL → LONG (Score: +5.2đ) tại $0.6167 
2026-07-23 14:36:53: [PP369] [AutoTrade] VIRTUAL LONG có Score = 5.2đ < 5.5đ — bỏ qua 
2026-07-23 14:48:34: [PP369] [Binance] Đã đồng bộ giờ: offset = 110175ms (Giờ server: 2026-07-23T07:50:24.936Z) 
2026-07-23 14:50:54: [PP369] [AutoTrade] B2 → LONG (Score: +4.4đ) tại $0.3999 
2026-07-23 14:50:54: [PP369] [AutoTrade] B2 LONG có Score = 4.4đ < 5.5đ — bỏ qua 
2026-07-23 14:51:23: [PP369] [AutoTrade] B2 → LONG (Score: +4.4đ) tại $0.3999 
2026-07-23 14:51:23: [PP369] [AutoTrade] B2 LONG có Score = 4.4đ < 5.5đ — bỏ qua 
2026-07-23 14:52:22: [PP369] [AutoTrade] ROSE → LONG (Score: +4.1đ) tại $0.00538 
2026-07-23 14:52:22: [PP369] [AutoTrade] ROSE LONG có Score = 4.1đ < 5.5đ — bỏ qua 
2026-07-23 14:52:53: [PP369] [AutoTrade] ROSE → LONG (Score: +4.1đ) tại $0.00538 
2026-07-23 14:52:53: [PP369] [AutoTrade] ROSE LONG có Score = 4.1đ < 5.5đ — bỏ qua 
2026-07-23 14:53:22: [PP369] [AutoTrade] ROSE → LONG (Score: +4.1đ) tại $0.00538 
2026-07-23 14:53:22: [PP369] [AutoTrade] ROSE LONG có Score = 4.1đ < 5.5đ — bỏ qua 
2026-07-23 15:00:25: [PP369] [AutoTrade] ROSE → LONG (Score: +5.3đ) tại $0.00538 
2026-07-23 15:00:25: [PP369] [AutoTrade] ROSE LONG có Score = 5.3đ < 5.5đ — bỏ qua 
2026-07-23 15:00:52: [PP369] [AutoTrade] ROSE → LONG (Score: +5.3đ) tại $0.00538 
2026-07-23 15:00:52: [PP369] [AutoTrade] ROSE LONG có Score = 5.3đ < 5.5đ — bỏ qua 
2026-07-23 15:01:22: [PP369] [AutoTrade] ROSE → LONG (Score: +5.3đ) tại $0.00538 
2026-07-23 15:01:22: [PP369] [AutoTrade] ROSE LONG có Score = 5.3đ < 5.5đ — bỏ qua 
2026-07-23 15:01:52: [PP369] [AutoTrade] ROSE → LONG (Score: +5.3đ) tại $0.00538 
2026-07-23 15:01:52: [PP369] [AutoTrade] ROSE LONG có Score = 5.3đ < 5.5đ — bỏ qua 
2026-07-23 15:02:22: [PP369] [AutoTrade] ROSE → LONG (Score: +5.3đ) tại $0.00538 
2026-07-23 15:02:22: [PP369] [AutoTrade] ROSE LONG có Score = 5.3đ < 5.5đ — bỏ qua 
2026-07-23 15:02:52: [PP369] [AutoTrade] ROSE → LONG (Score: +5.3đ) tại $0.00538 
2026-07-23 15:02:52: [PP369] [AutoTrade] ROSE LONG có Score = 5.3đ < 5.5đ — bỏ qua 
2026-07-23 15:03:22: [PP369] [AutoTrade] ROSE → LONG (Score: +5.3đ) tại $0.00538 
2026-07-23 15:03:22: [PP369] [AutoTrade] ROSE LONG có Score = 5.3đ < 5.5đ — bỏ qua 
2026-07-23 15:03:52: [PP369] [AutoTrade] ROSE → LONG (Score: +5.3đ) tại $0.00538 
2026-07-23 15:03:52: [PP369] [AutoTrade] ROSE LONG có Score = 5.3đ < 5.5đ — bỏ qua 
2026-07-23 15:04:23: [PP369] [AutoTrade] ROSE → LONG (Score: +5.3đ) tại $0.00538 
2026-07-23 15:04:23: [PP369] [AutoTrade] ROSE LONG có Score = 5.3đ < 5.5đ — bỏ qua 
2026-07-23 15:04:53: [PP369] [AutoTrade] ROSE → LONG (Score: +5.3đ) tại $0.00538 
2026-07-23 15:04:53: [PP369] [AutoTrade] ROSE LONG có Score = 5.3đ < 5.5đ — bỏ qua 
2026-07-23 15:05:22: [PP369] [AutoTrade] ROSE → LONG (Score: +5.3đ) tại $0.00538 
2026-07-23 15:05:22: [PP369] [AutoTrade] ROSE LONG có Score = 5.3đ < 5.5đ — bỏ qua 
2026-07-23 15:05:52: [PP369] [AutoTrade] ROSE → LONG (Score: +5.3đ) tại $0.00538 
2026-07-23 15:05:52: [PP369] [AutoTrade] ROSE LONG có Score = 5.3đ < 5.5đ — bỏ qua 
2026-07-23 15:06:22: [PP369] [AutoTrade] ROSE → LONG (Score: +5.3đ) tại $0.00538 
2026-07-23 15:06:23: [PP369] [AutoTrade] ROSE LONG có Score = 5.3đ < 5.5đ — bỏ qua 
2026-07-23 15:07:52: [PP369] [AutoTrade] ROSE → LONG (Score: +5.3đ) tại $0.00538 
2026-07-23 15:07:52: [PP369] [AutoTrade] ROSE LONG có Score = 5.3đ < 5.5đ — bỏ qua 
2026-07-23 15:08:23: [PP369] [AutoTrade] ROSE → LONG (Score: +5.3đ) tại $0.00538 
2026-07-23 15:08:23: [PP369] [AutoTrade] ROSE LONG có Score = 5.3đ < 5.5đ — bỏ qua 
2026-07-23 15:08:52: [PP369] [AutoTrade] ROSE → LONG (Score: +5.3đ) tại $0.00538 
2026-07-23 15:08:52: [PP369] [AutoTrade] ROSE LONG có Score = 5.3đ < 5.5đ — bỏ qua 
2026-07-23 15:09:22: [PP369] [AutoTrade] ROSE → LONG (Score: +5.3đ) tại $0.00538 
2026-07-23 15:09:22: [PP369] [AutoTrade] ROSE LONG có Score = 5.3đ < 5.5đ — bỏ qua 
2026-07-23 15:09:52: [PP369] [AutoTrade] ROSE → LONG (Score: +5.3đ) tại $0.00538 
2026-07-23 15:09:52: [PP369] [AutoTrade] ROSE LONG có Score = 5.3đ < 5.5đ — bỏ qua 
2026-07-23 15:14:22: [PP369] [AutoTrade] ROSE → LONG (Score: +5.3đ) tại $0.00538 
2026-07-23 15:14:22: [PP369] [AutoTrade] ROSE LONG có Score = 5.3đ < 5.5đ — bỏ qua 
2026-07-23 15:14:52: [PP369] [AutoTrade] ROSE → LONG (Score: +5.3đ) tại $0.00538 
2026-07-23 15:14:52: [PP369] [AutoTrade] ROSE LONG có Score = 5.3đ < 5.5đ — bỏ qua 
2026-07-23 15:17:24: ◇ injected env (8) from .env // tip: ⌘ custom filepath { path: '/custom/path/.env' }
2026-07-23 15:17:25: [PP369] [369] initH4Cache: Tất cả 779 coin đã có nến H4 đầu năm. 
2026-07-23 15:17:26: [PP369] [Binance] Đã đồng bộ giờ: offset = 110337ms (Giờ server: 2026-07-23T08:19:16.351Z) 
2026-07-23 15:17:26: [AutoTrade] Bỏ qua 157 coin có grid ngoài khoảng 3–25% (theo giá hiện tại): SOL(38.8%), XRP(26.4%), ETC(43.4%), LINK(35.1%), BAT(38.3%), QTUM(42.5%), KNC(27.0%), DOT(36.5%), AVAX(45.6%), AAVE(30.9%), FIL(40.8%), BEL(3.0%), CTK(28.6%), COTI(40.1%), ALICE(2.4%), NKN(2.6%), DGB(1.6%), ATA(1.8%), DYDX(2.3%), KLAY(2.4%), APE(2.1%), DAR(2.1%), OP(31.2%), STG(2.2%), SPELL(35.7%), APT(48.0%), FET(1.9%), CKB(32.7%), USDC(30.0%), AMB(2.5%), LEVER(26.7%), RDNT(2.9%), HFT(31.8%), SUI(38.9%), MAV(32.0%), ARKM(2.7%), DODOX(1.6%), ARK(28.6%), BOND(28.1%), GAS(28.7%), SUPER(34.5%), 1000SATS(313.5%), ACE(35.8%), JUP(1.6%), GLM(30.0%), PORTAL(2.8%), MYRO(3.0%), W(33.0%), IO(2.0%), ZK(31.4%), ZRO(36.8%), SYN(2.0%), SYS(1.7%), ALPACA(25.2%), SUN(1.6%), DOGS(82.3%), BSW(2.5%), QUICK(2.3%), NEIRO(49.6%), FIO(2.5%), GHST(1.8%), LOKA(2.6%), COS(2.5%), DIA(29.3%), SANTOS(59.0%), 1000000MOG(29.4%), ACT(34.1%), HIPPO(2.9%), DEGEN(2.9%), 1000WHY(197.4%), THE(54.7%), CHILLGUY(2.9%), ORCA(25.4%), MOVE(28.3%), VELODROME(1.7%), MOCA(34.2%), VANA(25.3%), USUAL(34.2%), DF(2.6%), COOKIE(35.2%), D(2.2%), PIPPIN(176.3%), TST(2.6%), RED(29.9%), MUBARAK(2.8%), TUT(2.2%), BROCCOLI714(2.4%), BR(2.1%), PLUME(2.7%), FUN(1.7%), BABY(2.4%), PUMP(1.6%), BANK(1.2%), SIGN(34.9%), PUNDIX(36.1%), SXT(44.1%), ASR(34.8%), MILK(3.0%), OG(116.6%), AGT(2.4%), B(1.4%), MERL(171.0%), PUMPBTC(32.4%), MYX(380.9%), DMC(2.3%), OL(1.7%), SAHARA(33.3%), BULLA(25.5%), M(26.0%), TANSSI(2.4%), VELVET(0.6%), ERA(2.8%), ZORA(46.6%), TAG(2.9%), ESPORTS(102.0%), A2Z(2.1%), YALA(1.8%), AIO(2.4%), LA(54.4%), SOMI(29.9%), BAS(1.0%), Q(1.5%), PTB(49.5%), PORT3(2.5%), 1000000BOB(1.9%), AVNT(31.8%), UB(2.5%), TOSHI(27.4%), TRADOOR(58.6%), FLUID(27.6%), HANA(0.9%), AKE(1.6%), LIGHT(214.0%), XAN(2.7%), TRUTH(2.4%), YB(41.3%), EUL(29.7%), ZBT(2.9%), LAB(1.9%), RIVER(91.8%), 币安人生(0.5%), BLUAI(2.4%), APR(1.4%), ON(1.7%), KITE(2.6%), AT(2.1%), UAI(0.8%), STABLE(0.7%), JCT(0.7%), ALLO(0.6%), BOB(2.8%), POWER(35.1%), US(0.7%), BREV(40.5%), MAGMA(1.0%), OPEN(1.9%), RLS(2.8%)
2026-07-23 15:17:26: [PP369] [Binance] Đang lấy leverage brackets cho 450 coin... 
2026-07-23 15:17:27: [PP369] [Binance] Đã lưu leverage cho 450 coin vào step_sizes.json 
2026-07-23 15:17:27: [PP369] [AutoTrade] Khởi động: 450 coin | margin=$10 | 10x | type=LIMIT 
2026-07-23 15:17:27: [PP369] [Binance] Loaded step and tick sizes from existing file: 827 symbols 
2026-07-23 15:17:27: [PP369] [AutoTrade] Đã nạp leverageInfo cho 450 coin từ cache. 
2026-07-23 15:17:27: [PP369] [PP369Stream] Kết nối WebSocket thành công (market/stream) 
2026-07-23 15:17:31: [PP369] [AutoTrade] Bắt đầu scan... 
2026-07-23 15:22:48: [PP369] [AutoTrade] MELANIA → SHORT (Score: +5.3đ) tại $0.085 
2026-07-23 15:22:48: [PP369] [AutoTrade] MELANIA SHORT không đạt Tiêu chí 2 (Biến động H1/M15 an toàn) — bỏ qua 
2026-07-23 15:40:47: [PP369] [AutoTrade] JTO → SHORT (Score: +3.4đ) tại $0.6311 
2026-07-23 15:40:47: [PP369] [AutoTrade] JTO SHORT có Score = 3.4đ < 5.5đ — bỏ qua 
2026-07-23 15:47:25: [PP369] [Binance] Đã đồng bộ giờ: offset = 110518ms (Giờ server: 2026-07-23T08:49:15.732Z) 
2026-07-23 15:48:49: [PP369] [AutoTrade] H → SHORT (Score: +3.8đ) tại $0.0611 
2026-07-23 15:48:49: [PP369] [AutoTrade] H SHORT có Score = 3.8đ < 5.5đ — bỏ qua 
2026-07-23 16:02:49: [PP369] [AutoTrade] B2 → LONG (Score: +4.6đ) tại $0.3699 
2026-07-23 16:02:49: [PP369] [AutoTrade] B2 LONG không đạt Tiêu chí 2 (Biến động H1/M15 an toàn) — bỏ qua 
2026-07-23 16:17:25: [PP369] [Binance] Đã đồng bộ giờ: offset = 110695ms (Giờ server: 2026-07-23T09:19:15.912Z) 
2026-07-23 16:22:49: [PP369] [AutoTrade] MANTA → LONG (Score: +5.1đ) tại $0.06205 
2026-07-23 16:22:49: [PP369] [AutoTrade] MANTA LONG có Score = 5.1đ < 5.5đ — bỏ qua 
2026-07-23 16:23:47: [PP369] [AutoTrade] RIF → SHORT (Score: +1.3đ) tại $0.07968 
2026-07-23 16:23:47: [PP369] [AutoTrade] RIF SHORT không đạt Tiêu chí 2 (Biến động H1/M15 an toàn) — bỏ qua 
2026-07-23 16:24:47: [PP369] [AutoTrade] MANTA → LONG (Score: +5.1đ) tại $0.06205 
2026-07-23 16:24:47: [PP369] [AutoTrade] MANTA LONG có Score = 5.1đ < 5.5đ — bỏ qua 
2026-07-23 16:25:17: [PP369] [AutoTrade] MANTA → LONG (Score: +5.1đ) tại $0.06205 
2026-07-23 16:25:17: [PP369] [AutoTrade] MANTA LONG có Score = 5.1đ < 5.5đ — bỏ qua 
2026-07-23 16:25:47: [PP369] [AutoTrade] MANTA → LONG (Score: +5.1đ) tại $0.06205 
2026-07-23 16:25:47: [PP369] [AutoTrade] MANTA LONG có Score = 5.1đ < 5.5đ — bỏ qua 
2026-07-23 16:26:17: [PP369] [AutoTrade] MANTA → LONG (Score: +5.1đ) tại $0.06205 
2026-07-23 16:26:17: [PP369] [AutoTrade] MANTA LONG có Score = 5.1đ < 5.5đ — bỏ qua 
2026-07-23 16:26:47: [PP369] [AutoTrade] MANTA → LONG (Score: +5.1đ) tại $0.06205 
2026-07-23 16:26:47: [PP369] [AutoTrade] MANTA LONG có Score = 5.1đ < 5.5đ — bỏ qua 
2026-07-23 16:27:17: [PP369] [AutoTrade] MANTA → LONG (Score: +5.1đ) tại $0.06205 
2026-07-23 16:27:17: [PP369] [AutoTrade] MANTA LONG có Score = 5.1đ < 5.5đ — bỏ qua 
2026-07-23 16:27:47: [PP369] [AutoTrade] MANTA → LONG (Score: +5.1đ) tại $0.06205 
2026-07-23 16:27:47: [PP369] [AutoTrade] MANTA LONG có Score = 5.1đ < 5.5đ — bỏ qua 
2026-07-23 16:28:18: [PP369] [AutoTrade] MANTA → LONG (Score: +5.1đ) tại $0.06205 
2026-07-23 16:28:18: [PP369] [AutoTrade] MANTA LONG có Score = 5.1đ < 5.5đ — bỏ qua 
2026-07-23 16:28:47: [PP369] [AutoTrade] MANTA → LONG (Score: +5.1đ) tại $0.06205 
2026-07-23 16:28:47: [PP369] [AutoTrade] MANTA LONG có Score = 5.1đ < 5.5đ — bỏ qua 
2026-07-23 16:29:17: [PP369] [AutoTrade] MANTA → LONG (Score: +5.1đ) tại $0.06205 
2026-07-23 16:29:17: [PP369] [AutoTrade] MANTA LONG có Score = 5.1đ < 5.5đ — bỏ qua 
2026-07-23 16:29:47: [PP369] [AutoTrade] MANTA → LONG (Score: +5.1đ) tại $0.06205 
2026-07-23 16:29:47: [PP369] [AutoTrade] MANTA LONG có Score = 5.1đ < 5.5đ — bỏ qua 
2026-07-23 16:30:17: [PP369] [AutoTrade] MANTA → LONG (Score: +5.1đ) tại $0.06205 
2026-07-23 16:30:17: [PP369] [AutoTrade] MANTA LONG có Score = 5.1đ < 5.5đ — bỏ qua 
2026-07-23 16:30:47: [PP369] [AutoTrade] MANTA → LONG (Score: +5.1đ) tại $0.06205 
2026-07-23 16:30:47: [PP369] [AutoTrade] MANTA LONG có Score = 5.1đ < 5.5đ — bỏ qua 
2026-07-23 16:31:18: [PP369] [AutoTrade] MANTA → LONG (Score: +5.1đ) tại $0.06205 
2026-07-23 16:31:18: [PP369] [AutoTrade] MANTA LONG có Score = 5.1đ < 5.5đ — bỏ qua 
2026-07-23 16:31:47: [PP369] [AutoTrade] MANTA → LONG (Score: +5.1đ) tại $0.06205 
2026-07-23 16:31:47: [PP369] [AutoTrade] MANTA LONG có Score = 5.1đ < 5.5đ — bỏ qua 
2026-07-23 16:32:17: [PP369] [AutoTrade] MANTA → LONG (Score: +5.1đ) tại $0.06205 
2026-07-23 16:32:17: [PP369] [AutoTrade] MANTA LONG có Score = 5.1đ < 5.5đ — bỏ qua 
2026-07-23 16:32:47: [PP369] [AutoTrade] MANTA → LONG (Score: +5.1đ) tại $0.06205 
2026-07-23 16:32:47: [PP369] [AutoTrade] MANTA LONG có Score = 5.1đ < 5.5đ — bỏ qua 
2026-07-23 16:33:17: [PP369] [AutoTrade] MANTA → LONG (Score: +5.1đ) tại $0.06205 
2026-07-23 16:33:17: [PP369] [AutoTrade] MANTA LONG có Score = 5.1đ < 5.5đ — bỏ qua 
2026-07-23 16:33:47: [PP369] [AutoTrade] MANTA → LONG (Score: +5.1đ) tại $0.06205 
2026-07-23 16:33:47: [PP369] [AutoTrade] MANTA LONG có Score = 5.1đ < 5.5đ — bỏ qua 
2026-07-23 16:34:17: [PP369] [AutoTrade] MANTA → LONG (Score: +5.1đ) tại $0.06205 
2026-07-23 16:34:17: [PP369] [AutoTrade] MANTA LONG có Score = 5.1đ < 5.5đ — bỏ qua 
2026-07-23 16:34:47: [PP369] [AutoTrade] MANTA → LONG (Score: +5.1đ) tại $0.06205 
2026-07-23 16:34:47: [PP369] [AutoTrade] MANTA LONG có Score = 5.1đ < 5.5đ — bỏ qua 
2026-07-23 16:35:17: [PP369] [AutoTrade] MANTA → LONG (Score: +5.1đ) tại $0.06205 
2026-07-23 16:35:17: [PP369] [AutoTrade] MANTA LONG có Score = 5.1đ < 5.5đ — bỏ qua 
2026-07-23 16:35:47: [PP369] [AutoTrade] MANTA → LONG (Score: +5.1đ) tại $0.06205 
2026-07-23 16:35:47: [PP369] [AutoTrade] MANTA LONG có Score = 5.1đ < 5.5đ — bỏ qua 
2026-07-23 16:36:17: [PP369] [AutoTrade] MANTA → LONG (Score: +5.1đ) tại $0.06205 
2026-07-23 16:36:17: [PP369] [AutoTrade] MANTA LONG có Score = 5.1đ < 5.5đ — bỏ qua 
2026-07-23 16:36:47: [PP369] [AutoTrade] MANTA → LONG (Score: +5.1đ) tại $0.06205 
2026-07-23 16:36:47: [PP369] [AutoTrade] MANTA LONG có Score = 5.1đ < 5.5đ — bỏ qua 
2026-07-23 16:37:17: [PP369] [AutoTrade] MANTA → LONG (Score: +5.1đ) tại $0.06205 
2026-07-23 16:37:17: [PP369] [AutoTrade] MANTA LONG có Score = 5.1đ < 5.5đ — bỏ qua 
2026-07-23 16:37:48: [PP369] [AutoTrade] MANTA → LONG (Score: +5.1đ) tại $0.06205 
2026-07-23 16:37:48: [PP369] [AutoTrade] MANTA LONG có Score = 5.1đ < 5.5đ — bỏ qua 
2026-07-23 16:38:17: [PP369] [AutoTrade] MANTA → LONG (Score: +5.1đ) tại $0.06205 
2026-07-23 16:38:17: [PP369] [AutoTrade] MANTA LONG có Score = 5.1đ < 5.5đ — bỏ qua 
2026-07-23 16:38:47: [PP369] [AutoTrade] MANTA → LONG (Score: +5.1đ) tại $0.06205 
2026-07-23 16:38:47: [PP369] [AutoTrade] MANTA LONG có Score = 5.1đ < 5.5đ — bỏ qua 
2026-07-23 16:39:17: [PP369] [AutoTrade] MANTA → LONG (Score: +5.1đ) tại $0.06205 
2026-07-23 16:39:17: [PP369] [AutoTrade] MANTA LONG có Score = 5.1đ < 5.5đ — bỏ qua 
2026-07-23 16:39:47: [PP369] [AutoTrade] MANTA → LONG (Score: +5.1đ) tại $0.06205 
2026-07-23 16:39:47: [PP369] [AutoTrade] MANTA LONG có Score = 5.1đ < 5.5đ — bỏ qua 
2026-07-23 16:40:18: [PP369] [AutoTrade] MANTA → LONG (Score: +5.1đ) tại $0.06205 
2026-07-23 16:40:18: [PP369] [AutoTrade] MANTA LONG có Score = 5.1đ < 5.5đ — bỏ qua 
2026-07-23 16:40:47: [PP369] [AutoTrade] MANTA → LONG (Score: +5.1đ) tại $0.06205 
2026-07-23 16:40:47: [PP369] [AutoTrade] MANTA LONG có Score = 5.1đ < 5.5đ — bỏ qua 
2026-07-23 16:41:17: [PP369] [AutoTrade] MANTA → LONG (Score: +5.1đ) tại $0.06205 
2026-07-23 16:41:17: [PP369] [AutoTrade] MANTA LONG có Score = 5.1đ < 5.5đ — bỏ qua 
2026-07-23 16:41:47: [PP369] [AutoTrade] MANTA → LONG (Score: +5.1đ) tại $0.06205 
2026-07-23 16:41:47: [PP369] [AutoTrade] MANTA LONG có Score = 5.1đ < 5.5đ — bỏ qua 
2026-07-23 16:42:17: [PP369] [AutoTrade] MANTA → LONG (Score: +5.1đ) tại $0.06205 
2026-07-23 16:42:17: [PP369] [AutoTrade] MANTA LONG có Score = 5.1đ < 5.5đ — bỏ qua 
2026-07-23 16:42:47: [PP369] [AutoTrade] MANTA → LONG (Score: +5.1đ) tại $0.06205 
2026-07-23 16:42:47: [PP369] [AutoTrade] MANTA LONG có Score = 5.1đ < 5.5đ — bỏ qua 
2026-07-23 16:43:17: [PP369] [AutoTrade] MANTA → LONG (Score: +5.1đ) tại $0.06205 
2026-07-23 16:43:17: [PP369] [AutoTrade] MANTA LONG có Score = 5.1đ < 5.5đ — bỏ qua 
2026-07-23 16:43:47: [PP369] [AutoTrade] MANTA → LONG (Score: +5.1đ) tại $0.06205 
2026-07-23 16:43:47: [PP369] [AutoTrade] MANTA LONG có Score = 5.1đ < 5.5đ — bỏ qua 
2026-07-23 16:44:17: [PP369] [AutoTrade] MANTA → LONG (Score: +5.1đ) tại $0.06205 
2026-07-23 16:44:17: [PP369] [AutoTrade] MANTA LONG có Score = 5.1đ < 5.5đ — bỏ qua 
2026-07-23 16:44:48: [PP369] [AutoTrade] MANTA → LONG (Score: +5.1đ) tại $0.06205 
2026-07-23 16:44:48: [PP369] [AutoTrade] MANTA LONG có Score = 5.1đ < 5.5đ — bỏ qua 
2026-07-23 16:45:18: [PP369] [AutoTrade] MANTA → LONG (Score: +5.1đ) tại $0.06205 
2026-07-23 16:45:18: [PP369] [AutoTrade] MANTA LONG có Score = 5.1đ < 5.5đ — bỏ qua 
2026-07-23 16:45:47: [PP369] [AutoTrade] MANTA → LONG (Score: +5.1đ) tại $0.06205 
2026-07-23 16:45:47: [PP369] [AutoTrade] MANTA LONG có Score = 5.1đ < 5.5đ — bỏ qua 
2026-07-23 16:46:17: [PP369] [AutoTrade] MANTA → LONG (Score: +5.1đ) tại $0.06205 
2026-07-23 16:46:17: [PP369] [AutoTrade] MANTA LONG có Score = 5.1đ < 5.5đ — bỏ qua 
2026-07-23 16:46:47: [PP369] [AutoTrade] MANTA → LONG (Score: +5.1đ) tại $0.06205 
2026-07-23 16:46:47: [PP369] [AutoTrade] MANTA LONG có Score = 5.1đ < 5.5đ — bỏ qua 
2026-07-23 16:47:17: [PP369] [AutoTrade] MANTA → LONG (Score: +5.1đ) tại $0.06205 
2026-07-23 16:47:17: [PP369] [AutoTrade] MANTA LONG có Score = 5.1đ < 5.5đ — bỏ qua 
2026-07-23 16:47:25: [PP369] [Binance] Đã đồng bộ giờ: offset = 110870ms (Giờ server: 2026-07-23T09:49:16.089Z) 
2026-07-23 16:47:47: [PP369] [AutoTrade] MANTA → LONG (Score: +5.1đ) tại $0.06205 
2026-07-23 16:47:47: [PP369] [AutoTrade] MANTA LONG có Score = 5.1đ < 5.5đ — bỏ qua 
2026-07-23 16:48:17: [PP369] [AutoTrade] MANTA → LONG (Score: +5.1đ) tại $0.06205 
2026-07-23 16:48:17: [PP369] [AutoTrade] MANTA LONG có Score = 5.1đ < 5.5đ — bỏ qua 
2026-07-23 16:48:47: [PP369] [AutoTrade] MANTA → LONG (Score: +5.1đ) tại $0.06205 
2026-07-23 16:48:47: [PP369] [AutoTrade] MANTA LONG có Score = 5.1đ < 5.5đ — bỏ qua 
2026-07-23 16:49:17: [PP369] [AutoTrade] MANTA → LONG (Score: +5.1đ) tại $0.06205 
2026-07-23 16:49:17: [PP369] [AutoTrade] MANTA LONG có Score = 5.1đ < 5.5đ — bỏ qua 
2026-07-23 16:49:47: [PP369] [AutoTrade] MANTA → LONG (Score: +5.1đ) tại $0.06205 
2026-07-23 16:49:47: [PP369] [AutoTrade] MANTA LONG có Score = 5.1đ < 5.5đ — bỏ qua 
2026-07-23 16:50:47: [PP369] [AutoTrade] ROSE → LONG (Score: +4.6đ) tại $0.00538 
2026-07-23 16:50:47: [PP369] [AutoTrade] ROSE LONG có Score = 4.6đ < 5.5đ — bỏ qua 
2026-07-23 16:53:47: [PP369] [AutoTrade] ROSE → LONG (Score: +4.6đ) tại $0.00538 
2026-07-23 16:53:47: [PP369] [AutoTrade] ROSE LONG có Score = 4.6đ < 5.5đ — bỏ qua 
2026-07-23 16:53:49: [PP369] [AutoTrade] AKT → LONG (Score: +3.2đ) tại $0.5325 
2026-07-23 16:53:49: [PP369] [AutoTrade] AKT LONG có Score = 3.2đ < 5.5đ — bỏ qua 
2026-07-23 16:54:17: [PP369] [AutoTrade] ROSE → LONG (Score: +4.6đ) tại $0.00538 
2026-07-23 16:54:17: [PP369] [AutoTrade] ROSE LONG có Score = 4.6đ < 5.5đ — bỏ qua 
2026-07-23 16:54:46: [PP369] [AutoTrade] ROSE → LONG (Score: +4.6đ) tại $0.00538 
2026-07-23 16:54:46: [PP369] [AutoTrade] ROSE LONG có Score = 4.6đ < 5.5đ — bỏ qua 
2026-07-23 16:55:17: [PP369] [AutoTrade] ROSE → LONG (Score: +4.6đ) tại $0.00538 
2026-07-23 16:55:17: [PP369] [AutoTrade] ROSE LONG có Score = 4.6đ < 5.5đ — bỏ qua 
2026-07-23 16:55:47: [PP369] [AutoTrade] ROSE → LONG (Score: +4.6đ) tại $0.00538 
2026-07-23 16:55:47: [PP369] [AutoTrade] ROSE LONG có Score = 4.6đ < 5.5đ — bỏ qua 
2026-07-23 16:56:17: [PP369] [AutoTrade] ROSE → LONG (Score: +4.6đ) tại $0.00538 
2026-07-23 16:56:17: [PP369] [AutoTrade] ROSE LONG có Score = 4.6đ < 5.5đ — bỏ qua 
2026-07-23 16:56:47: [PP369] [AutoTrade] ROSE → LONG (Score: +4.6đ) tại $0.00538 
2026-07-23 16:56:47: [PP369] [AutoTrade] ROSE LONG có Score = 4.6đ < 5.5đ — bỏ qua 
2026-07-23 16:57:17: [PP369] [AutoTrade] IOTA → LONG (Score: +5.1đ) tại $0.0357 
2026-07-23 16:57:17: [PP369] [AutoTrade] IOTA LONG có Score = 5.1đ < 5.5đ — bỏ qua 
2026-07-23 16:57:18: [PP369] [AutoTrade] ROSE → LONG (Score: +4.6đ) tại $0.00538 
2026-07-23 16:57:18: [PP369] [AutoTrade] ROSE LONG có Score = 4.6đ < 5.5đ — bỏ qua 
2026-07-23 16:57:46: [PP369] [AutoTrade] IOTA → LONG (Score: +5.1đ) tại $0.0357 
2026-07-23 16:57:46: [PP369] [AutoTrade] IOTA LONG có Score = 5.1đ < 5.5đ — bỏ qua 
2026-07-23 16:57:47: [PP369] [AutoTrade] ROSE → LONG (Score: +4.6đ) tại $0.00538 
2026-07-23 16:57:47: [PP369] [AutoTrade] ROSE LONG có Score = 4.6đ < 5.5đ — bỏ qua 
2026-07-23 16:58:16: [PP369] [AutoTrade] IOTA → LONG (Score: +5.1đ) tại $0.0357 
2026-07-23 16:58:16: [PP369] [AutoTrade] IOTA LONG có Score = 5.1đ < 5.5đ — bỏ qua 
2026-07-23 16:58:17: [PP369] [AutoTrade] ROSE → LONG (Score: +4.6đ) tại $0.00538 
2026-07-23 16:58:17: [PP369] [AutoTrade] ROSE LONG có Score = 4.6đ < 5.5đ — bỏ qua 
2026-07-23 16:58:18: [PP369] [AutoTrade] AKT → LONG (Score: +3.2đ) tại $0.5325 
2026-07-23 16:58:18: [PP369] [AutoTrade] AKT LONG có Score = 3.2đ < 5.5đ — bỏ qua 
2026-07-23 16:58:46: [PP369] [AutoTrade] IOTA → LONG (Score: +5.1đ) tại $0.0357 
2026-07-23 16:58:46: [PP369] [AutoTrade] IOTA LONG có Score = 5.1đ < 5.5đ — bỏ qua 
2026-07-23 16:58:47: [PP369] [AutoTrade] ROSE → LONG (Score: +4.6đ) tại $0.00538 
2026-07-23 16:58:47: [PP369] [AutoTrade] ROSE LONG có Score = 4.6đ < 5.5đ — bỏ qua 
2026-07-23 16:59:16: [PP369] [AutoTrade] IOTA → LONG (Score: +5.1đ) tại $0.0357 
2026-07-23 16:59:16: [PP369] [AutoTrade] IOTA LONG có Score = 5.1đ < 5.5đ — bỏ qua 
2026-07-23 16:59:17: [PP369] [AutoTrade] ROSE → LONG (Score: +4.6đ) tại $0.00538 
2026-07-23 16:59:17: [PP369] [AutoTrade] ROSE LONG có Score = 4.6đ < 5.5đ — bỏ qua 
2026-07-23 16:59:47: [PP369] [AutoTrade] ROSE → LONG (Score: +4.6đ) tại $0.00538 
2026-07-23 16:59:47: [PP369] [AutoTrade] ROSE LONG có Score = 4.6đ < 5.5đ — bỏ qua 
2026-07-23 17:00:19: [PP369] [AutoTrade] ROSE → LONG (Score: +5.1đ) tại $0.00538 
2026-07-23 17:00:19: [PP369] [AutoTrade] ROSE LONG có Score = 5.1đ < 5.5đ — bỏ qua 
2026-07-23 17:00:47: [PP369] [AutoTrade] ROSE → LONG (Score: +5.1đ) tại $0.00538 
2026-07-23 17:00:47: [PP369] [AutoTrade] ROSE LONG có Score = 5.1đ < 5.5đ — bỏ qua 
2026-07-23 17:01:16: [PP369] [AutoTrade] ROSE → LONG (Score: +5.1đ) tại $0.00538 
2026-07-23 17:01:16: [PP369] [AutoTrade] ROSE LONG có Score = 5.1đ < 5.5đ — bỏ qua 
2026-07-23 17:01:46: [PP369] [AutoTrade] ROSE → LONG (Score: +5.1đ) tại $0.00538 
2026-07-23 17:01:46: [PP369] [AutoTrade] ROSE LONG có Score = 5.1đ < 5.5đ — bỏ qua 
2026-07-23 17:02:16: [PP369] [AutoTrade] ROSE → LONG (Score: +5.1đ) tại $0.00538 
2026-07-23 17:02:16: [PP369] [AutoTrade] ROSE LONG có Score = 5.1đ < 5.5đ — bỏ qua 
2026-07-23 17:02:46: [PP369] [AutoTrade] ROSE → LONG (Score: +5.1đ) tại $0.00538 
2026-07-23 17:02:46: [PP369] [AutoTrade] ROSE LONG có Score = 5.1đ < 5.5đ — bỏ qua 
2026-07-23 17:03:17: [PP369] [AutoTrade] ROSE → LONG (Score: +5.1đ) tại $0.00538 
2026-07-23 17:03:17: [PP369] [AutoTrade] ROSE LONG có Score = 5.1đ < 5.5đ — bỏ qua 
2026-07-23 17:03:46: [PP369] [AutoTrade] ROSE → LONG (Score: +5.1đ) tại $0.00538 
2026-07-23 17:03:46: [PP369] [AutoTrade] ROSE LONG có Score = 5.1đ < 5.5đ — bỏ qua 
2026-07-23 17:03:48: [PP369] [AutoTrade] BLESS → SHORT (Score: +4.8999999999999995đ) tại $0.00797 
2026-07-23 17:03:48: [PP369] [AutoTrade] BLESS SHORT có Score = 4.8999999999999995đ < 5.5đ — bỏ qua 
2026-07-23 17:04:16: [PP369] [AutoTrade] ROSE → LONG (Score: +5.1đ) tại $0.00538 
2026-07-23 17:04:16: [PP369] [AutoTrade] ROSE LONG có Score = 5.1đ < 5.5đ — bỏ qua 
2026-07-23 17:04:46: [PP369] [AutoTrade] ROSE → LONG (Score: +5.1đ) tại $0.00538 
2026-07-23 17:04:46: [PP369] [AutoTrade] ROSE LONG có Score = 5.1đ < 5.5đ — bỏ qua 
2026-07-23 17:04:47: [PP369] [AutoTrade] BLESS → SHORT (Score: +4.8999999999999995đ) tại $0.00797 
2026-07-23 17:04:47: [PP369] [AutoTrade] BLESS SHORT có Score = 4.8999999999999995đ < 5.5đ — bỏ qua 
2026-07-23 17:05:17: [PP369] [AutoTrade] BLESS → SHORT (Score: +4.8999999999999995đ) tại $0.00797 
2026-07-23 17:05:17: [PP369] [AutoTrade] BLESS SHORT có Score = 4.8999999999999995đ < 5.5đ — bỏ qua 
2026-07-23 17:07:16: [PP369] [AutoTrade] ROSE → LONG (Score: +5.1đ) tại $0.00538 
2026-07-23 17:07:16: [PP369] [AutoTrade] ROSE LONG có Score = 5.1đ < 5.5đ — bỏ qua 
2026-07-23 17:07:46: [PP369] [AutoTrade] ROSE → LONG (Score: +5.1đ) tại $0.00538 
2026-07-23 17:07:46: [PP369] [AutoTrade] ROSE LONG có Score = 5.1đ < 5.5đ — bỏ qua 
2026-07-23 17:08:17: [PP369] [AutoTrade] ROSE → LONG (Score: +5.1đ) tại $0.00538 
2026-07-23 17:08:17: [PP369] [AutoTrade] ROSE LONG có Score = 5.1đ < 5.5đ — bỏ qua 
2026-07-23 17:08:46: [PP369] [AutoTrade] ROSE → LONG (Score: +5.1đ) tại $0.00538 
2026-07-23 17:08:46: [PP369] [AutoTrade] ROSE LONG có Score = 5.1đ < 5.5đ — bỏ qua 
2026-07-23 17:09:16: [PP369] [AutoTrade] ROSE → LONG (Score: +5.1đ) tại $0.00538 
2026-07-23 17:09:16: [PP369] [AutoTrade] ROSE LONG có Score = 5.1đ < 5.5đ — bỏ qua 
2026-07-23 17:09:46: [PP369] [AutoTrade] ROSE → LONG (Score: +5.1đ) tại $0.00538 
2026-07-23 17:09:46: [PP369] [AutoTrade] ROSE LONG có Score = 5.1đ < 5.5đ — bỏ qua 
2026-07-23 17:10:16: [PP369] [AutoTrade] ROSE → LONG (Score: +5.1đ) tại $0.00538 
2026-07-23 17:10:16: [PP369] [AutoTrade] ROSE LONG có Score = 5.1đ < 5.5đ — bỏ qua 
2026-07-23 17:10:46: [PP369] [AutoTrade] ROSE → LONG (Score: +5.1đ) tại $0.00538 
2026-07-23 17:10:46: [PP369] [AutoTrade] ROSE LONG có Score = 5.1đ < 5.5đ — bỏ qua 
2026-07-23 17:11:16: [PP369] [AutoTrade] ROSE → LONG (Score: +5.1đ) tại $0.00538 
2026-07-23 17:11:16: [PP369] [AutoTrade] ROSE LONG có Score = 5.1đ < 5.5đ — bỏ qua 
2026-07-23 17:11:46: [PP369] [AutoTrade] ROSE → LONG (Score: +5.1đ) tại $0.00538 
2026-07-23 17:11:46: [PP369] [AutoTrade] ROSE LONG có Score = 5.1đ < 5.5đ — bỏ qua 
2026-07-23 17:12:17: [PP369] [AutoTrade] ROSE → LONG (Score: +5.1đ) tại $0.00538 
2026-07-23 17:12:17: [PP369] [AutoTrade] ROSE LONG có Score = 5.1đ < 5.5đ — bỏ qua 
2026-07-23 17:12:46: [PP369] [AutoTrade] ROSE → LONG (Score: +5.1đ) tại $0.00538 
2026-07-23 17:12:47: [PP369] [AutoTrade] ROSE LONG có Score = 5.1đ < 5.5đ — bỏ qua 
2026-07-23 17:13:16: [PP369] [AutoTrade] ROSE → LONG (Score: +5.1đ) tại $0.00538 
2026-07-23 17:13:16: [PP369] [AutoTrade] ROSE LONG có Score = 5.1đ < 5.5đ — bỏ qua 
2026-07-23 17:13:47: [PP369] [AutoTrade] ROSE → LONG (Score: +5.1đ) tại $0.00538 
2026-07-23 17:13:47: [PP369] [AutoTrade] ROSE LONG có Score = 5.1đ < 5.5đ — bỏ qua 
2026-07-23 17:13:49: [PP369] [AutoTrade] MANTA → LONG (Score: +5.1đ) tại $0.06205 
2026-07-23 17:13:49: [PP369] [AutoTrade] MANTA LONG có Score = 5.1đ < 5.5đ — bỏ qua 
2026-07-23 17:14:16: [PP369] [AutoTrade] ROSE → LONG (Score: +5.1đ) tại $0.00538 
2026-07-23 17:14:16: [PP369] [AutoTrade] ROSE LONG có Score = 5.1đ < 5.5đ — bỏ qua 
2026-07-23 17:14:47: [PP369] [AutoTrade] ROSE → LONG (Score: +5.1đ) tại $0.00538 
2026-07-23 17:14:47: [PP369] [AutoTrade] ROSE LONG có Score = 5.1đ < 5.5đ — bỏ qua 
2026-07-23 17:15:16: [PP369] [AutoTrade] ROSE → LONG (Score: +5.1đ) tại $0.00538 
2026-07-23 17:15:16: [PP369] [AutoTrade] ROSE LONG có Score = 5.1đ < 5.5đ — bỏ qua 
2026-07-23 17:15:46: [PP369] [AutoTrade] ROSE → LONG (Score: +5.1đ) tại $0.00538 
2026-07-23 17:15:46: [PP369] [AutoTrade] ROSE LONG có Score = 5.1đ < 5.5đ — bỏ qua 
2026-07-23 17:16:17: [PP369] [AutoTrade] ROSE → LONG (Score: +5.1đ) tại $0.00538 
2026-07-23 17:16:17: [PP369] [AutoTrade] ROSE LONG có Score = 5.1đ < 5.5đ — bỏ qua 
2026-07-23 17:16:47: [PP369] [AutoTrade] ROSE → LONG (Score: +5.1đ) tại $0.00538 
2026-07-23 17:16:47: [PP369] [AutoTrade] ROSE LONG có Score = 5.1đ < 5.5đ — bỏ qua 
2026-07-23 17:17:16: [PP369] [AutoTrade] ROSE → LONG (Score: +5.1đ) tại $0.00538 
2026-07-23 17:17:16: [PP369] [AutoTrade] ROSE LONG có Score = 5.1đ < 5.5đ — bỏ qua 
2026-07-23 17:17:25: [PP369] [Binance] Đã đồng bộ giờ: offset = 111046ms (Giờ server: 2026-07-23T10:19:16.233Z) 
2026-07-23 17:17:46: [PP369] [AutoTrade] ROSE → LONG (Score: +5.1đ) tại $0.00538 
2026-07-23 17:17:46: [PP369] [AutoTrade] ROSE LONG có Score = 5.1đ < 5.5đ — bỏ qua 
2026-07-23 17:18:16: [PP369] [AutoTrade] ROSE → LONG (Score: +5.1đ) tại $0.00538 
2026-07-23 17:18:17: [PP369] [AutoTrade] ROSE LONG có Score = 5.1đ < 5.5đ — bỏ qua 
2026-07-23 17:18:46: [PP369] [AutoTrade] ROSE → LONG (Score: +5.1đ) tại $0.00538 
2026-07-23 17:18:46: [PP369] [AutoTrade] ROSE LONG có Score = 5.1đ < 5.5đ — bỏ qua 
2026-07-23 17:19:16: [PP369] [AutoTrade] ROSE → LONG (Score: +5.1đ) tại $0.00538 
2026-07-23 17:19:16: [PP369] [AutoTrade] ROSE LONG có Score = 5.1đ < 5.5đ — bỏ qua 
2026-07-23 17:19:17: [PP369] [AutoTrade] MANTA → LONG (Score: +5.1đ) tại $0.06205 
2026-07-23 17:19:17: [PP369] [AutoTrade] MANTA LONG có Score = 5.1đ < 5.5đ — bỏ qua 
2026-07-23 17:19:46: [PP369] [AutoTrade] ROSE → LONG (Score: +5.1đ) tại $0.00538 
2026-07-23 17:19:46: [PP369] [AutoTrade] ROSE LONG có Score = 5.1đ < 5.5đ — bỏ qua 
2026-07-23 17:20:16: [PP369] [AutoTrade] ROSE → LONG (Score: +5.1đ) tại $0.00538 
2026-07-23 17:20:16: [PP369] [AutoTrade] ROSE LONG có Score = 5.1đ < 5.5đ — bỏ qua 
2026-07-23 17:20:17: [PP369] [AutoTrade] MANTA → LONG (Score: +5.1đ) tại $0.06205 
2026-07-23 17:20:17: [PP369] [AutoTrade] MANTA LONG có Score = 5.1đ < 5.5đ — bỏ qua 
2026-07-23 17:20:46: [PP369] [AutoTrade] ROSE → LONG (Score: +5.1đ) tại $0.00538 
2026-07-23 17:20:46: [PP369] [AutoTrade] ROSE LONG có Score = 5.1đ < 5.5đ — bỏ qua 
2026-07-23 17:21:16: [PP369] [AutoTrade] ROSE → LONG (Score: +5.1đ) tại $0.00538 
2026-07-23 17:21:16: [PP369] [AutoTrade] ROSE LONG có Score = 5.1đ < 5.5đ — bỏ qua 
2026-07-23 17:21:46: [PP369] [AutoTrade] ROSE → LONG (Score: +5.1đ) tại $0.00538 
2026-07-23 17:21:46: [PP369] [AutoTrade] ROSE LONG có Score = 5.1đ < 5.5đ — bỏ qua 
2026-07-23 17:22:16: [PP369] [AutoTrade] ROSE → LONG (Score: +5.1đ) tại $0.00538 
2026-07-23 17:22:16: [PP369] [AutoTrade] ROSE LONG có Score = 5.1đ < 5.5đ — bỏ qua 
2026-07-23 17:23:16: [PP369] [AutoTrade] MANTA → LONG (Score: +5.1đ) tại $0.06205 
2026-07-23 17:23:16: [PP369] [AutoTrade] MANTA LONG có Score = 5.1đ < 5.5đ — bỏ qua 
2026-07-23 17:23:46: [PP369] [AutoTrade] MANTA → LONG (Score: +5.1đ) tại $0.06205 
2026-07-23 17:23:46: [PP369] [AutoTrade] MANTA LONG có Score = 5.1đ < 5.5đ — bỏ qua 
2026-07-23 17:24:16: [PP369] [AutoTrade] MANTA → LONG (Score: +5.1đ) tại $0.06205 
2026-07-23 17:24:16: [PP369] [AutoTrade] MANTA LONG có Score = 5.1đ < 5.5đ — bỏ qua 
2026-07-23 17:24:46: [PP369] [AutoTrade] MANTA → LONG (Score: +5.1đ) tại $0.06205 
2026-07-23 17:24:46: [PP369] [AutoTrade] MANTA LONG có Score = 5.1đ < 5.5đ — bỏ qua 
2026-07-23 17:25:17: [PP369] [AutoTrade] MANTA → LONG (Score: +5.1đ) tại $0.06205 
2026-07-23 17:25:17: [PP369] [AutoTrade] MANTA LONG có Score = 5.1đ < 5.5đ — bỏ qua 
2026-07-23 17:28:46: [PP369] [AutoTrade] ROSE → LONG (Score: +4.6đ) tại $0.00538 
2026-07-23 17:28:46: [PP369] [AutoTrade] ROSE LONG có Score = 4.6đ < 5.5đ — bỏ qua 
2026-07-23 17:29:16: [PP369] [AutoTrade] ROSE → LONG (Score: +4.6đ) tại $0.00538 
2026-07-23 17:29:16: [PP369] [AutoTrade] ROSE LONG có Score = 4.6đ < 5.5đ — bỏ qua 
2026-07-23 17:33:17: [PP369] [AutoTrade] MANTA → LONG (Score: +5.1đ) tại $0.06205 
2026-07-23 17:33:17: [PP369] [AutoTrade] MANTA LONG có Score = 5.1đ < 5.5đ — bỏ qua 
2026-07-23 17:33:46: [PP369] [AutoTrade] MANTA → LONG (Score: +5.1đ) tại $0.06205 
2026-07-23 17:33:46: [PP369] [AutoTrade] MANTA LONG có Score = 5.1đ < 5.5đ — bỏ qua 
2026-07-23 17:42:48: [PP369] [AutoTrade] KAITO → SHORT (Score: +3.4đ) tại $1.0162 
2026-07-23 17:42:48: [PP369] [AutoTrade] KAITO SHORT có Score = 3.4đ < 5.5đ — bỏ qua 
2026-07-23 17:43:17: [PP369] [AutoTrade] KAITO → SHORT (Score: +3.4đ) tại $1.0162 
2026-07-23 17:43:17: [PP369] [AutoTrade] KAITO SHORT có Score = 3.4đ < 5.5đ — bỏ qua 
2026-07-23 17:43:47: [PP369] [AutoTrade] KAITO → SHORT (Score: +3.4đ) tại $1.0162 
2026-07-23 17:43:47: [PP369] [AutoTrade] KAITO SHORT có Score = 3.4đ < 5.5đ — bỏ qua 
2026-07-23 17:44:18: [PP369] [AutoTrade] KAITO → SHORT (Score: +3.4đ) tại $1.0162 
2026-07-23 17:44:18: [PP369] [AutoTrade] KAITO SHORT có Score = 3.4đ < 5.5đ — bỏ qua 
2026-07-23 17:47:17: [PP369] [AutoTrade] KAITO → SHORT (Score: +3.5999999999999996đ) tại $1.0162 
2026-07-23 17:47:17: [PP369] [AutoTrade] KAITO SHORT có Score = 3.5999999999999996đ < 5.5đ — bỏ qua 
2026-07-23 17:47:25: [PP369] [Binance] Đã đồng bộ giờ: offset = 111222ms (Giờ server: 2026-07-23T10:49:16.411Z) 
2026-07-23 17:49:46: [PP369] [AutoTrade] KAITO → SHORT (Score: +3.5999999999999996đ) tại $1.0162 
2026-07-23 17:49:46: [PP369] [AutoTrade] KAITO SHORT có Score = 3.5999999999999996đ < 5.5đ — bỏ qua 
2026-07-23 17:50:17: [PP369] [AutoTrade] KAITO → SHORT (Score: +3.5999999999999996đ) tại $1.0162 
2026-07-23 17:50:17: [PP369] [AutoTrade] KAITO SHORT có Score = 3.5999999999999996đ < 5.5đ — bỏ qua 
2026-07-23 17:50:47: [PP369] [AutoTrade] KAITO → SHORT (Score: +3.5999999999999996đ) tại $1.0162 
2026-07-23 17:50:47: [PP369] [AutoTrade] KAITO SHORT có Score = 3.5999999999999996đ < 5.5đ — bỏ qua 
2026-07-23 17:51:17: [PP369] [AutoTrade] KAITO → SHORT (Score: +3.5999999999999996đ) tại $1.0162 
2026-07-23 17:51:17: [PP369] [AutoTrade] KAITO SHORT có Score = 3.5999999999999996đ < 5.5đ — bỏ qua 
2026-07-23 17:51:47: [PP369] [AutoTrade] KAITO → SHORT (Score: +3.5999999999999996đ) tại $1.0162 
2026-07-23 17:51:47: [PP369] [AutoTrade] KAITO SHORT có Score = 3.5999999999999996đ < 5.5đ — bỏ qua 
2026-07-23 17:54:47: [PP369] [AutoTrade] KAITO → SHORT (Score: +3.5999999999999996đ) tại $1.0162 
2026-07-23 17:54:47: [PP369] [AutoTrade] KAITO SHORT có Score = 3.5999999999999996đ < 5.5đ — bỏ qua 
2026-07-23 17:55:17: [PP369] [AutoTrade] KAITO → SHORT (Score: +3.5999999999999996đ) tại $1.0162 
2026-07-23 17:55:17: [PP369] [AutoTrade] KAITO SHORT có Score = 3.5999999999999996đ < 5.5đ — bỏ qua 
2026-07-23 17:58:48: [PP369] [AutoTrade] COAI → SHORT (Score: +4.199999999999999đ) tại $0.3453 
2026-07-23 17:58:48: [PP369] [AutoTrade] COAI SHORT có Score = 4.199999999999999đ < 5.5đ — bỏ qua 
2026-07-23 17:59:17: [PP369] [AutoTrade] COAI → SHORT (Score: +4.199999999999999đ) tại $0.3453 
2026-07-23 17:59:17: [PP369] [AutoTrade] COAI SHORT có Score = 4.199999999999999đ < 5.5đ — bỏ qua 
2026-07-23 17:59:47: [PP369] [AutoTrade] COAI → SHORT (Score: +4.199999999999999đ) tại $0.3453 
2026-07-23 17:59:47: [PP369] [AutoTrade] COAI SHORT có Score = 4.199999999999999đ < 5.5đ — bỏ qua 
2026-07-23 18:00:22: [PP369] [AutoTrade] COAI → SHORT (Score: +4.699999999999999đ) tại $0.3453 
2026-07-23 18:00:22: [PP369] [AutoTrade] COAI SHORT có Score = 4.699999999999999đ < 5.5đ — bỏ qua 
2026-07-23 18:11:17: [PP369] [AutoTrade] COAI → SHORT (Score: +4.699999999999999đ) tại $0.3453 
2026-07-23 18:11:17: [PP369] [AutoTrade] COAI SHORT có Score = 4.699999999999999đ < 5.5đ — bỏ qua 
2026-07-23 18:12:47: [PP369] [AutoTrade] COAI → SHORT (Score: +4.699999999999999đ) tại $0.3453 
2026-07-23 18:12:47: [PP369] [AutoTrade] COAI SHORT có Score = 4.699999999999999đ < 5.5đ — bỏ qua 
2026-07-23 18:13:17: [PP369] [AutoTrade] COAI → SHORT (Score: +4.699999999999999đ) tại $0.3453 
2026-07-23 18:13:17: [PP369] [AutoTrade] COAI SHORT có Score = 4.699999999999999đ < 5.5đ — bỏ qua 
2026-07-23 18:13:47: [PP369] [AutoTrade] COAI → SHORT (Score: +4.699999999999999đ) tại $0.3453 
2026-07-23 18:13:47: [PP369] [AutoTrade] COAI SHORT có Score = 4.699999999999999đ < 5.5đ — bỏ qua 
2026-07-23 18:14:17: [PP369] [AutoTrade] COAI → SHORT (Score: +4.699999999999999đ) tại $0.3453 
2026-07-23 18:14:17: [PP369] [AutoTrade] COAI SHORT có Score = 4.699999999999999đ < 5.5đ — bỏ qua 
2026-07-23 18:14:47: [PP369] [AutoTrade] COAI → SHORT (Score: +4.699999999999999đ) tại $0.3453 
2026-07-23 18:14:47: [PP369] [AutoTrade] COAI SHORT có Score = 4.699999999999999đ < 5.5đ — bỏ qua 
2026-07-23 18:15:17: [PP369] [AutoTrade] COAI → SHORT (Score: +4.699999999999999đ) tại $0.3453 
2026-07-23 18:15:17: [PP369] [AutoTrade] COAI SHORT có Score = 4.699999999999999đ < 5.5đ — bỏ qua 
2026-07-23 18:15:47: [PP369] [AutoTrade] COAI → SHORT (Score: +4.699999999999999đ) tại $0.3453 
2026-07-23 18:15:47: [PP369] [AutoTrade] COAI SHORT có Score = 4.699999999999999đ < 5.5đ — bỏ qua 
2026-07-23 18:16:17: [PP369] [AutoTrade] COAI → SHORT (Score: +4.699999999999999đ) tại $0.3453 
2026-07-23 18:16:17: [PP369] [AutoTrade] COAI SHORT có Score = 4.699999999999999đ < 5.5đ — bỏ qua 
2026-07-23 18:16:47: [PP369] [AutoTrade] COAI → SHORT (Score: +4.699999999999999đ) tại $0.3453 
2026-07-23 18:16:47: [PP369] [AutoTrade] COAI SHORT có Score = 4.699999999999999đ < 5.5đ — bỏ qua 
2026-07-23 18:17:17: [PP369] [AutoTrade] COAI → SHORT (Score: +4.699999999999999đ) tại $0.3453 
2026-07-23 18:17:17: [PP369] [AutoTrade] COAI SHORT có Score = 4.699999999999999đ < 5.5đ — bỏ qua 
2026-07-23 18:17:25: [PP369] [Binance] Đã đồng bộ giờ: offset = 111397ms (Giờ server: 2026-07-23T11:19:16.598Z) 
2026-07-23 18:18:47: [PP369] [AutoTrade] COAI → SHORT (Score: +4.699999999999999đ) tại $0.3453 
2026-07-23 18:18:47: [PP369] [AutoTrade] COAI SHORT có Score = 4.699999999999999đ < 5.5đ — bỏ qua 
2026-07-23 18:19:47: [PP369] [AutoTrade] COAI → SHORT (Score: +4.699999999999999đ) tại $0.3453 
2026-07-23 18:19:47: [PP369] [AutoTrade] COAI SHORT có Score = 4.699999999999999đ < 5.5đ — bỏ qua 
2026-07-23 18:31:48: [PP369] [AutoTrade] FOLKS → LONG (Score: +3.5999999999999996đ) tại $1.904 
2026-07-23 18:31:48: [PP369] [AutoTrade] FOLKS LONG có Score = 3.5999999999999996đ < 5.5đ — bỏ qua 
2026-07-23 18:47:25: [PP369] [Binance] Đã đồng bộ giờ: offset = 111573ms (Giờ server: 2026-07-23T11:49:16.772Z) 
2026-07-23 19:15:19: [PP369] [AutoTrade] AKT → LONG (Score: +3.2đ) tại $0.5325 
2026-07-23 19:15:19: [PP369] [AutoTrade] AKT LONG có Score = 3.2đ < 5.5đ — bỏ qua 
2026-07-23 19:15:47: [PP369] [AutoTrade] AKT → LONG (Score: +3.2đ) tại $0.5325 
2026-07-23 19:15:47: [PP369] [AutoTrade] AKT LONG có Score = 3.2đ < 5.5đ — bỏ qua 
2026-07-23 19:16:17: [PP369] [AutoTrade] AKT → LONG (Score: +3.2đ) tại $0.5325 
2026-07-23 19:16:17: [PP369] [AutoTrade] AKT LONG có Score = 3.2đ < 5.5đ — bỏ qua 
2026-07-23 19:16:47: [PP369] [AutoTrade] AKT → LONG (Score: +3.2đ) tại $0.5325 
2026-07-23 19:16:47: [PP369] [AutoTrade] AKT LONG có Score = 3.2đ < 5.5đ — bỏ qua 
2026-07-23 19:17:25: [PP369] [Binance] Đã đồng bộ giờ: offset = 111748ms (Giờ server: 2026-07-23T12:19:16.932Z) 
2026-07-23 19:17:27: [PP369] [AutoTrade] [CoinRefresh] Tái kiểm tra danh sách: 450 → 451 coin hợp lệ theo giá hiện tại. 
2026-07-23 19:34:48: [PP369] [AutoTrade] ROSE → LONG (Score: +4.8đ) tại $0.00538 
2026-07-23 19:34:48: [PP369] [AutoTrade] ROSE LONG có Score = 4.8đ < 5.5đ — bỏ qua 
2026-07-23 19:35:17: [PP369] [AutoTrade] ROSE → LONG (Score: +4.8đ) tại $0.00538 
2026-07-23 19:35:17: [PP369] [AutoTrade] ROSE LONG có Score = 4.8đ < 5.5đ — bỏ qua 
2026-07-23 19:35:18: [PP369] [AutoTrade] MEME → LONG (Score: +5.199999999999999đ) tại $0.00052 
2026-07-23 19:35:18: [PP369] [AutoTrade] MEME LONG có Score = 5.199999999999999đ < 5.5đ — bỏ qua 
2026-07-23 19:35:47: [PP369] [AutoTrade] ROSE → LONG (Score: +4.8đ) tại $0.00538 
2026-07-23 19:35:47: [PP369] [AutoTrade] ROSE LONG có Score = 4.8đ < 5.5đ — bỏ qua 
2026-07-23 19:35:47: [PP369] [AutoTrade] MEME → LONG (Score: +5.199999999999999đ) tại $0.00052 
2026-07-23 19:35:47: [PP369] [AutoTrade] MEME LONG có Score = 5.199999999999999đ < 5.5đ — bỏ qua 
2026-07-23 19:35:50: [PP369] [AutoTrade] BLESS → LONG (Score: +2.9000000000000004đ) tại $0.00772 
2026-07-23 19:35:50: [PP369] [AutoTrade] BLESS LONG có Score = 2.9000000000000004đ < 5.5đ — bỏ qua 
2026-07-23 19:36:17: [PP369] [AutoTrade] MEME → LONG (Score: +5.199999999999999đ) tại $0.00052 
2026-07-23 19:36:17: [PP369] [AutoTrade] MEME LONG có Score = 5.199999999999999đ < 5.5đ — bỏ qua 
2026-07-23 19:36:47: [PP369] [AutoTrade] MEME → LONG (Score: +5.199999999999999đ) tại $0.00052 
2026-07-23 19:36:47: [PP369] [AutoTrade] MEME LONG có Score = 5.199999999999999đ < 5.5đ — bỏ qua 
2026-07-23 19:37:17: [PP369] [AutoTrade] MEME → LONG (Score: +5.199999999999999đ) tại $0.00052 
2026-07-23 19:37:17: [PP369] [AutoTrade] MEME LONG có Score = 5.199999999999999đ < 5.5đ — bỏ qua 
2026-07-23 19:38:17: [PP369] [AutoTrade] MEME → LONG (Score: +5.199999999999999đ) tại $0.00052 
2026-07-23 19:38:17: [PP369] [AutoTrade] MEME LONG có Score = 5.199999999999999đ < 5.5đ — bỏ qua 
2026-07-23 19:40:47: [PP369] [AutoTrade] MEME → LONG (Score: +5.199999999999999đ) tại $0.00052 
2026-07-23 19:40:47: [PP369] [AutoTrade] MEME LONG có Score = 5.199999999999999đ < 5.5đ — bỏ qua 
2026-07-23 19:41:17: [PP369] [AutoTrade] MEME → LONG (Score: +5.199999999999999đ) tại $0.00052 
2026-07-23 19:41:17: [PP369] [AutoTrade] MEME LONG có Score = 5.199999999999999đ < 5.5đ — bỏ qua 
2026-07-23 19:41:19: [PP369] [AutoTrade] RAYSOL → LONG (Score: +4.6đ) tại $0.6466 
2026-07-23 19:41:19: [PP369] [AutoTrade] RAYSOL LONG có Score = 4.6đ < 5.5đ — bỏ qua 
2026-07-23 19:41:47: [PP369] [AutoTrade] MEME → LONG (Score: +5.199999999999999đ) tại $0.00052 
2026-07-23 19:41:47: [PP369] [AutoTrade] MEME LONG có Score = 5.199999999999999đ < 5.5đ — bỏ qua 
2026-07-23 19:42:47: [PP369] [AutoTrade] MEME → LONG (Score: +5.199999999999999đ) tại $0.00052 
2026-07-23 19:42:47: [PP369] [AutoTrade] MEME LONG có Score = 5.199999999999999đ < 5.5đ — bỏ qua 
2026-07-23 19:43:17: [PP369] [AutoTrade] MEME → LONG (Score: +5.199999999999999đ) tại $0.00052 
2026-07-23 19:43:17: [PP369] [AutoTrade] MEME LONG có Score = 5.199999999999999đ < 5.5đ — bỏ qua 
2026-07-23 19:43:19: [PP369] [AutoTrade] SCRT → LONG (Score: +3.9999999999999996đ) tại $0.0403 
2026-07-23 19:43:19: [PP369] [AutoTrade] SCRT LONG có Score = 3.9999999999999996đ < 5.5đ — bỏ qua 
2026-07-23 19:43:47: [PP369] [AutoTrade] RAYSOL → LONG (Score: +4.6đ) tại $0.6466 
2026-07-23 19:43:47: [PP369] [AutoTrade] RAYSOL LONG có Score = 4.6đ < 5.5đ — bỏ qua 
2026-07-23 19:44:17: [PP369] [AutoTrade] RAYSOL → LONG (Score: +4.6đ) tại $0.6466 
2026-07-23 19:44:17: [PP369] [AutoTrade] RAYSOL LONG có Score = 4.6đ < 5.5đ — bỏ qua 
2026-07-23 19:44:48: [PP369] [AutoTrade] GMT → LONG (Score: +3.5999999999999996đ) tại $0.00703 
2026-07-23 19:44:48: [PP369] [AutoTrade] GMT LONG có Score = 3.5999999999999996đ < 5.5đ — bỏ qua 
2026-07-23 19:44:50: [PP369] [AutoTrade] SCRT → LONG (Score: +3.9999999999999996đ) tại $0.0403 
2026-07-23 19:44:50: [PP369] [AutoTrade] SCRT LONG có Score = 3.9999999999999996đ < 5.5đ — bỏ qua 
2026-07-23 19:44:51: [PP369] [AutoTrade] RAYSOL → LONG (Score: +4.6đ) tại $0.6466 
2026-07-23 19:44:51: [PP369] [AutoTrade] RAYSOL LONG có Score = 4.6đ < 5.5đ — bỏ qua 
2026-07-23 19:45:17: [PP369] [AutoTrade] GMT → LONG (Score: +3.5999999999999996đ) tại $0.00703 
2026-07-23 19:45:17: [PP369] [AutoTrade] GMT LONG có Score = 3.5999999999999996đ < 5.5đ — bỏ qua 
2026-07-23 19:45:19: [PP369] [AutoTrade] MELANIA → LONG (Score: +4.1đ) tại $0.0825 
2026-07-23 19:45:19: [PP369] [AutoTrade] MELANIA LONG có Score = 4.1đ < 5.5đ — bỏ qua 
2026-07-23 19:47:25: [PP369] [Binance] Đã đồng bộ giờ: offset = 111924ms (Giờ server: 2026-07-23T12:49:17.153Z) 
2026-07-23 20:11:18: [PP369] [AutoTrade] EPIC → SHORT (Score: +2.9000000000000004đ) tại $0.6177 
2026-07-23 20:11:18: [PP369] [AutoTrade] EPIC SHORT có Score = 2.9000000000000004đ < 5.5đ — bỏ qua 
2026-07-23 20:17:25: [PP369] [Binance] Đã đồng bộ giờ: offset = 112099ms (Giờ server: 2026-07-23T13:19:17.287Z) 
2026-07-23 20:18:17: [PP369] [AutoTrade] EPIC → SHORT (Score: +2.9000000000000004đ) tại $0.6177 
2026-07-23 20:18:17: [PP369] [AutoTrade] EPIC SHORT có Score = 2.9000000000000004đ < 5.5đ — bỏ qua 
2026-07-23 20:24:48: [PP369] [AutoTrade] DOGE → LONG (Score: +5.6đ) tại $0.07023 
2026-07-23 20:24:48: [PP369] [AutoTrade] Set leverage DOGEUSDT = 16x (Lưới: 3.10% → tính được 16x, giới hạn: 75x | Ký quỹ mục tiêu: $20) 
2026-07-23 20:24:48: [PP369] [AutoTrade] ✓ DOGE BUY 4556 @ $0.07023 orderId=100798200939 status=NEW 
2026-07-23 20:24:51: [PP369] [AutoTrade] ✓ Đặt TP DOGE @ $0.070640 (đối ứng SELL) orderId=1000002469703048 
2026-07-23 20:24:51: [PP369] [AutoTrade] ✓ Đặt SL DOGE @ $0.069760 (đối ứng SELL) orderId=1000002469703054 
2026-07-23 20:25:54: [PP369] [AutoTrade] Trailing SL: DOGE đạt ROI 5.01% -> Dịch SL trên sàn về entry + 1% ROI ($0.07024) [Mức: Hòa vốn] 
2026-07-23 20:25:54: [PP369] [AutoTrade] Đã hủy SL cũ của DOGE (orderId=1000002469703054) 
2026-07-23 20:25:54: [PP369] [AutoTrade] ✓ Đã dịch SL mới cho DOGE @ $0.070240 (orderId=1000002469704918) 
2026-07-23 20:47:25: [PP369] [Binance] Đã đồng bộ giờ: offset = 112274ms (Giờ server: 2026-07-23T13:49:17.477Z) 
2026-07-23 20:52:47: [PP369] [AutoTrade] RIF → SHORT (Score: +2.8đ) tại $0.08868 
2026-07-23 20:52:47: [PP369] [AutoTrade] RIF SHORT không đạt Tiêu chí 2 (Biến động H1/M15 an toàn) — bỏ qua 
2026-07-23 20:57:48: [PP369] [AutoTrade] ARC → LONG (Score: +3.5999999999999996đ) tại $0.06255 
2026-07-23 20:57:48: [PP369] [AutoTrade] ARC LONG có Score = 3.5999999999999996đ < 5.5đ — bỏ qua 
2026-07-23 20:58:17: [PP369] [AutoTrade] ARC → LONG (Score: +3.5999999999999996đ) tại $0.06255 
2026-07-23 20:58:17: [PP369] [AutoTrade] ARC LONG có Score = 3.5999999999999996đ < 5.5đ — bỏ qua 
2026-07-23 20:58:47: [PP369] [AutoTrade] ARC → LONG (Score: +3.5999999999999996đ) tại $0.06255 
2026-07-23 20:58:47: [PP369] [AutoTrade] ARC LONG có Score = 3.5999999999999996đ < 5.5đ — bỏ qua 
2026-07-23 20:59:17: [PP369] [AutoTrade] ARC → LONG (Score: +3.5999999999999996đ) tại $0.06255 
2026-07-23 20:59:17: [PP369] [AutoTrade] ARC LONG có Score = 3.5999999999999996đ < 5.5đ — bỏ qua 
2026-07-23 20:59:47: [PP369] [AutoTrade] ARC → LONG (Score: +3.5999999999999996đ) tại $0.06255 
2026-07-23 20:59:47: [PP369] [AutoTrade] ARC LONG có Score = 3.5999999999999996đ < 5.5đ — bỏ qua 
2026-07-23 21:00:19: [PP369] [AutoTrade] ARC → LONG (Score: +3.5999999999999996đ) tại $0.06255 
2026-07-23 21:00:19: [PP369] [AutoTrade] ARC LONG có Score = 3.5999999999999996đ < 5.5đ — bỏ qua 
2026-07-23 21:03:46: [PP369] [AutoTrade] ARC → LONG (Score: +3.5999999999999996đ) tại $0.06255 
2026-07-23 21:03:46: [PP369] [AutoTrade] ARC LONG có Score = 3.5999999999999996đ < 5.5đ — bỏ qua 
2026-07-23 21:04:17: [PP369] [AutoTrade] ARC → LONG (Score: +3.5999999999999996đ) tại $0.06255 
2026-07-23 21:04:17: [PP369] [AutoTrade] ARC LONG có Score = 3.5999999999999996đ < 5.5đ — bỏ qua 
2026-07-23 21:04:47: [PP369] [AutoTrade] ARC → LONG (Score: +3.5999999999999996đ) tại $0.06255 
2026-07-23 21:04:47: [PP369] [AutoTrade] ARC LONG có Score = 3.5999999999999996đ < 5.5đ — bỏ qua 
2026-07-23 21:05:17: [PP369] [AutoTrade] ARC → LONG (Score: +3.5999999999999996đ) tại $0.06255 
2026-07-23 21:05:17: [PP369] [AutoTrade] ARC LONG có Score = 3.5999999999999996đ < 5.5đ — bỏ qua 
2026-07-23 21:05:47: [PP369] [AutoTrade] ARC → LONG (Score: +3.5999999999999996đ) tại $0.06255 
2026-07-23 21:05:47: [PP369] [AutoTrade] ARC LONG có Score = 3.5999999999999996đ < 5.5đ — bỏ qua 
2026-07-23 21:06:17: [PP369] [AutoTrade] ARC → LONG (Score: +3.5999999999999996đ) tại $0.06255 
2026-07-23 21:06:17: [PP369] [AutoTrade] ARC LONG có Score = 3.5999999999999996đ < 5.5đ — bỏ qua 
2026-07-23 21:06:47: [PP369] [AutoTrade] ARC → LONG (Score: +3.5999999999999996đ) tại $0.06255 
2026-07-23 21:06:47: [PP369] [AutoTrade] ARC LONG có Score = 3.5999999999999996đ < 5.5đ — bỏ qua 
2026-07-23 21:07:17: [PP369] [AutoTrade] ARC → LONG (Score: +3.5999999999999996đ) tại $0.06255 
2026-07-23 21:07:17: [PP369] [AutoTrade] ARC LONG có Score = 3.5999999999999996đ < 5.5đ — bỏ qua 
2026-07-23 21:07:47: [PP369] [AutoTrade] ARC → LONG (Score: +3.5999999999999996đ) tại $0.06255 
2026-07-23 21:07:47: [PP369] [AutoTrade] ARC LONG có Score = 3.5999999999999996đ < 5.5đ — bỏ qua 
2026-07-23 21:17:25: [PP369] [Binance] Đã đồng bộ giờ: offset = 112450ms (Giờ server: 2026-07-23T14:19:17.640Z) 
2026-07-23 21:35:47: [PP369] [AutoTrade] RIF → SHORT (Score: +3đ) tại $0.09468 
2026-07-23 21:35:47: [PP369] [AutoTrade] RIF SHORT không đạt Tiêu chí 2 (Biến động H1/M15 an toàn) — bỏ qua 
2026-07-23 21:39:47: [PP369] [AutoTrade] RIF → SHORT (Score: +3đ) tại $0.09768 
2026-07-23 21:39:47: [PP369] [AutoTrade] RIF SHORT không đạt Tiêu chí 2 (Biến động H1/M15 an toàn) — bỏ qua 
2026-07-23 21:47:25: [PP369] [Binance] Đã đồng bộ giờ: offset = 112626ms (Giờ server: 2026-07-23T14:49:17.814Z) 
2026-07-23 22:04:48: [PP369] [AutoTrade] AUCTION → LONG (Score: +5.4đ) tại $3.222 
2026-07-23 22:04:48: [PP369] [AutoTrade] AUCTION LONG có Score = 5.4đ < 5.5đ — bỏ qua 
2026-07-23 22:08:47: [PP369] [AutoTrade] ONT → LONG (Score: +3.9999999999999996đ) tại $0.0416 
2026-07-23 22:08:47: [PP369] [AutoTrade] ONT LONG có Score = 3.9999999999999996đ < 5.5đ — bỏ qua 
2026-07-23 22:09:17: [PP369] [AutoTrade] ONT → LONG (Score: +3.9999999999999996đ) tại $0.0416 
2026-07-23 22:09:17: [PP369] [AutoTrade] ONT LONG có Score = 3.9999999999999996đ < 5.5đ — bỏ qua 
2026-07-23 22:09:47: [PP369] [AutoTrade] ONT → LONG (Score: +3.9999999999999996đ) tại $0.0416 
2026-07-23 22:09:47: [PP369] [AutoTrade] ONT LONG có Score = 3.9999999999999996đ < 5.5đ — bỏ qua 
2026-07-23 22:10:17: [PP369] [AutoTrade] ONT → LONG (Score: +3.9999999999999996đ) tại $0.0416 
2026-07-23 22:10:17: [PP369] [AutoTrade] ONT LONG có Score = 3.9999999999999996đ < 5.5đ — bỏ qua 
2026-07-23 22:10:20: [PP369] [AutoTrade] KOMA → LONG (Score: +3.5999999999999996đ) tại $0.00797 
2026-07-23 22:10:20: [PP369] [AutoTrade] KOMA LONG có Score = 3.5999999999999996đ < 5.5đ — bỏ qua 
2026-07-23 22:10:22: [PP369] [AutoTrade] EDEN → LONG (Score: +5.1đ) tại $0.04161 
2026-07-23 22:10:22: [PP369] [AutoTrade] EDEN LONG có Score = 5.1đ < 5.5đ — bỏ qua 
2026-07-23 22:10:47: [PP369] [AutoTrade] ONT → LONG (Score: +3.9999999999999996đ) tại $0.0416 
2026-07-23 22:10:47: [PP369] [AutoTrade] ONT LONG có Score = 3.9999999999999996đ < 5.5đ — bỏ qua 
2026-07-23 22:10:49: [PP369] [AutoTrade] KOMA → LONG (Score: +3.5999999999999996đ) tại $0.00797 
2026-07-23 22:10:49: [PP369] [AutoTrade] KOMA LONG có Score = 3.5999999999999996đ < 5.5đ — bỏ qua 
2026-07-23 22:10:50: [PP369] [AutoTrade] EDEN → LONG (Score: +5.1đ) tại $0.04161 
2026-07-23 22:10:50: [PP369] [AutoTrade] EDEN LONG có Score = 5.1đ < 5.5đ — bỏ qua 
2026-07-23 22:11:17: [PP369] [AutoTrade] ONT → LONG (Score: +3.9999999999999996đ) tại $0.0416 
2026-07-23 22:11:17: [PP369] [AutoTrade] ONT LONG có Score = 3.9999999999999996đ < 5.5đ — bỏ qua 
2026-07-23 22:11:17: [PP369] [AutoTrade] KOMA → LONG (Score: +3.5999999999999996đ) tại $0.00797 
2026-07-23 22:11:17: [PP369] [AutoTrade] KOMA LONG có Score = 3.5999999999999996đ < 5.5đ — bỏ qua 
2026-07-23 22:11:47: [PP369] [AutoTrade] ONT → LONG (Score: +3.9999999999999996đ) tại $0.0416 
2026-07-23 22:11:47: [PP369] [AutoTrade] ONT LONG có Score = 3.9999999999999996đ < 5.5đ — bỏ qua 
2026-07-23 22:11:47: [PP369] [AutoTrade] KOMA → LONG (Score: +3.5999999999999996đ) tại $0.00797 
2026-07-23 22:11:47: [PP369] [AutoTrade] KOMA LONG có Score = 3.5999999999999996đ < 5.5đ — bỏ qua 
2026-07-23 22:12:17: [PP369] [AutoTrade] ONT → LONG (Score: +3.9999999999999996đ) tại $0.0416 
2026-07-23 22:12:17: [PP369] [AutoTrade] ONT LONG có Score = 3.9999999999999996đ < 5.5đ — bỏ qua 
2026-07-23 22:12:17: [PP369] [AutoTrade] KOMA → LONG (Score: +3.5999999999999996đ) tại $0.00797 
2026-07-23 22:12:17: [PP369] [AutoTrade] KOMA LONG có Score = 3.5999999999999996đ < 5.5đ — bỏ qua 
2026-07-23 22:12:18: [PP369] [AutoTrade] EDEN → LONG (Score: +5.1đ) tại $0.04161 
2026-07-23 22:12:18: [PP369] [AutoTrade] EDEN LONG có Score = 5.1đ < 5.5đ — bỏ qua 
2026-07-23 22:12:20: [PP369] [AutoTrade] NOM → SHORT (Score: +4.699999999999999đ) tại $0.00168 
2026-07-23 22:12:20: [PP369] [AutoTrade] NOM SHORT có Score = 4.699999999999999đ < 5.5đ — bỏ qua 
2026-07-23 22:12:47: [PP369] [AutoTrade] ONT → LONG (Score: +3.9999999999999996đ) tại $0.0416 
2026-07-23 22:12:47: [PP369] [AutoTrade] ONT LONG có Score = 3.9999999999999996đ < 5.5đ — bỏ qua 
2026-07-23 22:12:48: [PP369] [AutoTrade] EDEN → LONG (Score: +5.1đ) tại $0.04161 
2026-07-23 22:12:48: [PP369] [AutoTrade] EDEN LONG có Score = 5.1đ < 5.5đ — bỏ qua 
2026-07-23 22:13:17: [PP369] [AutoTrade] ONT → LONG (Score: +3.9999999999999996đ) tại $0.0416 
2026-07-23 22:13:17: [PP369] [AutoTrade] ONT LONG có Score = 3.9999999999999996đ < 5.5đ — bỏ qua 
2026-07-23 22:13:18: [PP369] [AutoTrade] EDEN → LONG (Score: +5.1đ) tại $0.04161 
2026-07-23 22:13:18: [PP369] [AutoTrade] EDEN LONG có Score = 5.1đ < 5.5đ — bỏ qua 
2026-07-23 22:13:47: [PP369] [AutoTrade] ONT → LONG (Score: +3.9999999999999996đ) tại $0.0416 
2026-07-23 22:13:47: [PP369] [AutoTrade] ONT LONG có Score = 3.9999999999999996đ < 5.5đ — bỏ qua 
2026-07-23 22:13:49: [PP369] [AutoTrade] KOMA → LONG (Score: +3.5999999999999996đ) tại $0.00797 
2026-07-23 22:13:49: [PP369] [AutoTrade] KOMA LONG có Score = 3.5999999999999996đ < 5.5đ — bỏ qua 
2026-07-23 22:13:50: [PP369] [AutoTrade] EDEN → LONG (Score: +5.1đ) tại $0.04161 
2026-07-23 22:13:50: [PP369] [AutoTrade] EDEN LONG có Score = 5.1đ < 5.5đ — bỏ qua 
2026-07-23 22:14:17: [PP369] [AutoTrade] ONT → LONG (Score: +3.9999999999999996đ) tại $0.0416 
2026-07-23 22:14:17: [PP369] [AutoTrade] ONT LONG có Score = 3.9999999999999996đ < 5.5đ — bỏ qua 
2026-07-23 22:14:18: [PP369] [AutoTrade] KOMA → LONG (Score: +3.5999999999999996đ) tại $0.00797 
2026-07-23 22:14:18: [PP369] [AutoTrade] KOMA LONG có Score = 3.5999999999999996đ < 5.5đ — bỏ qua 
2026-07-23 22:14:18: [PP369] [AutoTrade] EDEN → LONG (Score: +5.1đ) tại $0.04161 
2026-07-23 22:14:18: [PP369] [AutoTrade] EDEN LONG có Score = 5.1đ < 5.5đ — bỏ qua 
2026-07-23 22:14:47: [PP369] [AutoTrade] ONT → LONG (Score: +3.9999999999999996đ) tại $0.0416 
2026-07-23 22:14:47: [PP369] [AutoTrade] ONT LONG có Score = 3.9999999999999996đ < 5.5đ — bỏ qua 
2026-07-23 22:14:48: [PP369] [AutoTrade] KOMA → LONG (Score: +3.5999999999999996đ) tại $0.00797 
2026-07-23 22:14:48: [PP369] [AutoTrade] KOMA LONG có Score = 3.5999999999999996đ < 5.5đ — bỏ qua 
2026-07-23 22:14:48: [PP369] [AutoTrade] EDEN → LONG (Score: +5.1đ) tại $0.04161 
2026-07-23 22:14:48: [PP369] [AutoTrade] EDEN LONG có Score = 5.1đ < 5.5đ — bỏ qua 
2026-07-23 22:15:17: [PP369] [AutoTrade] ONT → LONG (Score: +3.9999999999999996đ) tại $0.0416 
2026-07-23 22:15:17: [PP369] [AutoTrade] ONT LONG có Score = 3.9999999999999996đ < 5.5đ — bỏ qua 
2026-07-23 22:15:18: [PP369] [AutoTrade] KOMA → LONG (Score: +3.5999999999999996đ) tại $0.00797 
2026-07-23 22:15:18: [PP369] [AutoTrade] KOMA LONG có Score = 3.5999999999999996đ < 5.5đ — bỏ qua 
2026-07-23 22:15:47: [PP369] [AutoTrade] ONT → LONG (Score: +3.9999999999999996đ) tại $0.0416 
2026-07-23 22:15:47: [PP369] [AutoTrade] ONT LONG có Score = 3.9999999999999996đ < 5.5đ — bỏ qua 
2026-07-23 22:15:47: [PP369] [AutoTrade] KOMA → LONG (Score: +3.5999999999999996đ) tại $0.00797 
2026-07-23 22:15:47: [PP369] [AutoTrade] KOMA LONG có Score = 3.5999999999999996đ < 5.5đ — bỏ qua 
2026-07-23 22:16:17: [PP369] [AutoTrade] ONT → LONG (Score: +3.9999999999999996đ) tại $0.0416 
2026-07-23 22:16:17: [PP369] [AutoTrade] ONT LONG có Score = 3.9999999999999996đ < 5.5đ — bỏ qua 
2026-07-23 22:16:17: [PP369] [AutoTrade] KOMA → LONG (Score: +3.5999999999999996đ) tại $0.00797 
2026-07-23 22:16:17: [PP369] [AutoTrade] KOMA LONG có Score = 3.5999999999999996đ < 5.5đ — bỏ qua 
2026-07-23 22:16:47: [PP369] [AutoTrade] ONT → LONG (Score: +3.9999999999999996đ) tại $0.0416 
2026-07-23 22:16:47: [PP369] [AutoTrade] ONT LONG có Score = 3.9999999999999996đ < 5.5đ — bỏ qua 
2026-07-23 22:16:47: [PP369] [AutoTrade] KOMA → LONG (Score: +3.5999999999999996đ) tại $0.00797 
2026-07-23 22:16:47: [PP369] [AutoTrade] KOMA LONG có Score = 3.5999999999999996đ < 5.5đ — bỏ qua 
2026-07-23 22:17:17: [PP369] [AutoTrade] ONT → LONG (Score: +3.9999999999999996đ) tại $0.0416 
2026-07-23 22:17:17: [PP369] [AutoTrade] ONT LONG có Score = 3.9999999999999996đ < 5.5đ — bỏ qua 
2026-07-23 22:17:17: [PP369] [AutoTrade] KOMA → LONG (Score: +3.5999999999999996đ) tại $0.00797 
2026-07-23 22:17:17: [PP369] [AutoTrade] KOMA LONG có Score = 3.5999999999999996đ < 5.5đ — bỏ qua 
2026-07-23 22:17:25: [PP369] [Binance] Đã đồng bộ giờ: offset = 112802ms (Giờ server: 2026-07-23T15:19:17.987Z) 
2026-07-23 22:17:47: [PP369] [AutoTrade] KOMA → LONG (Score: +3.5999999999999996đ) tại $0.00797 
2026-07-23 22:17:47: [PP369] [AutoTrade] KOMA LONG có Score = 3.5999999999999996đ < 5.5đ — bỏ qua 
2026-07-23 22:18:17: [PP369] [AutoTrade] KOMA → LONG (Score: +3.5999999999999996đ) tại $0.00797 
2026-07-23 22:18:17: [PP369] [AutoTrade] KOMA LONG có Score = 3.5999999999999996đ < 5.5đ — bỏ qua 
2026-07-23 22:18:47: [PP369] [AutoTrade] KOMA → LONG (Score: +3.5999999999999996đ) tại $0.00797 
2026-07-23 22:18:47: [PP369] [AutoTrade] KOMA LONG có Score = 3.5999999999999996đ < 5.5đ — bỏ qua 
2026-07-23 22:19:17: [PP369] [AutoTrade] KOMA → LONG (Score: +3.5999999999999996đ) tại $0.00797 
2026-07-23 22:19:17: [PP369] [AutoTrade] KOMA LONG có Score = 3.5999999999999996đ < 5.5đ — bỏ qua 
2026-07-23 22:19:47: [PP369] [AutoTrade] KOMA → LONG (Score: +3.5999999999999996đ) tại $0.00797 
2026-07-23 22:19:47: [PP369] [AutoTrade] KOMA LONG có Score = 3.5999999999999996đ < 5.5đ — bỏ qua 
2026-07-23 22:20:17: [PP369] [AutoTrade] KOMA → LONG (Score: +3.5999999999999996đ) tại $0.00797 
2026-07-23 22:20:17: [PP369] [AutoTrade] KOMA LONG có Score = 3.5999999999999996đ < 5.5đ — bỏ qua 
2026-07-23 22:20:47: [PP369] [AutoTrade] KOMA → LONG (Score: +3.5999999999999996đ) tại $0.00797 
2026-07-23 22:20:47: [PP369] [AutoTrade] KOMA LONG có Score = 3.5999999999999996đ < 5.5đ — bỏ qua 
2026-07-23 22:22:47: [PP369] [AutoTrade] NOM → SHORT (Score: +4.699999999999999đ) tại $0.00168 
2026-07-23 22:22:47: [PP369] [AutoTrade] NOM SHORT có Score = 4.699999999999999đ < 5.5đ — bỏ qua 
2026-07-23 22:47:25: [PP369] [Binance] Đã đồng bộ giờ: offset = 112976ms (Giờ server: 2026-07-23T15:49:18.161Z) 
2026-07-23 23:15:48: [PP369] [AutoTrade] KOMA → LONG (Score: +3.1đ) tại $0.00797 
2026-07-23 23:15:48: [PP369] [AutoTrade] KOMA LONG có Score = 3.1đ < 5.5đ — bỏ qua 
2026-07-23 23:17:25: [PP369] [Binance] Đã đồng bộ giờ: offset = 113152ms (Giờ server: 2026-07-23T16:19:18.350Z) 
2026-07-23 23:17:27: [PP369] [AutoTrade] [CoinRefresh] Tái kiểm tra danh sách: 451 → 448 coin hợp lệ theo giá hiện tại. 
2026-07-23 23:17:47: [PP369] [AutoTrade] KOMA → LONG (Score: +3.1đ) tại $0.00797 
2026-07-23 23:17:47: [PP369] [AutoTrade] KOMA LONG có Score = 3.1đ < 5.5đ — bỏ qua 
2026-07-23 23:18:17: [PP369] [AutoTrade] KOMA → LONG (Score: +3.1đ) tại $0.00797 
2026-07-23 23:18:17: [PP369] [AutoTrade] KOMA LONG có Score = 3.1đ < 5.5đ — bỏ qua 
2026-07-23 23:18:47: [PP369] [AutoTrade] KOMA → LONG (Score: +3.1đ) tại $0.00797 
2026-07-23 23:18:47: [PP369] [AutoTrade] KOMA LONG có Score = 3.1đ < 5.5đ — bỏ qua 
2026-07-23 23:19:17: [PP369] [AutoTrade] KOMA → LONG (Score: +3.1đ) tại $0.00797 
2026-07-23 23:19:17: [PP369] [AutoTrade] KOMA LONG có Score = 3.1đ < 5.5đ — bỏ qua 
2026-07-23 23:19:47: [PP369] [AutoTrade] KOMA → LONG (Score: +3.1đ) tại $0.00797 
2026-07-23 23:19:47: [PP369] [AutoTrade] KOMA LONG có Score = 3.1đ < 5.5đ — bỏ qua 
2026-07-23 23:20:18: [PP369] [AutoTrade] ONT → LONG (Score: +4.199999999999999đ) tại $0.0416 
2026-07-23 23:20:18: [PP369] [AutoTrade] ONT LONG có Score = 4.199999999999999đ < 5.5đ — bỏ qua 
2026-07-23 23:20:18: [PP369] [AutoTrade] KOMA → LONG (Score: +3.1đ) tại $0.00797 
2026-07-23 23:20:18: [PP369] [AutoTrade] KOMA LONG có Score = 3.1đ < 5.5đ — bỏ qua 
2026-07-23 23:20:47: [PP369] [AutoTrade] ONT → LONG (Score: +4.199999999999999đ) tại $0.0416 
2026-07-23 23:20:47: [PP369] [AutoTrade] ONT LONG có Score = 4.199999999999999đ < 5.5đ — bỏ qua 
2026-07-23 23:20:47: [PP369] [AutoTrade] KOMA → LONG (Score: +3.1đ) tại $0.00797 
2026-07-23 23:20:47: [PP369] [AutoTrade] KOMA LONG có Score = 3.1đ < 5.5đ — bỏ qua 
2026-07-23 23:21:17: [PP369] [AutoTrade] ONT → LONG (Score: +4.199999999999999đ) tại $0.0416 
2026-07-23 23:21:17: [PP369] [AutoTrade] ONT LONG có Score = 4.199999999999999đ < 5.5đ — bỏ qua 
2026-07-23 23:21:17: [PP369] [AutoTrade] KOMA → LONG (Score: +3.1đ) tại $0.00797 
2026-07-23 23:21:17: [PP369] [AutoTrade] KOMA LONG có Score = 3.1đ < 5.5đ — bỏ qua 
2026-07-23 23:22:17: [PP369] [AutoTrade] KOMA → LONG (Score: +3.1đ) tại $0.00797 
2026-07-23 23:22:17: [PP369] [AutoTrade] KOMA LONG có Score = 3.1đ < 5.5đ — bỏ qua 
2026-07-23 23:22:47: [PP369] [AutoTrade] KOMA → LONG (Score: +3.1đ) tại $0.00797 
2026-07-23 23:22:47: [PP369] [AutoTrade] KOMA LONG có Score = 3.1đ < 5.5đ — bỏ qua 
2026-07-23 23:23:17: [PP369] [AutoTrade] KOMA → LONG (Score: +3.1đ) tại $0.00797 
2026-07-23 23:23:17: [PP369] [AutoTrade] KOMA LONG có Score = 3.1đ < 5.5đ — bỏ qua 
2026-07-23 23:23:47: [PP369] [AutoTrade] KOMA → LONG (Score: +3.1đ) tại $0.00797 
2026-07-23 23:23:47: [PP369] [AutoTrade] KOMA LONG có Score = 3.1đ < 5.5đ — bỏ qua 
2026-07-23 23:24:17: [PP369] [AutoTrade] KOMA → LONG (Score: +3.1đ) tại $0.00797 
2026-07-23 23:24:17: [PP369] [AutoTrade] KOMA LONG có Score = 3.1đ < 5.5đ — bỏ qua 
2026-07-23 23:24:47: [PP369] [AutoTrade] KOMA → LONG (Score: +3.1đ) tại $0.00797 
2026-07-23 23:24:47: [PP369] [AutoTrade] KOMA LONG có Score = 3.1đ < 5.5đ — bỏ qua 
2026-07-23 23:25:17: [PP369] [AutoTrade] KOMA → LONG (Score: +3.1đ) tại $0.00797 
2026-07-23 23:25:17: [PP369] [AutoTrade] KOMA LONG có Score = 3.1đ < 5.5đ — bỏ qua 
2026-07-23 23:25:47: [PP369] [AutoTrade] KOMA → LONG (Score: +3.1đ) tại $0.00797 
2026-07-23 23:25:47: [PP369] [AutoTrade] KOMA LONG có Score = 3.1đ < 5.5đ — bỏ qua 
2026-07-23 23:26:47: [PP369] [AutoTrade] KOMA → LONG (Score: +3.1đ) tại $0.00797 
2026-07-23 23:26:47: [PP369] [AutoTrade] KOMA LONG có Score = 3.1đ < 5.5đ — bỏ qua 
2026-07-23 23:27:47: [PP369] [AutoTrade] KOMA → LONG (Score: +3.1đ) tại $0.00797 
2026-07-23 23:27:47: [PP369] [AutoTrade] KOMA LONG có Score = 3.1đ < 5.5đ — bỏ qua 
2026-07-23 23:28:17: [PP369] [AutoTrade] KOMA → LONG (Score: +3.1đ) tại $0.00797 
2026-07-23 23:28:17: [PP369] [AutoTrade] KOMA LONG có Score = 3.1đ < 5.5đ — bỏ qua 
2026-07-23 23:28:47: [PP369] [AutoTrade] KOMA → LONG (Score: +3.1đ) tại $0.00797 
2026-07-23 23:28:47: [PP369] [AutoTrade] KOMA LONG có Score = 3.1đ < 5.5đ — bỏ qua 
2026-07-23 23:29:47: [PP369] [AutoTrade] KOMA → LONG (Score: +3.1đ) tại $0.00797 
2026-07-23 23:29:47: [PP369] [AutoTrade] KOMA LONG có Score = 3.1đ < 5.5đ — bỏ qua 
2026-07-23 23:47:25: [PP369] [Binance] Đã đồng bộ giờ: offset = 113327ms (Giờ server: 2026-07-23T16:49:18.753Z) 
2026-07-23 23:58:48: [PP369] [AutoTrade] SAND → LONG (Score: +6.8đ) tại $0.04588 
2026-07-23 23:58:48: [PP369] [AutoTrade] Set leverage SANDUSDT = 8x (Lưới: 6.12% → tính được 8x, giới hạn: 75x | Ký quỹ mục tiêu: $20) 
2026-07-23 23:58:48: [PP369] [AutoTrade] ✓ SAND BUY 3487 @ $0.04588 orderId=23047581015 status=NEW 
2026-07-24 00:03:46: [PP369] [AutoTrade] Lệnh LIMIT của SAND đã treo quá 3 phút (3.1 phút) -> Tiến hành hủy... 
2026-07-24 00:03:46: [PP369] [AutoTrade] ✓ Đã hủy thành công lệnh LIMIT treo của SAND 
2026-07-24 00:03:48: [PP369] [AutoTrade] SAND → LONG (Score: +5.8đ) tại $0.04588 
2026-07-24 00:03:48: [PP369] [AutoTrade] SAND LONG đã đặt gần đây — bỏ qua 
2026-07-24 00:04:17: [PP369] [AutoTrade] SAND → LONG (Score: +5.8đ) tại $0.04588 
2026-07-24 00:04:17: [PP369] [AutoTrade] Set leverage SANDUSDT = 8x (Lưới: 6.12% → tính được 8x, giới hạn: 75x | Ký quỹ mục tiêu: $20) 
2026-07-24 00:04:17: [PP369] [AutoTrade] ✓ SAND BUY 3487 @ $0.04588 orderId=23047586035 status=NEW 
2026-07-24 00:08:17: [PP369] [AutoTrade] KOMA → LONG (Score: +3.3đ) tại $0.00797 
2026-07-24 00:08:17: [PP369] [AutoTrade] KOMA LONG có Score = 3.3đ < 5.5đ — bỏ qua 
2026-07-24 00:08:47: [PP369] [AutoTrade] KOMA → LONG (Score: +3.3đ) tại $0.00797 
2026-07-24 00:08:47: [PP369] [AutoTrade] KOMA LONG có Score = 3.3đ < 5.5đ — bỏ qua 
2026-07-24 00:09:16: [PP369] [AutoTrade] Lệnh LIMIT của SAND đã treo quá 3 phút (3.1 phút) -> Tiến hành hủy... 
2026-07-24 00:09:16: [PP369] [AutoTrade] ✓ Đã hủy thành công lệnh LIMIT treo của SAND 
2026-07-24 00:09:17: [PP369] [AutoTrade] KOMA → LONG (Score: +3.3đ) tại $0.00797 
2026-07-24 00:09:17: [PP369] [AutoTrade] KOMA LONG có Score = 3.3đ < 5.5đ — bỏ qua 
2026-07-24 00:09:47: [PP369] [AutoTrade] KOMA → LONG (Score: +3.3đ) tại $0.00797 
2026-07-24 00:09:47: [PP369] [AutoTrade] KOMA LONG có Score = 3.3đ < 5.5đ — bỏ qua 
2026-07-24 00:10:17: [PP369] [AutoTrade] KOMA → LONG (Score: +3.3đ) tại $0.00797 
2026-07-24 00:10:17: [PP369] [AutoTrade] KOMA LONG có Score = 3.3đ < 5.5đ — bỏ qua 
2026-07-24 00:10:47: [PP369] [AutoTrade] KOMA → LONG (Score: +3.3đ) tại $0.00797 
2026-07-24 00:10:47: [PP369] [AutoTrade] KOMA LONG có Score = 3.3đ < 5.5đ — bỏ qua 
2026-07-24 00:11:17: [PP369] [AutoTrade] KOMA → LONG (Score: +3.3đ) tại $0.00797 
2026-07-24 00:11:17: [PP369] [AutoTrade] KOMA LONG có Score = 3.3đ < 5.5đ — bỏ qua 
2026-07-24 00:11:47: [PP369] [AutoTrade] KOMA → LONG (Score: +3.3đ) tại $0.00797 
2026-07-24 00:11:47: [PP369] [AutoTrade] KOMA LONG có Score = 3.3đ < 5.5đ — bỏ qua 
2026-07-24 00:12:17: [PP369] [AutoTrade] KOMA → LONG (Score: +3.3đ) tại $0.00797 
2026-07-24 00:12:17: [PP369] [AutoTrade] KOMA LONG có Score = 3.3đ < 5.5đ — bỏ qua 
2026-07-24 00:12:47: [PP369] [AutoTrade] KOMA → LONG (Score: +3.3đ) tại $0.00797 
2026-07-24 00:12:47: [PP369] [AutoTrade] KOMA LONG có Score = 3.3đ < 5.5đ — bỏ qua 
2026-07-24 00:13:17: [PP369] [AutoTrade] KOMA → LONG (Score: +3.3đ) tại $0.00797 
2026-07-24 00:13:17: [PP369] [AutoTrade] KOMA LONG có Score = 3.3đ < 5.5đ — bỏ qua 
2026-07-24 00:17:25: [PP369] [Binance] Đã đồng bộ giờ: offset = 113503ms (Giờ server: 2026-07-23T17:19:18.697Z) 
2026-07-24 00:39:17: [PP369] [AutoTrade] SAND → LONG (Score: +5.3đ) tại $0.04588 
2026-07-24 00:39:17: [PP369] [AutoTrade] SAND LONG có Score = 5.3đ < 5.5đ — bỏ qua 
2026-07-24 00:47:25: [PP369] [Binance] Đã đồng bộ giờ: offset = 113679ms (Giờ server: 2026-07-23T17:49:18.865Z) 
2026-07-24 00:50:18: [PP369] [AutoTrade] SKL → SHORT (Score: +4.9đ) tại $0.00397 
2026-07-24 00:50:18: [PP369] [AutoTrade] SKL SHORT có Score = 4.9đ < 5.5đ — bỏ qua 
2026-07-24 00:50:47: [PP369] [AutoTrade] SKL → SHORT (Score: +4.9đ) tại $0.00397 
2026-07-24 00:50:47: [PP369] [AutoTrade] SKL SHORT có Score = 4.9đ < 5.5đ — bỏ qua 
2026-07-24 00:51:47: [PP369] [AutoTrade] SKL → SHORT (Score: +4.9đ) tại $0.00397 
2026-07-24 00:51:47: [PP369] [AutoTrade] SKL SHORT có Score = 4.9đ < 5.5đ — bỏ qua 
2026-07-24 00:54:17: [PP369] [AutoTrade] ONT → LONG (Score: +3.9999999999999996đ) tại $0.0416 
2026-07-24 00:54:17: [PP369] [AutoTrade] ONT LONG có Score = 3.9999999999999996đ < 5.5đ — bỏ qua 
2026-07-24 00:54:18: [PP369] [AutoTrade] SAND → LONG (Score: +5.3đ) tại $0.04588 
2026-07-24 00:54:18: [PP369] [AutoTrade] SAND LONG có Score = 5.3đ < 5.5đ — bỏ qua 
2026-07-24 00:54:47: [PP369] [AutoTrade] ONT → LONG (Score: +3.9999999999999996đ) tại $0.0416 
2026-07-24 00:54:47: [PP369] [AutoTrade] ONT LONG có Score = 3.9999999999999996đ < 5.5đ — bỏ qua 
2026-07-24 00:54:47: [PP369] [AutoTrade] SAND → LONG (Score: +5.3đ) tại $0.04588 
2026-07-24 00:54:47: [PP369] [AutoTrade] SAND LONG có Score = 5.3đ < 5.5đ — bỏ qua 
2026-07-24 00:55:17: [PP369] [AutoTrade] ONT → LONG (Score: +3.9999999999999996đ) tại $0.0416 
2026-07-24 00:55:17: [PP369] [AutoTrade] ONT LONG có Score = 3.9999999999999996đ < 5.5đ — bỏ qua 
2026-07-24 00:55:18: [PP369] [AutoTrade] SAND → LONG (Score: +5.3đ) tại $0.04588 
2026-07-24 00:55:18: [PP369] [AutoTrade] SAND LONG có Score = 5.3đ < 5.5đ — bỏ qua 
2026-07-24 00:55:47: [PP369] [AutoTrade] ONT → LONG (Score: +3.9999999999999996đ) tại $0.0416 
2026-07-24 00:55:47: [PP369] [AutoTrade] ONT LONG có Score = 3.9999999999999996đ < 5.5đ — bỏ qua 
2026-07-24 00:55:47: [PP369] [AutoTrade] SAND → LONG (Score: +5.3đ) tại $0.04588 
2026-07-24 00:55:47: [PP369] [AutoTrade] SAND LONG có Score = 5.3đ < 5.5đ — bỏ qua 
2026-07-24 00:56:17: [PP369] [AutoTrade] ONT → LONG (Score: +3.9999999999999996đ) tại $0.0416 
2026-07-24 00:56:17: [PP369] [AutoTrade] ONT LONG có Score = 3.9999999999999996đ < 5.5đ — bỏ qua 
2026-07-24 00:56:17: [PP369] [AutoTrade] SAND → LONG (Score: +5.3đ) tại $0.04588 
2026-07-24 00:56:17: [PP369] [AutoTrade] SAND LONG có Score = 5.3đ < 5.5đ — bỏ qua 
2026-07-24 00:56:47: [PP369] [AutoTrade] ONT → LONG (Score: +3.9999999999999996đ) tại $0.0416 
2026-07-24 00:56:47: [PP369] [AutoTrade] ONT LONG có Score = 3.9999999999999996đ < 5.5đ — bỏ qua 
2026-07-24 01:06:19: [PP369] [AutoTrade] BCH → LONG (Score: +5.199999999999999đ) tại $209.15 
2026-07-24 01:06:19: [PP369] [AutoTrade] BCH LONG có Score = 5.199999999999999đ < 5.5đ — bỏ qua 
2026-07-24 01:06:47: [PP369] [AutoTrade] BCH → LONG (Score: +5.199999999999999đ) tại $209.15 
2026-07-24 01:06:47: [PP369] [AutoTrade] BCH LONG có Score = 5.199999999999999đ < 5.5đ — bỏ qua 
2026-07-24 01:07:47: [PP369] [AutoTrade] BCH → LONG (Score: +5.199999999999999đ) tại $209.15 
2026-07-24 01:07:47: [PP369] [AutoTrade] BCH LONG có Score = 5.199999999999999đ < 5.5đ — bỏ qua 
2026-07-24 01:09:47: [PP369] [AutoTrade] BCH → LONG (Score: +5.199999999999999đ) tại $209.15 
2026-07-24 01:09:47: [PP369] [AutoTrade] BCH LONG có Score = 5.199999999999999đ < 5.5đ — bỏ qua 
2026-07-24 01:10:17: [PP369] [AutoTrade] BCH → LONG (Score: +5.199999999999999đ) tại $209.15 
2026-07-24 01:10:17: [PP369] [AutoTrade] BCH LONG có Score = 5.199999999999999đ < 5.5đ — bỏ qua 
2026-07-24 01:10:47: [PP369] [AutoTrade] BCH → LONG (Score: +5.199999999999999đ) tại $209.15 
2026-07-24 01:10:47: [PP369] [AutoTrade] BCH LONG có Score = 5.199999999999999đ < 5.5đ — bỏ qua 
2026-07-24 01:11:17: [PP369] [AutoTrade] BCH → LONG (Score: +5.199999999999999đ) tại $209.15 
2026-07-24 01:11:17: [PP369] [AutoTrade] BCH LONG có Score = 5.199999999999999đ < 5.5đ — bỏ qua 
2026-07-24 01:11:47: [PP369] [AutoTrade] BCH → LONG (Score: +5.199999999999999đ) tại $209.15 
2026-07-24 01:11:47: [PP369] [AutoTrade] BCH LONG có Score = 5.199999999999999đ < 5.5đ — bỏ qua 
2026-07-24 01:17:25: [PP369] [Binance] Đã đồng bộ giờ: offset = 113853ms (Giờ server: 2026-07-23T18:19:19.042Z) 
2026-07-24 01:47:25: [PP369] [Binance] Đã đồng bộ giờ: offset = 114029ms (Giờ server: 2026-07-23T18:49:19.213Z) 
2026-07-24 02:17:25: [PP369] [Binance] Đã đồng bộ giờ: offset = 114206ms (Giờ server: 2026-07-23T19:19:19.395Z) 
2026-07-24 02:28:49: [PP369] [AutoTrade] B2 → LONG (Score: +4.1đ) tại $0.3099 
2026-07-24 02:28:49: [PP369] [AutoTrade] B2 LONG có Score = 4.1đ < 5.5đ — bỏ qua 
2026-07-24 02:37:47: [PP369] [AutoTrade] B2 → LONG (Score: +4.1đ) tại $0.3099 
2026-07-24 02:37:47: [PP369] [AutoTrade] B2 LONG có Score = 4.1đ < 5.5đ — bỏ qua 
2026-07-24 02:38:17: [PP369] [AutoTrade] B2 → LONG (Score: +4.1đ) tại $0.3099 
2026-07-24 02:38:17: [PP369] [AutoTrade] B2 LONG có Score = 4.1đ < 5.5đ — bỏ qua 
2026-07-24 02:46:48: [PP369] [AutoTrade] DASH → LONG (Score: +7.3đ) tại $32.62 
2026-07-24 02:46:48: [PP369] [AutoTrade] Set leverage DASHUSDT = 6x (Lưới: 7.85% → tính được 6x, giới hạn: 75x | Ký quỹ mục tiêu: $30) 
2026-07-24 02:46:48: [PP369] [AutoTrade] ✓ DASH BUY 5.518 @ $32.62 orderId=10505634331 status=NEW 
2026-07-24 02:47:25: [PP369] [Binance] Đã đồng bộ giờ: offset = 114380ms (Giờ server: 2026-07-23T19:49:19.535Z) 
2026-07-24 02:51:46: [PP369] [AutoTrade] Lệnh LIMIT của DASH đã treo quá 3 phút (3.1 phút) -> Tiến hành hủy... 
2026-07-24 02:51:46: [PP369] [AutoTrade] ✓ Đã hủy thành công lệnh LIMIT treo của DASH 
2026-07-24 02:51:47: [PP369] [AutoTrade] DASH → LONG (Score: +7.3đ) tại $32.62 
2026-07-24 02:51:47: [PP369] [AutoTrade] DASH LONG đã đặt gần đây — bỏ qua 
2026-07-24 02:52:17: [PP369] [AutoTrade] DASH → LONG (Score: +7.3đ) tại $32.62 
2026-07-24 02:52:17: [PP369] [AutoTrade] Set leverage DASHUSDT = 6x (Lưới: 7.85% → tính được 6x, giới hạn: 75x | Ký quỹ mục tiêu: $30) 
2026-07-24 02:52:17: [PP369] [AutoTrade] ✓ DASH BUY 5.518 @ $32.62 orderId=10505649551 status=NEW 
2026-07-24 02:57:16: [PP369] [AutoTrade] Lệnh LIMIT của DASH đã treo quá 3 phút (3.1 phút) -> Tiến hành hủy... 
2026-07-24 02:57:16: [PP369] [AutoTrade] ✓ Đã hủy thành công lệnh LIMIT treo của DASH 
2026-07-24 02:57:17: [PP369] [AutoTrade] DASH → LONG (Score: +7.3đ) tại $32.62 
2026-07-24 02:57:17: [PP369] [AutoTrade] DASH LONG đã đặt gần đây — bỏ qua 
2026-07-24 03:17:25: [PP369] [Binance] Đã đồng bộ giờ: offset = 114555ms (Giờ server: 2026-07-23T20:19:19.749Z) 
2026-07-24 03:17:27: [PP369] [AutoTrade] [CoinRefresh] Tái kiểm tra danh sách: 448 → 450 coin hợp lệ theo giá hiện tại. 
2026-07-24 03:26:49: [PP369] [AutoTrade] HOLO → SHORT (Score: +2.9999999999999996đ) tại $0.06783 
2026-07-24 03:26:49: [PP369] [AutoTrade] HOLO SHORT có Score = 2.9999999999999996đ < 5.5đ — bỏ qua 
2026-07-24 03:27:17: [PP369] [AutoTrade] HOLO → SHORT (Score: +2.9999999999999996đ) tại $0.06783 
2026-07-24 03:27:17: [PP369] [AutoTrade] HOLO SHORT có Score = 2.9999999999999996đ < 5.5đ — bỏ qua 
2026-07-24 03:27:47: [PP369] [AutoTrade] HOLO → SHORT (Score: +2.9999999999999996đ) tại $0.06783 
2026-07-24 03:27:47: [PP369] [AutoTrade] HOLO SHORT có Score = 2.9999999999999996đ < 5.5đ — bỏ qua 
2026-07-24 03:44:18: [PP369] [AutoTrade] BLESS → SHORT (Score: +2.6đ) tại $0.00797 
2026-07-24 03:44:18: [PP369] [AutoTrade] BLESS SHORT có Score = 2.6đ < 5.5đ — bỏ qua 
2026-07-24 03:44:47: [PP369] [AutoTrade] BLESS → SHORT (Score: +2.6đ) tại $0.00797 
2026-07-24 03:44:47: [PP369] [AutoTrade] BLESS SHORT có Score = 2.6đ < 5.5đ — bỏ qua 
2026-07-24 03:45:17: [PP369] [AutoTrade] BLESS → SHORT (Score: +2.6đ) tại $0.00797 
2026-07-24 03:45:17: [PP369] [AutoTrade] BLESS SHORT có Score = 2.6đ < 5.5đ — bỏ qua 
2026-07-24 03:45:47: [PP369] [AutoTrade] BLESS → SHORT (Score: +2.6đ) tại $0.00797 
2026-07-24 03:45:47: [PP369] [AutoTrade] BLESS SHORT có Score = 2.6đ < 5.5đ — bỏ qua 
2026-07-24 03:47:25: [PP369] [Binance] Đã đồng bộ giờ: offset = 114732ms (Giờ server: 2026-07-23T20:49:19.925Z) 
2026-07-24 04:17:25: [PP369] [Binance] Đã đồng bộ giờ: offset = 114907ms (Giờ server: 2026-07-23T21:19:20.101Z) 
2026-07-24 04:47:25: [PP369] [Binance] Đã đồng bộ giờ: offset = 115082ms (Giờ server: 2026-07-23T21:49:20.272Z) 
2026-07-24 05:17:25: [PP369] [Binance] Đã đồng bộ giờ: offset = 115256ms (Giờ server: 2026-07-23T22:19:20.455Z) 
2026-07-24 05:47:25: [PP369] [Binance] Đã đồng bộ giờ: offset = 115431ms (Giờ server: 2026-07-23T22:49:20.628Z) 
2026-07-24 06:17:25: [PP369] [Binance] Đã đồng bộ giờ: offset = 115607ms (Giờ server: 2026-07-23T23:19:20.799Z) 
2026-07-24 06:47:19: [PP369] [AutoTrade] LUNA2 → LONG (Score: +3.5999999999999996đ) tại $0.04389 
2026-07-24 06:47:19: [PP369] [AutoTrade] LUNA2 LONG có Score = 3.5999999999999996đ < 5.5đ — bỏ qua 
2026-07-24 06:47:25: [PP369] [Binance] Đã đồng bộ giờ: offset = 115781ms (Giờ server: 2026-07-23T23:49:20.975Z) 
2026-07-24 06:47:47: [PP369] [AutoTrade] LUNA2 → LONG (Score: +3.5999999999999996đ) tại $0.04389 
2026-07-24 06:47:47: [PP369] [AutoTrade] LUNA2 LONG có Score = 3.5999999999999996đ < 5.5đ — bỏ qua 
2026-07-24 07:12:49: [PP369] [AutoTrade] CYS → SHORT (Score: +6đ) tại $0.3212 
2026-07-24 07:12:50: [PP369] [AutoTrade] Set leverage CYSUSDT = 10x (Lưới: 4.86% → tính được 10x, giới hạn: 20x | Ký quỹ mục tiêu: $20) 
2026-07-24 07:12:50: [PP369] [AutoTrade] ✓ CYS SELL 622 @ $0.3212 orderId=616599410 status=NEW 
2026-07-24 07:17:25: [PP369] [Binance] Đã đồng bộ giờ: offset = 115956ms (Giờ server: 2026-07-24T00:19:21.127Z) 
2026-07-24 07:17:27: [PP369] [AutoTrade] [CoinRefresh] Tái kiểm tra danh sách: 450 → 447 coin hợp lệ theo giá hiện tại. 
2026-07-24 07:17:46: [PP369] [AutoTrade] Lệnh LIMIT của CYS đã treo quá 3 phút (3.0 phút) -> Tiến hành hủy... 
2026-07-24 07:17:46: [PP369] [AutoTrade] ✓ Đã hủy thành công lệnh LIMIT treo của CYS 
2026-07-24 07:17:47: [PP369] [AutoTrade] CYS → SHORT (Score: +6đ) tại $0.3212 
2026-07-24 07:17:47: [PP369] [AutoTrade] CYS SHORT đã đặt gần đây — bỏ qua 
2026-07-24 07:31:18: [PP369] [AutoTrade] DASH → LONG (Score: +6.1đ) tại $32.62 
2026-07-24 07:31:18: [PP369] [AutoTrade] Set leverage DASHUSDT = 6x (Lưới: 7.85% → tính được 6x, giới hạn: 75x | Ký quỹ mục tiêu: $20) 
2026-07-24 07:31:18: [PP369] [AutoTrade] ✓ DASH BUY 3.678 @ $32.62 orderId=10506259937 status=NEW 
2026-07-24 07:31:20: [PP369] [AutoTrade] 1000LUNC → LONG (Score: +5.3đ) tại $0.05412 
2026-07-24 07:31:20: [PP369] [AutoTrade] 1000LUNC LONG có Score = 5.3đ < 5.5đ — bỏ qua 
2026-07-24 07:31:21: [PP369] [AutoTrade] STO → LONG (Score: +3.5999999999999996đ) tại $0.03954 
2026-07-24 07:31:21: [PP369] [AutoTrade] STO LONG có Score = 3.5999999999999996đ < 5.5đ — bỏ qua 
2026-07-24 07:31:48: [PP369] [AutoTrade] STO → LONG (Score: +3.5999999999999996đ) tại $0.03954 
2026-07-24 07:31:48: [PP369] [AutoTrade] STO LONG có Score = 3.5999999999999996đ < 5.5đ — bỏ qua 
2026-07-24 07:36:16: [PP369] [AutoTrade] Lệnh LIMIT của DASH đã treo quá 3 phút (3.0 phút) -> Tiến hành hủy... 
2026-07-24 07:36:16: [PP369] [AutoTrade] ✓ Đã hủy thành công lệnh LIMIT treo của DASH 
2026-07-24 07:38:48: [PP369] [AutoTrade] 1000XEC → SHORT (Score: +4.699999999999999đ) tại $0.00748 
2026-07-24 07:38:48: [PP369] [AutoTrade] 1000XEC SHORT có Score = 4.699999999999999đ < 5.5đ — bỏ qua 
2026-07-24 07:42:17: [PP369] [AutoTrade] CYS → SHORT (Score: +6đ) tại $0.3212 
2026-07-24 07:42:17: [PP369] [AutoTrade] Set leverage CYSUSDT = 10x (Lưới: 4.86% → tính được 10x, giới hạn: 20x | Ký quỹ mục tiêu: $20) 
2026-07-24 07:42:18: [PP369] [AutoTrade] ✓ CYS SELL 622 @ $0.3212 orderId=616606535 status=NEW 
2026-07-24 07:47:16: [PP369] [AutoTrade] Lệnh LIMIT của CYS đã treo quá 3 phút (3.0 phút) -> Tiến hành hủy... 
2026-07-24 07:47:16: [PP369] [AutoTrade] ✓ Đã hủy thành công lệnh LIMIT treo của CYS 
2026-07-24 07:47:25: [PP369] [Binance] Đã đồng bộ giờ: offset = 116133ms (Giờ server: 2026-07-24T00:49:21.334Z) 
2026-07-24 07:55:18: [PP369] [AutoTrade] BLESS → LONG (Score: +2.6đ) tại $0.00772 
2026-07-24 07:55:18: [PP369] [AutoTrade] BLESS LONG không đạt Tiêu chí 2 (Biến động H1/M15 an toàn) — bỏ qua 
2026-07-24 08:12:49: [PP369] [AutoTrade] CYS → SHORT (Score: +4.699999999999999đ) tại $0.3212 
2026-07-24 08:12:49: [PP369] [AutoTrade] CYS SHORT có Score = 4.699999999999999đ < 5.5đ — bỏ qua 
2026-07-24 08:16:55: ◇ injected env (8) from .env // tip: ⌁ auth for agents [www.vestauth.com]
2026-07-24 08:16:56: [PP369] [369] initH4Cache: Tất cả 779 coin đã có nến H4 đầu năm. 
2026-07-24 08:16:56: [PP369] [Binance] Đã đồng bộ giờ: offset = 116299ms (Giờ server: 2026-07-24T01:18:52.834Z) 
2026-07-24 08:16:56: [AutoTrade] Bỏ qua 158 coin có grid ngoài khoảng 3–25% (theo giá hiện tại): SOL(39.5%), XRP(27.1%), ETC(43.9%), LINK(35.6%), BAT(39.0%), QTUM(41.7%), KNC(27.3%), DOT(36.8%), AVAX(48.0%), AAVE(31.5%), FIL(41.3%), BEL(2.9%), CTK(29.6%), COTI(40.9%), ALICE(2.5%), NKN(2.6%), DGB(1.6%), ATA(1.8%), DYDX(2.4%), KLAY(2.4%), APE(2.0%), DAR(2.1%), OP(32.3%), STG(2.2%), SPELL(36.9%), CVX(25.4%), APT(48.4%), FET(2.0%), CKB(33.7%), USDC(30.0%), AMB(2.5%), LEVER(26.7%), RDNT(2.9%), HFT(32.2%), SUI(40.4%), MAV(33.7%), ARKM(2.8%), DODOX(1.5%), ARK(29.0%), BOND(28.1%), RIF(2.4%), GAS(29.1%), SUPER(35.3%), 1000SATS(320.2%), ACE(35.8%), JUP(1.6%), GLM(30.1%), PORTAL(2.9%), MYRO(3.0%), W(33.9%), IO(2.0%), ZK(32.1%), ZRO(37.9%), SYN(2.1%), SYS(1.7%), ALPACA(25.2%), SUN(1.6%), DOGS(84.8%), BSW(2.5%), QUICK(2.3%), NEIRO(52.4%), FIO(2.5%), GHST(1.8%), LOKA(2.6%), COS(2.5%), DIA(30.0%), SANTOS(59.8%), 1000000MOG(30.0%), ACT(33.6%), HIPPO(2.9%), DEGEN(2.9%), 1000WHY(197.4%), THE(55.0%), CHILLGUY(3.0%), MOVE(29.4%), VELODROME(1.7%), MOCA(35.2%), USUAL(35.0%), DF(2.6%), COOKIE(36.5%), D(2.2%), PIPPIN(183.2%), TST(2.6%), HEI(2.9%), KAITO(3.0%), RED(30.5%), MUBARAK(2.9%), TUT(2.1%), BROCCOLI714(2.5%), BR(1.9%), PLUME(2.6%), FUN(1.7%), BABY(2.4%), PUMP(1.6%), BANK(1.0%), SIGN(35.4%), PUNDIX(36.8%), SXT(44.3%), ASR(34.9%), MILK(3.0%), OG(116.0%), AGT(2.3%), B(1.8%), MERL(174.6%), PUMPBTC(33.5%), MYX(395.5%), DMC(2.3%), OL(1.7%), SAHARA(33.9%), BULLA(26.5%), M(26.4%), TANSSI(2.4%), VELVET(1.0%), ZORA(47.4%), TAG(3.0%), ESPORTS(73.1%), A2Z(2.1%), YALA(1.8%), AIO(2.6%), LA(47.0%), SOMI(30.2%), BAS(1.1%), Q(1.5%), PTB(51.4%), PORT3(2.5%), 1000000BOB(2.0%), AVNT(33.3%), UB(2.4%), TOSHI(27.8%), TRADOOR(61.4%), FLUID(27.1%), HANA(0.9%), AKE(1.3%), LIGHT(233.3%), XAN(2.8%), TRUTH(2.4%), YB(41.0%), EUL(30.2%), ZBT(2.6%), LAB(1.9%), RIVER(94.4%), 币安人生(0.4%), BLUAI(2.5%), APR(1.5%), ON(1.6%), KITE(2.7%), AT(2.2%), UAI(0.9%), STABLE(0.8%), JCT(0.7%), ALLO(0.6%), BOB(2.8%), POWER(34.3%), US(0.7%), BREV(41.5%), MAGMA(0.9%), OPEN(1.8%), RLS(2.8%)
2026-07-24 08:16:57: [PP369] [Binance] Đang lấy leverage brackets cho 449 coin... 
2026-07-24 08:16:58: [PP369] [Binance] Đã lưu leverage cho 449 coin vào step_sizes.json 
2026-07-24 08:16:58: [PP369] [AutoTrade] Khởi động: 449 coin | margin=$10 | 10x | type=LIMIT 
2026-07-24 08:16:58: [PP369] [Binance] Loaded step and tick sizes from existing file: 827 symbols 
2026-07-24 08:16:58: [PP369] [AutoTrade] Đã nạp leverageInfo cho 449 coin từ cache. 
2026-07-24 08:16:58: [PP369] [PP369Stream] Kết nối WebSocket thành công (market/stream) 
2026-07-24 08:17:02: [PP369] [AutoTrade] Bắt đầu scan... 
2026-07-24 08:31:48: [PP369] [AutoTrade] VANRY → SHORT (Score: +2.6999999999999997đ) tại $0.004716 
2026-07-24 08:31:48: [PP369] [AutoTrade] VANRY SHORT có Score = 2.6999999999999997đ < 5.5đ — bỏ qua 
2026-07-24 08:39:18: [PP369] [AutoTrade] H → SHORT (Score: +3.4999999999999996đ) tại $0.0641 
2026-07-24 08:39:18: [PP369] [AutoTrade] H SHORT có Score = 3.4999999999999996đ < 5.5đ — bỏ qua 
2026-07-24 08:39:47: [PP369] [AutoTrade] H → SHORT (Score: +3.4999999999999996đ) tại $0.0641 
2026-07-24 08:39:47: [PP369] [AutoTrade] H SHORT có Score = 3.4999999999999996đ < 5.5đ — bỏ qua 
2026-07-24 08:46:55: [PP369] [Binance] Đã đồng bộ giờ: offset = 116479ms (Giờ server: 2026-07-24T01:48:52.317Z) 
2026-07-24 09:07:19: [PP369] [AutoTrade] COAI → LONG (Score: +2.9999999999999996đ) tại $0.3214 
2026-07-24 09:07:19: [PP369] [AutoTrade] COAI LONG có Score = 2.9999999999999996đ < 5.5đ — bỏ qua 
2026-07-24 09:07:47: [PP369] [AutoTrade] COAI → LONG (Score: +2.9999999999999996đ) tại $0.3214 
2026-07-24 09:07:47: [PP369] [AutoTrade] COAI LONG có Score = 2.9999999999999996đ < 5.5đ — bỏ qua 
2026-07-24 09:16:55: [PP369] [Binance] Đã đồng bộ giờ: offset = 116654ms (Giờ server: 2026-07-24T02:18:52.489Z) 
2026-07-24 09:21:18: [PP369] [AutoTrade] H → LONG (Score: +2.8đ) tại $0.06213 
2026-07-24 09:21:18: [PP369] [AutoTrade] H LONG không đạt Tiêu chí 2 (Biến động H1/M15 an toàn) — bỏ qua 
2026-07-24 09:21:48: [PP369] [AutoTrade] H → LONG (Score: +2.8đ) tại $0.06213 
2026-07-24 09:21:48: [PP369] [AutoTrade] H LONG không đạt Tiêu chí 2 (Biến động H1/M15 an toàn) — bỏ qua 
2026-07-24 09:32:18: [PP369] [AutoTrade] DASH → LONG (Score: +5.6đ) tại $32.62 
2026-07-24 09:32:18: [PP369] [AutoTrade] Set leverage DASHUSDT = 6x (Lưới: 7.85% → tính được 6x, giới hạn: 75x | Ký quỹ mục tiêu: $20) 
2026-07-24 09:32:19: [PP369] [AutoTrade] ✓ DASH BUY 3.678 @ $32.62 orderId=10506521660 status=NEW 
2026-07-24 09:34:12: [PP369] [AutoTrade] ✓ Đặt TP DASH @ $33.16 (đối ứng SELL) orderId=1000002470722286 
2026-07-24 09:34:13: [PP369] [AutoTrade] ✓ Đặt SL DASH @ $32.08 (đối ứng SELL) orderId=1000002470722292 
2026-07-24 09:45:48: [PP369] [AutoTrade] XNY → SHORT (Score: +4.4đ) tại $0.007097 
2026-07-24 09:45:48: [PP369] [AutoTrade] XNY SHORT không đạt Tiêu chí 2 (Biến động H1/M15 an toàn) — bỏ qua 
2026-07-24 09:46:55: [PP369] [Binance] Đã đồng bộ giờ: offset = 116830ms (Giờ server: 2026-07-24T02:48:52.620Z) 
2026-07-24 09:53:47: [PP369] [AutoTrade] SAFE → SHORT (Score: +2.4000000000000004đ) tại $0.0898 
2026-07-24 09:53:47: [PP369] [AutoTrade] SAFE SHORT có Score = 2.4000000000000004đ < 5.5đ — bỏ qua 
2026-07-24 09:54:47: [PP369] [AutoTrade] SAFE → SHORT (Score: +2.4000000000000004đ) tại $0.0898 
2026-07-24 09:54:47: [PP369] [AutoTrade] SAFE SHORT có Score = 2.4000000000000004đ < 5.5đ — bỏ qua 
2026-07-24 09:55:17: [PP369] [AutoTrade] SAFE → SHORT (Score: +2.4000000000000004đ) tại $0.0898 
2026-07-24 09:55:17: [PP369] [AutoTrade] SAFE SHORT có Score = 2.4000000000000004đ < 5.5đ — bỏ qua 
2026-07-24 09:55:47: [PP369] [AutoTrade] SAFE → SHORT (Score: +2.4000000000000004đ) tại $0.0898 
2026-07-24 09:55:47: [PP369] [AutoTrade] SAFE SHORT có Score = 2.4000000000000004đ < 5.5đ — bỏ qua 
2026-07-24 09:56:17: [PP369] [AutoTrade] SAFE → SHORT (Score: +2.1đ) tại $0.0898 
2026-07-24 09:56:17: [PP369] [AutoTrade] SAFE SHORT không đạt Tiêu chí 2 (Biến động H1/M15 an toàn) — bỏ qua 
2026-07-24 10:01:19: [PP369] [AutoTrade] ACX → SHORT (Score: +4.9đ) tại $0.03903 
2026-07-24 10:01:19: [PP369] [AutoTrade] ACX SHORT không đạt Tiêu chí 2 (Biến động H1/M15 an toàn) — bỏ qua 
2026-07-24 10:14:18: [PP369] [AutoTrade] INJ → SHORT (Score: +4.199999999999999đ) tại $5.386 
2026-07-24 10:14:18: [PP369] [AutoTrade] INJ SHORT có Score = 4.199999999999999đ < 5.5đ — bỏ qua 
2026-07-24 10:16:55: [PP369] [Binance] Đã đồng bộ giờ: offset = 117005ms (Giờ server: 2026-07-24T03:18:52.896Z) 
2026-07-24 10:19:17: [PP369] [AutoTrade] INJ → SHORT (Score: +4.199999999999999đ) tại $5.386 
2026-07-24 10:19:17: [PP369] [AutoTrade] INJ SHORT có Score = 4.199999999999999đ < 5.5đ — bỏ qua 
2026-07-24 10:19:47: [PP369] [AutoTrade] INJ → SHORT (Score: +4.199999999999999đ) tại $5.386 
2026-07-24 10:19:47: [PP369] [AutoTrade] INJ SHORT có Score = 4.199999999999999đ < 5.5đ — bỏ qua 
2026-07-24 10:20:17: [PP369] [AutoTrade] INJ → SHORT (Score: +4.199999999999999đ) tại $5.386 
2026-07-24 10:20:17: [PP369] [AutoTrade] INJ SHORT có Score = 4.199999999999999đ < 5.5đ — bỏ qua 
2026-07-24 10:20:47: [PP369] [AutoTrade] INJ → SHORT (Score: +4.199999999999999đ) tại $5.386 
2026-07-24 10:20:47: [PP369] [AutoTrade] INJ SHORT có Score = 4.199999999999999đ < 5.5đ — bỏ qua 
2026-07-24 10:21:17: [PP369] [AutoTrade] INJ → SHORT (Score: +4.199999999999999đ) tại $5.386 
2026-07-24 10:21:17: [PP369] [AutoTrade] INJ SHORT có Score = 4.199999999999999đ < 5.5đ — bỏ qua 
2026-07-24 10:22:47: [PP369] [AutoTrade] INJ → SHORT (Score: +4.199999999999999đ) tại $5.386 
2026-07-24 10:22:47: [PP369] [AutoTrade] INJ SHORT có Score = 4.199999999999999đ < 5.5đ — bỏ qua 
2026-07-24 10:23:47: [PP369] [AutoTrade] INJ → SHORT (Score: +4.199999999999999đ) tại $5.386 
2026-07-24 10:23:47: [PP369] [AutoTrade] INJ SHORT có Score = 4.199999999999999đ < 5.5đ — bỏ qua 
2026-07-24 10:24:17: [PP369] [AutoTrade] INJ → SHORT (Score: +4.199999999999999đ) tại $5.386 
2026-07-24 10:24:17: [PP369] [AutoTrade] INJ SHORT có Score = 4.199999999999999đ < 5.5đ — bỏ qua 
2026-07-24 10:24:47: [PP369] [AutoTrade] INJ → SHORT (Score: +4.199999999999999đ) tại $5.386 
2026-07-24 10:24:47: [PP369] [AutoTrade] INJ SHORT có Score = 4.199999999999999đ < 5.5đ — bỏ qua 
2026-07-24 10:25:17: [PP369] [AutoTrade] INJ → SHORT (Score: +4.199999999999999đ) tại $5.386 
2026-07-24 10:25:17: [PP369] [AutoTrade] INJ SHORT có Score = 4.199999999999999đ < 5.5đ — bỏ qua 
2026-07-24 10:25:47: [PP369] [AutoTrade] INJ → SHORT (Score: +4.199999999999999đ) tại $5.386 
2026-07-24 10:25:47: [PP369] [AutoTrade] INJ SHORT có Score = 4.199999999999999đ < 5.5đ — bỏ qua 
2026-07-24 10:26:17: [PP369] [AutoTrade] INJ → SHORT (Score: +4.199999999999999đ) tại $5.386 
2026-07-24 10:26:17: [PP369] [AutoTrade] INJ SHORT có Score = 4.199999999999999đ < 5.5đ — bỏ qua 
2026-07-24 10:46:55: [PP369] [Binance] Đã đồng bộ giờ: offset = 117174ms (Giờ server: 2026-07-24T03:48:52.980Z) 
2026-07-24 11:16:55: [PP369] [Binance] Đã đồng bộ giờ: offset = 117355ms (Giờ server: 2026-07-24T04:18:53.146Z) 
2026-07-24 11:22:02: [PP369] [AutoTrade] Trailing SL: DASH đạt ROI 5.01% -> Dịch SL trên sàn về entry + 1% ROI ($32.67) [Mức: Hòa vốn] 
2026-07-24 11:22:02: [PP369] [AutoTrade] Đã hủy SL cũ của DASH (orderId=1000002470722292) 
2026-07-24 11:22:02: [PP369] [AutoTrade] ✓ Đã dịch SL mới cho DASH @ $32.67 (orderId=1000002470853522) 
2026-07-24 11:39:49: [PP369] [AutoTrade] NAORIS → SHORT (Score: +2.6đ) tại $0.03493 
2026-07-24 11:39:49: [PP369] [AutoTrade] NAORIS SHORT có Score = 2.6đ < 5.5đ — bỏ qua 
2026-07-24 11:40:17: [PP369] [AutoTrade] NAORIS → SHORT (Score: +2.6đ) tại $0.03493 
2026-07-24 11:40:17: [PP369] [AutoTrade] NAORIS SHORT có Score = 2.6đ < 5.5đ — bỏ qua 
2026-07-24 11:40:47: [PP369] [AutoTrade] NAORIS → SHORT (Score: +2.6đ) tại $0.03493 
2026-07-24 11:40:47: [PP369] [AutoTrade] NAORIS SHORT có Score = 2.6đ < 5.5đ — bỏ qua 
2026-07-24 11:41:48: [PP369] [AutoTrade] H → SHORT (Score: +3.1đ) tại $0.0611 
2026-07-24 11:41:48: [PP369] [AutoTrade] H SHORT có Score = 3.1đ < 5.5đ — bỏ qua 
2026-07-24 11:46:55: [PP369] [Binance] Đã đồng bộ giờ: offset = 117531ms (Giờ server: 2026-07-24T04:48:53.323Z) 
2026-07-24 12:02:49: [PP369] [AutoTrade] 1000XEC → SHORT (Score: +1.9000000000000001đ) tại $0.00778 
2026-07-24 12:02:49: [PP369] [AutoTrade] 1000XEC SHORT có Score = 1.9000000000000001đ < 5.5đ — bỏ qua 
2026-07-24 12:11:18: [PP369] [AutoTrade] SAFE → LONG (Score: +5.2đ) tại $0.0871 
2026-07-24 12:11:18: [PP369] [AutoTrade] SAFE LONG có Score = 5.2đ < 5.5đ — bỏ qua 
2026-07-24 12:11:47: [PP369] [AutoTrade] SAFE → LONG (Score: +5.2đ) tại $0.0871 
2026-07-24 12:11:47: [PP369] [AutoTrade] SAFE LONG có Score = 5.2đ < 5.5đ — bỏ qua 
2026-07-24 12:12:17: [PP369] [AutoTrade] SAFE → LONG (Score: +5.2đ) tại $0.0871 
2026-07-24 12:12:17: [PP369] [AutoTrade] SAFE LONG có Score = 5.2đ < 5.5đ — bỏ qua 
2026-07-24 12:12:47: [PP369] [AutoTrade] 1000XEC → SHORT (Score: +1.9000000000000001đ) tại $0.00778 
2026-07-24 12:12:47: [PP369] [AutoTrade] 1000XEC SHORT có Score = 1.9000000000000001đ < 5.5đ — bỏ qua 
2026-07-24 12:13:17: [PP369] [AutoTrade] 1000XEC → SHORT (Score: +1.9000000000000001đ) tại $0.00778 
2026-07-24 12:13:17: [PP369] [AutoTrade] 1000XEC SHORT có Score = 1.9000000000000001đ < 5.5đ — bỏ qua 
2026-07-24 12:13:47: [PP369] [AutoTrade] 1000XEC → SHORT (Score: +1.9000000000000001đ) tại $0.00778 
2026-07-24 12:13:47: [PP369] [AutoTrade] 1000XEC SHORT có Score = 1.9000000000000001đ < 5.5đ — bỏ qua 
2026-07-24 12:16:55: [PP369] [Binance] Đã đồng bộ giờ: offset = 117695ms (Giờ server: 2026-07-24T05:18:53.510Z) 
2026-07-24 12:16:58: [PP369] [AutoTrade] [CoinRefresh] Tái kiểm tra danh sách: 449 → 449 coin hợp lệ theo giá hiện tại. 
2026-07-24 12:17:18: [PP369] [AutoTrade] 1000XEC → SHORT (Score: +2.1đ) tại $0.00778 
2026-07-24 12:17:18: [PP369] [AutoTrade] 1000XEC SHORT có Score = 2.1đ < 5.5đ — bỏ qua 
2026-07-24 12:17:48: [PP369] [AutoTrade] 1000XEC → SHORT (Score: +2.1đ) tại $0.00778 
2026-07-24 12:17:48: [PP369] [AutoTrade] 1000XEC SHORT có Score = 2.1đ < 5.5đ — bỏ qua 
2026-07-24 12:20:48: [PP369] [AutoTrade] SAFE → LONG (Score: +5.2đ) tại $0.0871 
2026-07-24 12:20:48: [PP369] [AutoTrade] SAFE LONG có Score = 5.2đ < 5.5đ — bỏ qua 
2026-07-24 12:21:18: [PP369] [AutoTrade] SAFE → LONG (Score: +5.2đ) tại $0.0871 
2026-07-24 12:21:18: [PP369] [AutoTrade] SAFE LONG có Score = 5.2đ < 5.5đ — bỏ qua 
2026-07-24 12:21:48: [PP369] [AutoTrade] SAFE → LONG (Score: +5.2đ) tại $0.0871 
2026-07-24 12:21:48: [PP369] [AutoTrade] SAFE LONG có Score = 5.2đ < 5.5đ — bỏ qua 
2026-07-24 12:22:18: [PP369] [AutoTrade] SAFE → LONG (Score: +5.2đ) tại $0.0871 
2026-07-24 12:22:18: [PP369] [AutoTrade] SAFE LONG có Score = 5.2đ < 5.5đ — bỏ qua 
2026-07-24 12:22:48: [PP369] [AutoTrade] SAFE → LONG (Score: +5.2đ) tại $0.0871 
2026-07-24 12:22:48: [PP369] [AutoTrade] SAFE LONG có Score = 5.2đ < 5.5đ — bỏ qua 
2026-07-24 12:23:18: [PP369] [AutoTrade] SAFE → LONG (Score: +5.2đ) tại $0.0871 
2026-07-24 12:23:18: [PP369] [AutoTrade] SAFE LONG có Score = 5.2đ < 5.5đ — bỏ qua 
2026-07-24 12:23:48: [PP369] [AutoTrade] SAFE → LONG (Score: +5.2đ) tại $0.0871 
2026-07-24 12:23:48: [PP369] [AutoTrade] SAFE LONG có Score = 5.2đ < 5.5đ — bỏ qua 
2026-07-24 12:24:18: [PP369] [AutoTrade] SAFE → LONG (Score: +5.2đ) tại $0.0871 
2026-07-24 12:24:18: [PP369] [AutoTrade] SAFE LONG có Score = 5.2đ < 5.5đ — bỏ qua 
2026-07-24 12:24:48: [PP369] [AutoTrade] SAFE → LONG (Score: +5.2đ) tại $0.0871 
2026-07-24 12:24:48: [PP369] [AutoTrade] SAFE LONG có Score = 5.2đ < 5.5đ — bỏ qua 
2026-07-24 12:25:48: [PP369] [AutoTrade] SAFE → LONG (Score: +5.2đ) tại $0.0871 
2026-07-24 12:25:48: [PP369] [AutoTrade] SAFE LONG có Score = 5.2đ < 5.5đ — bỏ qua 
2026-07-24 12:26:18: [PP369] [AutoTrade] SAFE → LONG (Score: +5.2đ) tại $0.0871 
2026-07-24 12:26:18: [PP369] [AutoTrade] SAFE LONG có Score = 5.2đ < 5.5đ — bỏ qua 
2026-07-24 12:26:48: [PP369] [AutoTrade] SAFE → LONG (Score: +5.2đ) tại $0.0871 
2026-07-24 12:26:48: [PP369] [AutoTrade] SAFE LONG có Score = 5.2đ < 5.5đ — bỏ qua 
2026-07-24 12:27:18: [PP369] [AutoTrade] SAFE → LONG (Score: +5.2đ) tại $0.0871 
2026-07-24 12:27:18: [PP369] [AutoTrade] SAFE LONG có Score = 5.2đ < 5.5đ — bỏ qua 
2026-07-24 12:27:48: [PP369] [AutoTrade] SAFE → LONG (Score: +5.2đ) tại $0.0871 
2026-07-24 12:27:48: [PP369] [AutoTrade] SAFE LONG có Score = 5.2đ < 5.5đ — bỏ qua 
2026-07-24 12:28:18: [PP369] [AutoTrade] SAFE → LONG (Score: +5.2đ) tại $0.0871 
2026-07-24 12:28:18: [PP369] [AutoTrade] SAFE LONG có Score = 5.2đ < 5.5đ — bỏ qua 
2026-07-24 12:28:48: [PP369] [AutoTrade] SAFE → LONG (Score: +5.2đ) tại $0.0871 
2026-07-24 12:28:48: [PP369] [AutoTrade] SAFE LONG có Score = 5.2đ < 5.5đ — bỏ qua 
2026-07-24 12:29:18: [PP369] [AutoTrade] SAFE → LONG (Score: +5.2đ) tại $0.0871 
2026-07-24 12:29:18: [PP369] [AutoTrade] SAFE LONG có Score = 5.2đ < 5.5đ — bỏ qua 
2026-07-24 12:29:48: [PP369] [AutoTrade] SAFE → LONG (Score: +5.2đ) tại $0.0871 
2026-07-24 12:29:48: [PP369] [AutoTrade] SAFE LONG có Score = 5.2đ < 5.5đ — bỏ qua 
2026-07-24 12:30:18: [PP369] [AutoTrade] SAFE → LONG (Score: +5.2đ) tại $0.0871 
2026-07-24 12:30:18: [PP369] [AutoTrade] SAFE LONG có Score = 5.2đ < 5.5đ — bỏ qua 
2026-07-24 12:30:47: [PP369] [AutoTrade] SAFE → LONG (Score: +5.2đ) tại $0.0871 
2026-07-24 12:30:47: [PP369] [AutoTrade] SAFE LONG có Score = 5.2đ < 5.5đ — bỏ qua 
2026-07-24 12:31:17: [PP369] [AutoTrade] SAFE → LONG (Score: +5.2đ) tại $0.0871 
2026-07-24 12:31:17: [PP369] [AutoTrade] SAFE LONG có Score = 5.2đ < 5.5đ — bỏ qua 
2026-07-24 12:31:47: [PP369] [AutoTrade] SAFE → LONG (Score: +5.2đ) tại $0.0871 
2026-07-24 12:31:47: [PP369] [AutoTrade] SAFE LONG có Score = 5.2đ < 5.5đ — bỏ qua 
2026-07-24 12:32:17: [PP369] [AutoTrade] SAFE → LONG (Score: +5.2đ) tại $0.0871 
2026-07-24 12:32:17: [PP369] [AutoTrade] SAFE LONG có Score = 5.2đ < 5.5đ — bỏ qua 
2026-07-24 12:32:47: [PP369] [AutoTrade] SAFE → LONG (Score: +5.2đ) tại $0.0871 
2026-07-24 12:32:47: [PP369] [AutoTrade] SAFE LONG có Score = 5.2đ < 5.5đ — bỏ qua 
2026-07-24 12:33:17: [PP369] [AutoTrade] SAFE → LONG (Score: +5.2đ) tại $0.0871 
2026-07-24 12:33:17: [PP369] [AutoTrade] SAFE LONG có Score = 5.2đ < 5.5đ — bỏ qua 
2026-07-24 12:36:17: [PP369] [AutoTrade] SAFE → LONG (Score: +5.2đ) tại $0.0871 
2026-07-24 12:36:17: [PP369] [AutoTrade] SAFE LONG có Score = 5.2đ < 5.5đ — bỏ qua 
2026-07-24 12:36:47: [PP369] [AutoTrade] SAFE → LONG (Score: +5.2đ) tại $0.0871 
2026-07-24 12:36:47: [PP369] [AutoTrade] SAFE LONG có Score = 5.2đ < 5.5đ — bỏ qua 
2026-07-24 12:37:17: [PP369] [AutoTrade] SAFE → LONG (Score: +5.2đ) tại $0.0871 
2026-07-24 12:37:17: [PP369] [AutoTrade] SAFE LONG có Score = 5.2đ < 5.5đ — bỏ qua 
2026-07-24 12:37:47: [PP369] [AutoTrade] SAFE → LONG (Score: +5.2đ) tại $0.0871 
2026-07-24 12:37:47: [PP369] [AutoTrade] SAFE LONG có Score = 5.2đ < 5.5đ — bỏ qua 
2026-07-24 12:38:17: [PP369] [AutoTrade] SAFE → LONG (Score: +5.2đ) tại $0.0871 
2026-07-24 12:38:17: [PP369] [AutoTrade] SAFE LONG có Score = 5.2đ < 5.5đ — bỏ qua 
2026-07-24 12:38:47: [PP369] [AutoTrade] SAFE → LONG (Score: +5.2đ) tại $0.0871 
2026-07-24 12:38:47: [PP369] [AutoTrade] SAFE LONG có Score = 5.2đ < 5.5đ — bỏ qua 
2026-07-24 12:39:17: [PP369] [AutoTrade] SAFE → LONG (Score: +5.2đ) tại $0.0871 
2026-07-24 12:39:17: [PP369] [AutoTrade] SAFE LONG có Score = 5.2đ < 5.5đ — bỏ qua 
2026-07-24 12:39:47: [PP369] [AutoTrade] SAFE → LONG (Score: +5.2đ) tại $0.0871 
2026-07-24 12:39:47: [PP369] [AutoTrade] SAFE LONG có Score = 5.2đ < 5.5đ — bỏ qua 
2026-07-24 12:40:17: [PP369] [AutoTrade] SAFE → LONG (Score: +5.2đ) tại $0.0871 
2026-07-24 12:40:17: [PP369] [AutoTrade] SAFE LONG có Score = 5.2đ < 5.5đ — bỏ qua 
2026-07-24 12:40:47: [PP369] [AutoTrade] SAFE → LONG (Score: +5.2đ) tại $0.0871 
2026-07-24 12:40:47: [PP369] [AutoTrade] SAFE LONG có Score = 5.2đ < 5.5đ — bỏ qua 
2026-07-24 12:41:17: [PP369] [AutoTrade] SAFE → LONG (Score: +5.2đ) tại $0.0871 
2026-07-24 12:41:17: [PP369] [AutoTrade] SAFE LONG có Score = 5.2đ < 5.5đ — bỏ qua 
2026-07-24 12:41:48: [PP369] [AutoTrade] SAFE → LONG (Score: +5.2đ) tại $0.0871 
2026-07-24 12:41:48: [PP369] [AutoTrade] SAFE LONG có Score = 5.2đ < 5.5đ — bỏ qua 
2026-07-24 12:42:17: [PP369] [AutoTrade] SAFE → LONG (Score: +5.2đ) tại $0.0871 
2026-07-24 12:42:17: [PP369] [AutoTrade] SAFE LONG có Score = 5.2đ < 5.5đ — bỏ qua 
2026-07-24 12:42:47: [PP369] [AutoTrade] SAFE → LONG (Score: +5.2đ) tại $0.0871 
2026-07-24 12:42:47: [PP369] [AutoTrade] SAFE LONG có Score = 5.2đ < 5.5đ — bỏ qua 
2026-07-24 12:43:17: [PP369] [AutoTrade] SAFE → LONG (Score: +5.2đ) tại $0.0871 
2026-07-24 12:43:17: [PP369] [AutoTrade] SAFE LONG có Score = 5.2đ < 5.5đ — bỏ qua 
2026-07-24 12:43:47: [PP369] [AutoTrade] SAFE → LONG (Score: +5.2đ) tại $0.0871 
2026-07-24 12:43:47: [PP369] [AutoTrade] SAFE LONG có Score = 5.2đ < 5.5đ — bỏ qua 
2026-07-24 12:44:17: [PP369] [AutoTrade] SAFE → LONG (Score: +5.2đ) tại $0.0871 
2026-07-24 12:44:17: [PP369] [AutoTrade] SAFE LONG có Score = 5.2đ < 5.5đ — bỏ qua 
2026-07-24 12:46:55: [PP369] [Binance] Đã đồng bộ giờ: offset = 117881ms (Giờ server: 2026-07-24T05:48:53.673Z) 
2026-07-24 13:01:20: [PP369] [AutoTrade] XVS → SHORT (Score: +4.1đ) tại $2.904 
2026-07-24 13:01:20: [PP369] [AutoTrade] XVS SHORT có Score = 4.1đ < 5.5đ — bỏ qua 
2026-07-24 13:01:48: [PP369] [AutoTrade] XVS → SHORT (Score: +4.1đ) tại $2.904 
2026-07-24 13:01:48: [PP369] [AutoTrade] XVS SHORT có Score = 4.1đ < 5.5đ — bỏ qua 
2026-07-24 13:16:55: [PP369] [Binance] Đã đồng bộ giờ: offset = 118056ms (Giờ server: 2026-07-24T06:18:53.848Z) 
2026-07-24 13:38:19: [PP369] [AutoTrade] BLESS → SHORT (Score: +3.3đ) tại $0.00827 
2026-07-24 13:38:19: [PP369] [AutoTrade] BLESS SHORT có Score = 3.3đ < 5.5đ — bỏ qua 
2026-07-24 13:46:55: [PP369] [Binance] Đã đồng bộ giờ: offset = 118227ms (Giờ server: 2026-07-24T06:48:54.023Z) 
2026-07-24 13:52:47: [PP369] [AutoTrade] BLESS → SHORT (Score: +2.6đ) tại $0.00857 
2026-07-24 13:52:47: [PP369] [AutoTrade] BLESS SHORT không đạt Tiêu chí 2 (Biến động H1/M15 an toàn) — bỏ qua 
2026-07-24 13:59:18: [PP369] [AutoTrade] EPIC → SHORT (Score: +3.4đ) tại $0.6477 
2026-07-24 13:59:18: [PP369] [AutoTrade] EPIC SHORT có Score = 3.4đ < 5.5đ — bỏ qua 
2026-07-24 14:16:55: [PP369] [Binance] Đã đồng bộ giờ: offset = 118407ms (Giờ server: 2026-07-24T07:18:54.200Z) 
2026-07-24 14:29:19: [PP369] [AutoTrade] STO → SHORT (Score: +5.3đ) tại $0.04175 
2026-07-24 14:29:19: [PP369] [AutoTrade] STO SHORT có Score = 5.3đ < 5.5đ — bỏ qua 
2026-07-24 14:29:47: [PP369] [AutoTrade] STO → SHORT (Score: +5.3đ) tại $0.04175 
2026-07-24 14:29:47: [PP369] [AutoTrade] STO SHORT có Score = 5.3đ < 5.5đ — bỏ qua 
2026-07-24 14:42:18: [PP369] [AutoTrade] BAN → LONG (Score: +4.6đ) tại $0.06998 
2026-07-24 14:42:18: [PP369] [AutoTrade] BAN LONG có Score = 4.6đ < 5.5đ — bỏ qua 
2026-07-24 14:42:47: [PP369] [AutoTrade] BAN → LONG (Score: +4.6đ) tại $0.06998 
2026-07-24 14:42:47: [PP369] [AutoTrade] BAN LONG có Score = 4.6đ < 5.5đ — bỏ qua 
2026-07-24 14:46:47: [PP369] [AutoTrade] BAN → LONG (Score: +4.6đ) tại $0.06998 
2026-07-24 14:46:47: [PP369] [AutoTrade] BAN LONG có Score = 4.6đ < 5.5đ — bỏ qua 
2026-07-24 14:46:55: [PP369] [Binance] Đã đồng bộ giờ: offset = 118583ms (Giờ server: 2026-07-24T07:48:54.377Z) 
2026-07-24 14:47:17: [PP369] [AutoTrade] BAN → LONG (Score: +4.6đ) tại $0.06998 
2026-07-24 14:47:17: [PP369] [AutoTrade] BAN LONG có Score = 4.6đ < 5.5đ — bỏ qua 
2026-07-24 14:52:47: [PP369] [AutoTrade] BAN → LONG (Score: +4.6đ) tại $0.06998 
2026-07-24 14:52:47: [PP369] [AutoTrade] BAN LONG có Score = 4.6đ < 5.5đ — bỏ qua 
2026-07-24 14:54:47: [PP369] [AutoTrade] BAN → LONG (Score: +4.6đ) tại $0.06998 
2026-07-24 14:54:47: [PP369] [AutoTrade] BAN LONG có Score = 4.6đ < 5.5đ — bỏ qua 
2026-07-24 14:55:47: [PP369] [AutoTrade] BAN → LONG (Score: +4.6đ) tại $0.06998 
2026-07-24 14:55:47: [PP369] [AutoTrade] BAN LONG có Score = 4.6đ < 5.5đ — bỏ qua 
2026-07-24 14:56:17: [PP369] [AutoTrade] BAN → LONG (Score: +4.6đ) tại $0.06998 
2026-07-24 14:56:17: [PP369] [AutoTrade] BAN LONG có Score = 4.6đ < 5.5đ — bỏ qua 
2026-07-24 14:56:47: [PP369] [AutoTrade] BAN → LONG (Score: +4.6đ) tại $0.06998 
2026-07-24 14:56:47: [PP369] [AutoTrade] BAN LONG có Score = 4.6đ < 5.5đ — bỏ qua 
2026-07-24 14:57:17: [PP369] [AutoTrade] BAN → LONG (Score: +4.6đ) tại $0.06998 
2026-07-24 14:57:17: [PP369] [AutoTrade] BAN LONG có Score = 4.6đ < 5.5đ — bỏ qua 
2026-07-24 14:57:47: [PP369] [AutoTrade] BAN → LONG (Score: +4.6đ) tại $0.06998 
2026-07-24 14:57:47: [PP369] [AutoTrade] BAN LONG có Score = 4.6đ < 5.5đ — bỏ qua 
2026-07-24 15:16:55: [PP369] [Binance] Đã đồng bộ giờ: offset = 118757ms (Giờ server: 2026-07-24T08:18:54.554Z) 
2026-07-24 15:46:55: [PP369] [Binance] Đã đồng bộ giờ: offset = 118933ms (Giờ server: 2026-07-24T08:48:54.739Z) 
2026-07-24 15:48:23: ◇ injected env (8) from .env // tip: ⌘ override existing { override: true }
2026-07-24 15:48:25: [PP369] [369] initH4Cache: Tất cả 779 coin đã có nến H4 đầu năm. 
2026-07-24 15:48:25: [PP369] [Binance] Đã đồng bộ giờ: offset = 118935ms (Giờ server: 2026-07-24T08:50:24.726Z) 
2026-07-24 15:48:25: [AutoTrade] Bỏ qua 158 coin có grid ngoài khoảng 3–25% (theo giá hiện tại): SOL(39.6%), XRP(27.0%), ETC(44.3%), LINK(35.2%), BAT(38.7%), QTUM(43.6%), KNC(26.8%), DOT(37.0%), AVAX(48.0%), AAVE(31.3%), FIL(40.8%), BEL(3.0%), CTK(29.1%), COTI(40.5%), ALICE(2.5%), NKN(2.6%), DGB(1.6%), ATA(1.8%), DYDX(2.4%), KLAY(2.4%), APE(2.0%), DAR(2.1%), OP(31.7%), STG(2.2%), SPELL(36.4%), CVX(25.1%), APT(48.2%), FET(1.9%), CKB(33.3%), USDC(30.0%), AMB(2.5%), LEVER(26.7%), RDNT(2.9%), HFT(32.3%), SUI(40.4%), MAV(32.8%), ARKM(2.8%), DODOX(1.6%), ARK(28.9%), BOND(28.1%), RIF(2.9%), GAS(29.1%), SUPER(34.9%), 1000SATS(318.5%), ACE(37.1%), JUP(1.6%), GLM(29.7%), PORTAL(2.8%), MYRO(3.0%), W(33.6%), IO(2.0%), ZK(32.1%), ZRO(36.1%), SYN(2.1%), SYS(1.7%), ALPACA(25.2%), SUN(1.6%), DOGS(83.7%), BSW(2.5%), QUICK(2.3%), NEIRO(51.5%), FIO(2.5%), GHST(1.8%), LOKA(2.6%), COS(2.5%), DIA(29.7%), SANTOS(59.1%), 1000000MOG(29.6%), ACT(33.4%), HIPPO(2.9%), DEGEN(2.9%), 1000WHY(197.4%), THE(54.0%), CHILLGUY(2.9%), MOVE(29.2%), VELODROME(1.7%), MOCA(34.7%), USUAL(34.6%), DF(2.6%), COOKIE(35.3%), D(2.2%), PIPPIN(176.9%), TST(2.5%), HEI(2.9%), KAITO(2.9%), RED(30.2%), MUBARAK(2.8%), TUT(2.1%), BROCCOLI714(2.4%), BR(2.0%), PLUME(2.7%), FUN(1.7%), BABY(2.4%), PUMP(1.6%), BANK(1.0%), SIGN(35.5%), PUNDIX(36.5%), SXT(45.1%), ASR(34.6%), MILK(3.0%), OG(115.3%), AGT(2.1%), B(1.7%), MERL(171.4%), PUMPBTC(33.1%), MYX(389.8%), DMC(2.3%), OL(1.7%), SAHARA(33.7%), BULLA(25.9%), M(25.8%), TANSSI(2.4%), VELVET(0.7%), ZORA(46.7%), TAG(2.9%), ESPORTS(74.4%), A2Z(2.1%), YALA(1.8%), AIO(2.5%), LA(44.7%), SOMI(30.0%), BAS(1.0%), Q(1.5%), PTB(49.7%), PORT3(2.5%), 1000000BOB(1.9%), AVNT(32.8%), UB(2.8%), TOSHI(27.1%), TRADOOR(60.6%), FLUID(27.1%), HANA(0.9%), AKE(1.3%), LIGHT(227.1%), XAN(2.7%), TRUTH(2.3%), YB(41.3%), EUL(29.8%), ZBT(2.7%), LAB(2.0%), RIVER(94.5%), 币安人生(0.5%), BLUAI(2.5%), APR(1.4%), ON(1.6%), KITE(2.7%), AT(2.2%), UAI(0.8%), STABLE(0.8%), JCT(0.7%), ALLO(0.6%), BOB(2.8%), POWER(33.8%), US(0.6%), BREV(39.9%), MAGMA(0.9%), OPEN(1.8%), RLS(2.8%)
2026-07-24 15:48:26: [PP369] [Binance] Đang lấy leverage brackets cho 449 coin... 
2026-07-24 15:48:26: [PP369] [Binance] Đã lưu leverage cho 449 coin vào step_sizes.json 
2026-07-24 15:48:26: [PP369] [AutoTrade] Khởi động: 449 coin | margin=$10 | 10x | type=LIMIT 
2026-07-24 15:48:26: [PP369] [Binance] Loaded step and tick sizes from existing file: 827 symbols 
2026-07-24 15:48:26: [PP369] [AutoTrade] Đã nạp leverageInfo cho 449 coin từ cache. 
2026-07-24 15:48:27: [PP369] [PP369Stream] Kết nối WebSocket thành công (market/stream) 
2026-07-24 15:48:31: [PP369] [AutoTrade] Bắt đầu scan... 
2026-07-24 15:58:19: [PP369] [AutoTrade] LUMIA → SHORT (Score: +2.6đ) tại $0.0693 
2026-07-24 15:58:19: [PP369] [AutoTrade] LUMIA SHORT có Score = 2.6đ < 5.5đ — bỏ qua 
2026-07-24 15:58:47: [PP369] [AutoTrade] LUMIA → SHORT (Score: +2.6đ) tại $0.0693 
2026-07-24 15:58:47: [PP369] [AutoTrade] LUMIA SHORT có Score = 2.6đ < 5.5đ — bỏ qua 
2026-07-24 15:59:17: [PP369] [AutoTrade] LUMIA → SHORT (Score: +2.4000000000000004đ) tại $0.0693 
2026-07-24 15:59:17: [PP369] [AutoTrade] LUMIA SHORT có Score = 2.4000000000000004đ < 5.5đ — bỏ qua 
2026-07-24 16:04:48: [PP369] [AutoTrade] SAFE → LONG (Score: +4.6đ) tại $0.0841 
2026-07-24 16:04:48: [PP369] [AutoTrade] SAFE LONG có Score = 4.6đ < 5.5đ — bỏ qua 
2026-07-24 16:13:48: [PP369] [AutoTrade] EPIC → SHORT (Score: +2.8đ) tại $0.6777 
2026-07-24 16:13:48: [PP369] [AutoTrade] EPIC SHORT không đạt Tiêu chí 2 (Biến động H1/M15 an toàn) — bỏ qua 
2026-07-24 16:14:18: [PP369] [AutoTrade] EPIC → SHORT (Score: +2.8đ) tại $0.6777 
2026-07-24 16:14:18: [PP369] [AutoTrade] EPIC SHORT không đạt Tiêu chí 2 (Biến động H1/M15 an toàn) — bỏ qua 
2026-07-24 16:18:24: [PP369] [Binance] Đã đồng bộ giờ: offset = 119117ms (Giờ server: 2026-07-24T09:20:23.810Z) 
2026-07-24 16:22:17: [PP369] [AutoTrade] EPIC → SHORT (Score: +2.6đ) tại $0.6777 
2026-07-24 16:22:17: [PP369] [AutoTrade] EPIC SHORT không đạt Tiêu chí 2 (Biến động H1/M15 an toàn) — bỏ qua 
2026-07-24 16:23:17: [PP369] [AutoTrade] EPIC → SHORT (Score: +2.6đ) tại $0.6777 
2026-07-24 16:23:17: [PP369] [AutoTrade] EPIC SHORT không đạt Tiêu chí 2 (Biến động H1/M15 an toàn) — bỏ qua 
2026-07-24 16:23:47: [PP369] [AutoTrade] EPIC → SHORT (Score: +2.6đ) tại $0.6777 
2026-07-24 16:23:47: [PP369] [AutoTrade] EPIC SHORT không đạt Tiêu chí 2 (Biến động H1/M15 an toàn) — bỏ qua 
2026-07-24 16:27:18: [PP369] [AutoTrade] VANRY → LONG (Score: +4.699999999999999đ) tại $0.004838 
2026-07-24 16:27:18: [PP369] [AutoTrade] VANRY LONG không đạt Tiêu chí 2 (Biến động H1/M15 an toàn) — bỏ qua 
2026-07-24 16:34:47: [PP369] [AutoTrade] GMT → SHORT (Score: +3.5999999999999996đ) tại $0.00728 
2026-07-24 16:34:47: [PP369] [AutoTrade] GMT SHORT có Score = 3.5999999999999996đ < 5.5đ — bỏ qua 
2026-07-24 16:35:17: [PP369] [AutoTrade] GMT → SHORT (Score: +3.5999999999999996đ) tại $0.00728 
2026-07-24 16:35:17: [PP369] [AutoTrade] GMT SHORT có Score = 3.5999999999999996đ < 5.5đ — bỏ qua 
2026-07-24 16:35:17: [PP369] [AutoTrade] VANRY → LONG (Score: +5đ) tại $0.004838 
2026-07-24 16:35:17: [PP369] [AutoTrade] VANRY LONG có Score = 5đ < 5.5đ — bỏ qua 
2026-07-24 16:35:46: [PP369] [AutoTrade] GMT → SHORT (Score: +3.5999999999999996đ) tại $0.00728 
2026-07-24 16:35:46: [PP369] [AutoTrade] GMT SHORT có Score = 3.5999999999999996đ < 5.5đ — bỏ qua 
2026-07-24 16:35:47: [PP369] [AutoTrade] VANRY → LONG (Score: +5đ) tại $0.004838 
2026-07-24 16:35:47: [PP369] [AutoTrade] VANRY LONG có Score = 5đ < 5.5đ — bỏ qua 
2026-07-24 16:36:17: [PP369] [AutoTrade] GMT → SHORT (Score: +3.4đ) tại $0.00728 
2026-07-24 16:36:17: [PP369] [AutoTrade] GMT SHORT có Score = 3.4đ < 5.5đ — bỏ qua 
2026-07-24 16:36:17: [PP369] [AutoTrade] VANRY → LONG (Score: +5đ) tại $0.004838 
2026-07-24 16:36:17: [PP369] [AutoTrade] VANRY LONG có Score = 5đ < 5.5đ — bỏ qua 
2026-07-24 16:36:46: [PP369] [AutoTrade] GMT → SHORT (Score: +3.4đ) tại $0.00728 
2026-07-24 16:36:46: [PP369] [AutoTrade] GMT SHORT có Score = 3.4đ < 5.5đ — bỏ qua 
2026-07-24 16:37:16: [PP369] [AutoTrade] GMT → SHORT (Score: +3.4đ) tại $0.00728 
2026-07-24 16:37:16: [PP369] [AutoTrade] GMT SHORT có Score = 3.4đ < 5.5đ — bỏ qua 
2026-07-24 16:37:46: [PP369] [AutoTrade] GMT → SHORT (Score: +3.4đ) tại $0.00728 
2026-07-24 16:37:46: [PP369] [AutoTrade] GMT SHORT có Score = 3.4đ < 5.5đ — bỏ qua 
2026-07-24 16:38:17: [PP369] [AutoTrade] GMT → SHORT (Score: +3.5999999999999996đ) tại $0.00728 
2026-07-24 16:38:17: [PP369] [AutoTrade] GMT SHORT có Score = 3.5999999999999996đ < 5.5đ — bỏ qua 
2026-07-24 16:38:46: [PP369] [AutoTrade] GMT → SHORT (Score: +3.5999999999999996đ) tại $0.00728 
2026-07-24 16:38:46: [PP369] [AutoTrade] GMT SHORT có Score = 3.5999999999999996đ < 5.5đ — bỏ qua 
2026-07-24 16:39:17: [PP369] [AutoTrade] GMT → SHORT (Score: +3.5999999999999996đ) tại $0.00728 
2026-07-24 16:39:17: [PP369] [AutoTrade] GMT SHORT có Score = 3.5999999999999996đ < 5.5đ — bỏ qua 
2026-07-24 16:39:46: [PP369] [AutoTrade] GMT → SHORT (Score: +3.5999999999999996đ) tại $0.00728 
2026-07-24 16:39:46: [PP369] [AutoTrade] GMT SHORT có Score = 3.5999999999999996đ < 5.5đ — bỏ qua 
2026-07-24 16:40:17: [PP369] [AutoTrade] GMT → SHORT (Score: +3.5999999999999996đ) tại $0.00728 
2026-07-24 16:40:17: [PP369] [AutoTrade] GMT SHORT có Score = 3.5999999999999996đ < 5.5đ — bỏ qua 
2026-07-24 16:40:47: [PP369] [AutoTrade] GMT → SHORT (Score: +3.5999999999999996đ) tại $0.00728 
2026-07-24 16:40:47: [PP369] [AutoTrade] GMT SHORT có Score = 3.5999999999999996đ < 5.5đ — bỏ qua 
2026-07-24 16:41:17: [PP369] [AutoTrade] GMT → SHORT (Score: +3.5999999999999996đ) tại $0.00728 
2026-07-24 16:41:17: [PP369] [AutoTrade] GMT SHORT có Score = 3.5999999999999996đ < 5.5đ — bỏ qua 
2026-07-24 16:41:47: [PP369] [AutoTrade] GMT → SHORT (Score: +3.5999999999999996đ) tại $0.00728 
2026-07-24 16:41:47: [PP369] [AutoTrade] GMT SHORT có Score = 3.5999999999999996đ < 5.5đ — bỏ qua 
2026-07-24 16:41:47: [PP369] [AutoTrade] SAFE → SHORT (Score: +3.4đ) tại $0.0868 
2026-07-24 16:41:47: [PP369] [AutoTrade] SAFE SHORT có Score = 3.4đ < 5.5đ — bỏ qua 
2026-07-24 16:42:16: [PP369] [AutoTrade] GMT → SHORT (Score: +3.5999999999999996đ) tại $0.00728 
2026-07-24 16:42:16: [PP369] [AutoTrade] GMT SHORT có Score = 3.5999999999999996đ < 5.5đ — bỏ qua 
2026-07-24 16:42:46: [PP369] [AutoTrade] GMT → SHORT (Score: +3.5999999999999996đ) tại $0.00728 
2026-07-24 16:42:46: [PP369] [AutoTrade] GMT SHORT có Score = 3.5999999999999996đ < 5.5đ — bỏ qua 
2026-07-24 16:46:18: [PP369] [AutoTrade] NEWT → SHORT (Score: +4.699999999999999đ) tại $0.0472 
2026-07-24 16:46:18: [PP369] [AutoTrade] NEWT SHORT có Score = 4.699999999999999đ < 5.5đ — bỏ qua 
2026-07-24 16:46:47: [PP369] [AutoTrade] NEWT → SHORT (Score: +4.699999999999999đ) tại $0.0472 
2026-07-24 16:46:47: [PP369] [AutoTrade] NEWT SHORT có Score = 4.699999999999999đ < 5.5đ — bỏ qua 
2026-07-24 16:47:17: [PP369] [AutoTrade] NEWT → SHORT (Score: +4.699999999999999đ) tại $0.0472 
2026-07-24 16:47:17: [PP369] [AutoTrade] NEWT SHORT có Score = 4.699999999999999đ < 5.5đ — bỏ qua 
2026-07-24 16:47:48: [PP369] [AutoTrade] NEWT → SHORT (Score: +4.699999999999999đ) tại $0.0472 
2026-07-24 16:47:48: [PP369] [AutoTrade] NEWT SHORT có Score = 4.699999999999999đ < 5.5đ — bỏ qua 
2026-07-24 16:48:17: [PP369] [AutoTrade] NEWT → SHORT (Score: +4.699999999999999đ) tại $0.0472 
2026-07-24 16:48:17: [PP369] [AutoTrade] NEWT SHORT có Score = 4.699999999999999đ < 5.5đ — bỏ qua 
2026-07-24 16:48:24: [PP369] [Binance] Đã đồng bộ giờ: offset = 119292ms (Giờ server: 2026-07-24T09:50:23.984Z) 
2026-07-24 16:48:47: [PP369] [AutoTrade] NEWT → SHORT (Score: +4.699999999999999đ) tại $0.0472 
2026-07-24 16:48:47: [PP369] [AutoTrade] NEWT SHORT có Score = 4.699999999999999đ < 5.5đ — bỏ qua 
2026-07-24 16:49:17: [PP369] [AutoTrade] NEWT → SHORT (Score: +4.699999999999999đ) tại $0.0472 
2026-07-24 16:49:17: [PP369] [AutoTrade] NEWT SHORT có Score = 4.699999999999999đ < 5.5đ — bỏ qua 
2026-07-24 16:49:47: [PP369] [AutoTrade] NEWT → SHORT (Score: +4.699999999999999đ) tại $0.0472 
2026-07-24 16:49:47: [PP369] [AutoTrade] NEWT SHORT có Score = 4.699999999999999đ < 5.5đ — bỏ qua 
2026-07-24 17:18:24: [PP369] [Binance] Đã đồng bộ giờ: offset = 119467ms (Giờ server: 2026-07-24T10:20:24.161Z) 
2026-07-24 17:48:24: [PP369] [Binance] Đã đồng bộ giờ: offset = 119642ms (Giờ server: 2026-07-24T10:50:24.339Z) 
2026-07-24 17:53:18: [PP369] [AutoTrade] H → LONG (Score: +3.4đ) tại $0.05913 
2026-07-24 17:53:19: [PP369] [AutoTrade] H LONG có Score = 3.4đ < 5.5đ — bỏ qua 
2026-07-24 17:54:17: [PP369] [AutoTrade] H → LONG (Score: +3.4đ) tại $0.05913 
2026-07-24 17:54:17: [PP369] [AutoTrade] H LONG có Score = 3.4đ < 5.5đ — bỏ qua 
2026-07-24 17:55:17: [PP369] [AutoTrade] H → LONG (Score: +3.4đ) tại $0.05913 
2026-07-24 17:55:17: [PP369] [AutoTrade] H LONG có Score = 3.4đ < 5.5đ — bỏ qua 
2026-07-24 17:57:47: [PP369] [AutoTrade] H → LONG (Score: +3.4đ) tại $0.05913 
2026-07-24 17:57:47: [PP369] [AutoTrade] H LONG có Score = 3.4đ < 5.5đ — bỏ qua 
2026-07-24 17:58:17: [PP369] [AutoTrade] H → LONG (Score: +3.4đ) tại $0.05913 
2026-07-24 17:58:17: [PP369] [AutoTrade] H LONG có Score = 3.4đ < 5.5đ — bỏ qua 
2026-07-24 17:58:47: [PP369] [AutoTrade] H → LONG (Score: +3.4đ) tại $0.05913 
2026-07-24 17:58:47: [PP369] [AutoTrade] H LONG có Score = 3.4đ < 5.5đ — bỏ qua 
2026-07-24 17:59:17: [PP369] [AutoTrade] H → LONG (Score: +3.4đ) tại $0.05913 
2026-07-24 17:59:17: [PP369] [AutoTrade] H LONG có Score = 3.4đ < 5.5đ — bỏ qua 
2026-07-24 17:59:47: [PP369] [AutoTrade] H → LONG (Score: +3.4đ) tại $0.05913 
2026-07-24 17:59:47: [PP369] [AutoTrade] H LONG có Score = 3.4đ < 5.5đ — bỏ qua 
2026-07-24 18:00:20: [PP369] [AutoTrade] H → LONG (Score: +3.5999999999999996đ) tại $0.05913 
2026-07-24 18:00:20: [PP369] [AutoTrade] H LONG có Score = 3.5999999999999996đ < 5.5đ — bỏ qua 
2026-07-24 18:00:48: [PP369] [AutoTrade] HYPER → LONG (Score: +4.3đ) tại $0.0642 
2026-07-24 18:00:48: [PP369] [AutoTrade] HYPER LONG có Score = 4.3đ < 5.5đ — bỏ qua 
2026-07-24 18:06:17: [PP369] [AutoTrade] HYPER → LONG (Score: +4.3đ) tại $0.0642 
2026-07-24 18:06:17: [PP369] [AutoTrade] HYPER LONG có Score = 4.3đ < 5.5đ — bỏ qua 
2026-07-24 18:06:47: [PP369] [AutoTrade] HYPER → LONG (Score: +4.3đ) tại $0.0642 
2026-07-24 18:06:47: [PP369] [AutoTrade] HYPER LONG có Score = 4.3đ < 5.5đ — bỏ qua 
2026-07-24 18:07:17: [PP369] [AutoTrade] HYPER → LONG (Score: +4.3đ) tại $0.0642 
2026-07-24 18:07:17: [PP369] [AutoTrade] HYPER LONG có Score = 4.3đ < 5.5đ — bỏ qua 
2026-07-24 18:07:48: [PP369] [AutoTrade] HYPER → LONG (Score: +4.3đ) tại $0.0642 
2026-07-24 18:07:48: [PP369] [AutoTrade] HYPER LONG có Score = 4.3đ < 5.5đ — bỏ qua 
2026-07-24 18:08:17: [PP369] [AutoTrade] HYPER → LONG (Score: +4.3đ) tại $0.0642 
2026-07-24 18:08:17: [PP369] [AutoTrade] HYPER LONG có Score = 4.3đ < 5.5đ — bỏ qua 
2026-07-24 18:08:47: [PP369] [AutoTrade] HYPER → LONG (Score: +4.3đ) tại $0.0642 
2026-07-24 18:08:47: [PP369] [AutoTrade] HYPER LONG có Score = 4.3đ < 5.5đ — bỏ qua 
2026-07-24 18:09:17: [PP369] [AutoTrade] HYPER → LONG (Score: +4.3đ) tại $0.0642 
2026-07-24 18:09:17: [PP369] [AutoTrade] HYPER LONG có Score = 4.3đ < 5.5đ — bỏ qua 
2026-07-24 18:09:47: [PP369] [AutoTrade] HYPER → LONG (Score: +4.3đ) tại $0.0642 
2026-07-24 18:09:47: [PP369] [AutoTrade] HYPER LONG có Score = 4.3đ < 5.5đ — bỏ qua 
2026-07-24 18:10:17: [PP369] [AutoTrade] HYPER → LONG (Score: +4.3đ) tại $0.0642 
2026-07-24 18:10:17: [PP369] [AutoTrade] HYPER LONG có Score = 4.3đ < 5.5đ — bỏ qua 
2026-07-24 18:10:47: [PP369] [AutoTrade] HYPER → LONG (Score: +4.3đ) tại $0.0642 
2026-07-24 18:10:47: [PP369] [AutoTrade] HYPER LONG có Score = 4.3đ < 5.5đ — bỏ qua 
2026-07-24 18:11:17: [PP369] [AutoTrade] HYPER → LONG (Score: +4.3đ) tại $0.0642 
2026-07-24 18:11:17: [PP369] [AutoTrade] HYPER LONG có Score = 4.3đ < 5.5đ — bỏ qua 
2026-07-24 18:12:17: [PP369] [AutoTrade] VANRY → LONG (Score: +4.8đ) tại $0.004538 
2026-07-24 18:12:17: [PP369] [AutoTrade] VANRY LONG có Score = 4.8đ < 5.5đ — bỏ qua 
2026-07-24 18:12:19: [PP369] [AutoTrade] HYPER → LONG (Score: +4.3đ) tại $0.0642 
2026-07-24 18:12:19: [PP369] [AutoTrade] HYPER LONG có Score = 4.3đ < 5.5đ — bỏ qua 
2026-07-24 18:12:46: [PP369] [AutoTrade] VANRY → LONG (Score: +4.8đ) tại $0.004538 
2026-07-24 18:12:46: [PP369] [AutoTrade] VANRY LONG có Score = 4.8đ < 5.5đ — bỏ qua 
2026-07-24 18:12:47: [PP369] [AutoTrade] HYPER → LONG (Score: +4.3đ) tại $0.0642 
2026-07-24 18:12:47: [PP369] [AutoTrade] HYPER LONG có Score = 4.3đ < 5.5đ — bỏ qua 
2026-07-24 18:13:17: [PP369] [AutoTrade] HYPER → LONG (Score: +4.3đ) tại $0.0642 
2026-07-24 18:13:17: [PP369] [AutoTrade] HYPER LONG có Score = 4.3đ < 5.5đ — bỏ qua 
2026-07-24 18:13:47: [PP369] [AutoTrade] HYPER → LONG (Score: +4.3đ) tại $0.0642 
2026-07-24 18:13:47: [PP369] [AutoTrade] HYPER LONG có Score = 4.3đ < 5.5đ — bỏ qua 
2026-07-24 18:14:17: [PP369] [AutoTrade] HYPER → LONG (Score: +4.3đ) tại $0.0642 
2026-07-24 18:14:17: [PP369] [AutoTrade] HYPER LONG có Score = 4.3đ < 5.5đ — bỏ qua 
2026-07-24 18:14:46: [PP369] [AutoTrade] HYPER → LONG (Score: +4.3đ) tại $0.0642 
2026-07-24 18:14:46: [PP369] [AutoTrade] HYPER LONG có Score = 4.3đ < 5.5đ — bỏ qua 
2026-07-24 18:15:16: [PP369] [AutoTrade] HYPER → LONG (Score: +4.3đ) tại $0.0642 
2026-07-24 18:15:16: [PP369] [AutoTrade] HYPER LONG có Score = 4.3đ < 5.5đ — bỏ qua 
2026-07-24 18:15:46: [PP369] [AutoTrade] HYPER → LONG (Score: +4.3đ) tại $0.0642 
2026-07-24 18:15:46: [PP369] [AutoTrade] HYPER LONG có Score = 4.3đ < 5.5đ — bỏ qua 
2026-07-24 18:16:16: [PP369] [AutoTrade] HYPER → LONG (Score: +4.3đ) tại $0.0642 
2026-07-24 18:16:16: [PP369] [AutoTrade] HYPER LONG có Score = 4.3đ < 5.5đ — bỏ qua 
2026-07-24 18:16:46: [PP369] [AutoTrade] HYPER → LONG (Score: +4.3đ) tại $0.0642 
2026-07-24 18:16:46: [PP369] [AutoTrade] HYPER LONG có Score = 4.3đ < 5.5đ — bỏ qua 
2026-07-24 18:17:16: [PP369] [AutoTrade] HYPER → LONG (Score: +4.3đ) tại $0.0642 
2026-07-24 18:17:16: [PP369] [AutoTrade] HYPER LONG có Score = 4.3đ < 5.5đ — bỏ qua 
2026-07-24 18:17:46: [PP369] [AutoTrade] HYPER → LONG (Score: +4.3đ) tại $0.0642 
2026-07-24 18:17:46: [PP369] [AutoTrade] HYPER LONG có Score = 4.3đ < 5.5đ — bỏ qua 
2026-07-24 18:18:16: [PP369] [AutoTrade] HYPER → LONG (Score: +4.3đ) tại $0.0642 
2026-07-24 18:18:16: [PP369] [AutoTrade] HYPER LONG có Score = 4.3đ < 5.5đ — bỏ qua 
2026-07-24 18:18:24: [PP369] [Binance] Đã đồng bộ giờ: offset = 119819ms (Giờ server: 2026-07-24T11:20:24.511Z) 
2026-07-24 18:18:46: [PP369] [AutoTrade] HYPER → LONG (Score: +4.3đ) tại $0.0642 
2026-07-24 18:18:46: [PP369] [AutoTrade] HYPER LONG có Score = 4.3đ < 5.5đ — bỏ qua 
2026-07-24 18:19:16: [PP369] [AutoTrade] HYPER → LONG (Score: +4.3đ) tại $0.0642 
2026-07-24 18:19:16: [PP369] [AutoTrade] HYPER LONG có Score = 4.3đ < 5.5đ — bỏ qua 
2026-07-24 18:19:46: [PP369] [AutoTrade] HYPER → LONG (Score: +4.3đ) tại $0.0642 
2026-07-24 18:19:46: [PP369] [AutoTrade] HYPER LONG có Score = 4.3đ < 5.5đ — bỏ qua 
2026-07-24 18:20:16: [PP369] [AutoTrade] HYPER → LONG (Score: +4.3đ) tại $0.0642 
2026-07-24 18:20:16: [PP369] [AutoTrade] HYPER LONG có Score = 4.3đ < 5.5đ — bỏ qua 
2026-07-24 18:20:46: [PP369] [AutoTrade] HYPER → LONG (Score: +4.3đ) tại $0.0642 
2026-07-24 18:20:46: [PP369] [AutoTrade] HYPER LONG có Score = 4.3đ < 5.5đ — bỏ qua 
2026-07-24 18:21:16: [PP369] [AutoTrade] HYPER → LONG (Score: +4.3đ) tại $0.0642 
2026-07-24 18:21:16: [PP369] [AutoTrade] HYPER LONG có Score = 4.3đ < 5.5đ — bỏ qua 
2026-07-24 18:21:46: [PP369] [AutoTrade] HYPER → LONG (Score: +4.3đ) tại $0.0642 
2026-07-24 18:21:46: [PP369] [AutoTrade] HYPER LONG có Score = 4.3đ < 5.5đ — bỏ qua 
2026-07-24 18:22:17: [PP369] [AutoTrade] HYPER → LONG (Score: +4.3đ) tại $0.0642 
2026-07-24 18:22:17: [PP369] [AutoTrade] HYPER LONG có Score = 4.3đ < 5.5đ — bỏ qua 
2026-07-24 18:22:47: [PP369] [AutoTrade] HYPER → LONG (Score: +4.3đ) tại $0.0642 
2026-07-24 18:22:47: [PP369] [AutoTrade] HYPER LONG có Score = 4.3đ < 5.5đ — bỏ qua 
2026-07-24 18:23:16: [PP369] [AutoTrade] HYPER → LONG (Score: +4.3đ) tại $0.0642 
2026-07-24 18:23:16: [PP369] [AutoTrade] HYPER LONG có Score = 4.3đ < 5.5đ — bỏ qua 
2026-07-24 18:23:46: [PP369] [AutoTrade] HYPER → LONG (Score: +4.3đ) tại $0.0642 
2026-07-24 18:23:46: [PP369] [AutoTrade] HYPER LONG có Score = 4.3đ < 5.5đ — bỏ qua 
2026-07-24 18:24:16: [PP369] [AutoTrade] HYPER → LONG (Score: +4.3đ) tại $0.0642 
2026-07-24 18:24:16: [PP369] [AutoTrade] HYPER LONG có Score = 4.3đ < 5.5đ — bỏ qua 
2026-07-24 18:24:46: [PP369] [AutoTrade] HYPER → LONG (Score: +4.3đ) tại $0.0642 
2026-07-24 18:24:46: [PP369] [AutoTrade] HYPER LONG có Score = 4.3đ < 5.5đ — bỏ qua 
2026-07-24 18:26:47: [PP369] [AutoTrade] HYPER → LONG (Score: +4.3đ) tại $0.0642 
2026-07-24 18:26:47: [PP369] [AutoTrade] HYPER LONG có Score = 4.3đ < 5.5đ — bỏ qua 
2026-07-24 18:27:17: [PP369] [AutoTrade] HYPER → LONG (Score: +4.3đ) tại $0.0642 
2026-07-24 18:27:17: [PP369] [AutoTrade] HYPER LONG có Score = 4.3đ < 5.5đ — bỏ qua 
2026-07-24 18:27:46: [PP369] [AutoTrade] HYPER → LONG (Score: +4.3đ) tại $0.0642 
2026-07-24 18:27:46: [PP369] [AutoTrade] HYPER LONG có Score = 4.3đ < 5.5đ — bỏ qua 
2026-07-24 18:28:17: [PP369] [AutoTrade] EPIC → SHORT (Score: +3.6đ) tại $0.7077 
2026-07-24 18:28:17: [PP369] [AutoTrade] EPIC SHORT có Score = 3.6đ < 5.5đ — bỏ qua 
2026-07-24 18:28:47: [PP369] [AutoTrade] HYPER → LONG (Score: +4.3đ) tại $0.0642 
2026-07-24 18:28:47: [PP369] [AutoTrade] HYPER LONG có Score = 4.3đ < 5.5đ — bỏ qua 
2026-07-24 18:29:16: [PP369] [AutoTrade] HYPER → LONG (Score: +4.3đ) tại $0.0642 
2026-07-24 18:29:16: [PP369] [AutoTrade] HYPER LONG có Score = 4.3đ < 5.5đ — bỏ qua 
2026-07-24 18:29:47: [PP369] [AutoTrade] HYPER → LONG (Score: +4.3đ) tại $0.0642 
2026-07-24 18:29:47: [PP369] [AutoTrade] HYPER LONG có Score = 4.3đ < 5.5đ — bỏ qua 
2026-07-24 18:30:17: [PP369] [AutoTrade] HYPER → LONG (Score: +4.3đ) tại $0.0642 
2026-07-24 18:30:17: [PP369] [AutoTrade] HYPER LONG có Score = 4.3đ < 5.5đ — bỏ qua 
2026-07-24 18:30:48: [PP369] [AutoTrade] HYPER → LONG (Score: +4.3đ) tại $0.0642 
2026-07-24 18:30:48: [PP369] [AutoTrade] HYPER LONG có Score = 4.3đ < 5.5đ — bỏ qua 
2026-07-24 18:32:17: [PP369] [AutoTrade] HYPER → LONG (Score: +4.3đ) tại $0.0642 
2026-07-24 18:32:17: [PP369] [AutoTrade] HYPER LONG có Score = 4.3đ < 5.5đ — bỏ qua 
2026-07-24 18:32:47: [PP369] [AutoTrade] HYPER → LONG (Score: +4.3đ) tại $0.0642 
2026-07-24 18:32:47: [PP369] [AutoTrade] HYPER LONG có Score = 4.3đ < 5.5đ — bỏ qua 
2026-07-24 18:33:17: [PP369] [AutoTrade] HYPER → LONG (Score: +4.3đ) tại $0.0642 
2026-07-24 18:33:17: [PP369] [AutoTrade] HYPER LONG có Score = 4.3đ < 5.5đ — bỏ qua 
2026-07-24 18:33:48: [PP369] [AutoTrade] HYPER → LONG (Score: +4.3đ) tại $0.0642 
2026-07-24 18:33:48: [PP369] [AutoTrade] HYPER LONG có Score = 4.3đ < 5.5đ — bỏ qua 
2026-07-24 18:34:17: [PP369] [AutoTrade] HYPER → LONG (Score: +4.3đ) tại $0.0642 
2026-07-24 18:34:17: [PP369] [AutoTrade] HYPER LONG có Score = 4.3đ < 5.5đ — bỏ qua 
2026-07-24 18:34:47: [PP369] [AutoTrade] HYPER → LONG (Score: +4.3đ) tại $0.0642 
2026-07-24 18:34:47: [PP369] [AutoTrade] HYPER LONG có Score = 4.3đ < 5.5đ — bỏ qua 
2026-07-24 18:35:17: [PP369] [AutoTrade] HYPER → LONG (Score: +4.3đ) tại $0.0642 
2026-07-24 18:35:17: [PP369] [AutoTrade] HYPER LONG có Score = 4.3đ < 5.5đ — bỏ qua 
2026-07-24 18:35:47: [PP369] [AutoTrade] HYPER → LONG (Score: +4.3đ) tại $0.0642 
2026-07-24 18:35:47: [PP369] [AutoTrade] HYPER LONG có Score = 4.3đ < 5.5đ — bỏ qua 
2026-07-24 18:36:17: [PP369] [AutoTrade] HYPER → LONG (Score: +4.3đ) tại $0.0642 
2026-07-24 18:36:17: [PP369] [AutoTrade] HYPER LONG có Score = 4.3đ < 5.5đ — bỏ qua 
2026-07-24 18:36:47: [PP369] [AutoTrade] HYPER → LONG (Score: +4.3đ) tại $0.0642 
2026-07-24 18:36:47: [PP369] [AutoTrade] HYPER LONG có Score = 4.3đ < 5.5đ — bỏ qua 
2026-07-24 18:37:17: [PP369] [AutoTrade] HYPER → LONG (Score: +4.3đ) tại $0.0642 
2026-07-24 18:37:17: [PP369] [AutoTrade] HYPER LONG có Score = 4.3đ < 5.5đ — bỏ qua 
2026-07-24 18:37:47: [PP369] [AutoTrade] HYPER → LONG (Score: +4.3đ) tại $0.0642 
2026-07-24 18:37:47: [PP369] [AutoTrade] HYPER LONG có Score = 4.3đ < 5.5đ — bỏ qua 
2026-07-24 18:38:17: [PP369] [AutoTrade] HYPER → LONG (Score: +4.3đ) tại $0.0642 
2026-07-24 18:38:17: [PP369] [AutoTrade] HYPER LONG có Score = 4.3đ < 5.5đ — bỏ qua 
2026-07-24 18:38:47: [PP369] [AutoTrade] HYPER → LONG (Score: +4.3đ) tại $0.0642 
2026-07-24 18:38:47: [PP369] [AutoTrade] HYPER LONG có Score = 4.3đ < 5.5đ — bỏ qua 
2026-07-24 18:39:17: [PP369] [AutoTrade] HYPER → LONG (Score: +4.3đ) tại $0.0642 
2026-07-24 18:39:17: [PP369] [AutoTrade] HYPER LONG có Score = 4.3đ < 5.5đ — bỏ qua 
2026-07-24 18:39:47: [PP369] [AutoTrade] HYPER → LONG (Score: +4.3đ) tại $0.0642 
2026-07-24 18:39:47: [PP369] [AutoTrade] HYPER LONG có Score = 4.3đ < 5.5đ — bỏ qua 
2026-07-24 18:40:17: [PP369] [AutoTrade] HYPER → LONG (Score: +4.3đ) tại $0.0642 
2026-07-24 18:40:17: [PP369] [AutoTrade] HYPER LONG có Score = 4.3đ < 5.5đ — bỏ qua 
2026-07-24 18:40:48: [PP369] [AutoTrade] HYPER → LONG (Score: +4.3đ) tại $0.0642 
2026-07-24 18:40:48: [PP369] [AutoTrade] HYPER LONG có Score = 4.3đ < 5.5đ — bỏ qua 
2026-07-24 18:41:17: [PP369] [AutoTrade] HYPER → LONG (Score: +4.3đ) tại $0.0642 
2026-07-24 18:41:17: [PP369] [AutoTrade] HYPER LONG có Score = 4.3đ < 5.5đ — bỏ qua 
2026-07-24 18:41:47: [PP369] [AutoTrade] HYPER → LONG (Score: +4.3đ) tại $0.0642 
2026-07-24 18:41:47: [PP369] [AutoTrade] HYPER LONG có Score = 4.3đ < 5.5đ — bỏ qua 
2026-07-24 18:42:17: [PP369] [AutoTrade] HYPER → LONG (Score: +4.3đ) tại $0.0642 
2026-07-24 18:42:17: [PP369] [AutoTrade] HYPER LONG có Score = 4.3đ < 5.5đ — bỏ qua 
2026-07-24 18:42:47: [PP369] [AutoTrade] HYPER → LONG (Score: +4.3đ) tại $0.0642 
2026-07-24 18:42:47: [PP369] [AutoTrade] HYPER LONG có Score = 4.3đ < 5.5đ — bỏ qua 
2026-07-24 18:43:17: [PP369] [AutoTrade] HYPER → LONG (Score: +4.3đ) tại $0.0642 
2026-07-24 18:43:17: [PP369] [AutoTrade] HYPER LONG có Score = 4.3đ < 5.5đ — bỏ qua 
2026-07-24 18:43:47: [PP369] [AutoTrade] HYPER → LONG (Score: +4.3đ) tại $0.0642 
2026-07-24 18:43:47: [PP369] [AutoTrade] HYPER LONG có Score = 4.3đ < 5.5đ — bỏ qua 
2026-07-24 18:44:17: [PP369] [AutoTrade] HYPER → LONG (Score: +4.3đ) tại $0.0642 
2026-07-24 18:44:17: [PP369] [AutoTrade] HYPER LONG có Score = 4.3đ < 5.5đ — bỏ qua 
2026-07-24 18:44:47: [PP369] [AutoTrade] HYPER → LONG (Score: +4.3đ) tại $0.0642 
2026-07-24 18:44:47: [PP369] [AutoTrade] HYPER LONG có Score = 4.3đ < 5.5đ — bỏ qua 
2026-07-24 18:45:19: [PP369] [AutoTrade] HYPER → LONG (Score: +4.3đ) tại $0.0642 
2026-07-24 18:45:19: [PP369] [AutoTrade] HYPER LONG có Score = 4.3đ < 5.5đ — bỏ qua 
2026-07-24 18:45:48: [PP369] [AutoTrade] HYPER → LONG (Score: +4.3đ) tại $0.0642 
2026-07-24 18:45:48: [PP369] [AutoTrade] HYPER LONG có Score = 4.3đ < 5.5đ — bỏ qua 
2026-07-24 18:46:18: [PP369] [AutoTrade] HYPER → LONG (Score: +4.3đ) tại $0.0642 
2026-07-24 18:46:18: [PP369] [AutoTrade] HYPER LONG có Score = 4.3đ < 5.5đ — bỏ qua 
2026-07-24 18:46:47: [PP369] [AutoTrade] HYPER → LONG (Score: +4.3đ) tại $0.0642 
2026-07-24 18:46:47: [PP369] [AutoTrade] HYPER LONG có Score = 4.3đ < 5.5đ — bỏ qua 
2026-07-24 18:47:17: [PP369] [AutoTrade] HYPER → LONG (Score: +4.3đ) tại $0.0642 
2026-07-24 18:47:17: [PP369] [AutoTrade] HYPER LONG có Score = 4.3đ < 5.5đ — bỏ qua 
2026-07-24 18:47:47: [PP369] [AutoTrade] HYPER → LONG (Score: +4.3đ) tại $0.0642 
2026-07-24 18:47:47: [PP369] [AutoTrade] HYPER LONG có Score = 4.3đ < 5.5đ — bỏ qua 
2026-07-24 18:48:17: [PP369] [AutoTrade] HYPER → LONG (Score: +4.3đ) tại $0.0642 
2026-07-24 18:48:17: [PP369] [AutoTrade] HYPER LONG có Score = 4.3đ < 5.5đ — bỏ qua 
2026-07-24 18:48:24: [PP369] [Binance] Đã đồng bộ giờ: offset = 119993ms (Giờ server: 2026-07-24T11:50:24.737Z) 
2026-07-24 18:48:47: [PP369] [AutoTrade] HYPER → LONG (Score: +4.3đ) tại $0.0642 
2026-07-24 18:48:47: [PP369] [AutoTrade] HYPER LONG có Score = 4.3đ < 5.5đ — bỏ qua 
2026-07-24 18:49:17: [PP369] [AutoTrade] HYPER → LONG (Score: +4.3đ) tại $0.0642 
2026-07-24 18:49:17: [PP369] [AutoTrade] HYPER LONG có Score = 4.3đ < 5.5đ — bỏ qua 
2026-07-24 18:49:47: [PP369] [AutoTrade] HYPER → LONG (Score: +4.3đ) tại $0.0642 
2026-07-24 18:49:47: [PP369] [AutoTrade] HYPER LONG có Score = 4.3đ < 5.5đ — bỏ qua 
2026-07-24 18:50:17: [PP369] [AutoTrade] HYPER → LONG (Score: +4.3đ) tại $0.0642 
2026-07-24 18:50:17: [PP369] [AutoTrade] HYPER LONG có Score = 4.3đ < 5.5đ — bỏ qua 
2026-07-24 18:50:47: [PP369] [AutoTrade] VANRY → LONG (Score: +5.3đ) tại $0.004538 
2026-07-24 18:50:47: [PP369] [AutoTrade] VANRY LONG có Score = 5.3đ < 5.5đ — bỏ qua 
2026-07-24 18:50:47: [PP369] [AutoTrade] HYPER → LONG (Score: +4.3đ) tại $0.0642 
2026-07-24 18:50:47: [PP369] [AutoTrade] HYPER LONG có Score = 4.3đ < 5.5đ — bỏ qua 
2026-07-24 18:51:17: [PP369] [AutoTrade] VANRY → LONG (Score: +5.3đ) tại $0.004538 
2026-07-24 18:51:17: [PP369] [AutoTrade] VANRY LONG có Score = 5.3đ < 5.5đ — bỏ qua 
2026-07-24 18:51:18: [PP369] [AutoTrade] HYPER → LONG (Score: +4.3đ) tại $0.0642 
2026-07-24 18:51:18: [PP369] [AutoTrade] HYPER LONG có Score = 4.3đ < 5.5đ — bỏ qua 
2026-07-24 18:51:47: [PP369] [AutoTrade] HYPER → LONG (Score: +4.3đ) tại $0.0642 
2026-07-24 18:51:47: [PP369] [AutoTrade] HYPER LONG có Score = 4.3đ < 5.5đ — bỏ qua 
2026-07-24 18:52:17: [PP369] [AutoTrade] VANRY → LONG (Score: +5.3đ) tại $0.004538 
2026-07-24 18:52:17: [PP369] [AutoTrade] VANRY LONG có Score = 5.3đ < 5.5đ — bỏ qua 
2026-07-24 18:52:17: [PP369] [AutoTrade] HYPER → LONG (Score: +4.3đ) tại $0.0642 
2026-07-24 18:52:17: [PP369] [AutoTrade] HYPER LONG có Score = 4.3đ < 5.5đ — bỏ qua 
2026-07-24 18:52:47: [PP369] [AutoTrade] HYPER → LONG (Score: +4.3đ) tại $0.0642 
2026-07-24 18:52:47: [PP369] [AutoTrade] HYPER LONG có Score = 4.3đ < 5.5đ — bỏ qua 
2026-07-24 18:53:17: [PP369] [AutoTrade] HYPER → LONG (Score: +4.3đ) tại $0.0642 
2026-07-24 18:53:17: [PP369] [AutoTrade] HYPER LONG có Score = 4.3đ < 5.5đ — bỏ qua 
2026-07-24 18:53:47: [PP369] [AutoTrade] HYPER → LONG (Score: +4.3đ) tại $0.0642 
2026-07-24 18:53:47: [PP369] [AutoTrade] HYPER LONG có Score = 4.3đ < 5.5đ — bỏ qua 
2026-07-24 18:54:17: [PP369] [AutoTrade] VANRY → LONG (Score: +5.3đ) tại $0.004538 
2026-07-24 18:54:17: [PP369] [AutoTrade] VANRY LONG có Score = 5.3đ < 5.5đ — bỏ qua 
2026-07-24 18:54:17: [PP369] [AutoTrade] HYPER → LONG (Score: +4.3đ) tại $0.0642 
2026-07-24 18:54:17: [PP369] [AutoTrade] HYPER LONG có Score = 4.3đ < 5.5đ — bỏ qua 
2026-07-24 18:54:47: [PP369] [AutoTrade] VANRY → LONG (Score: +5.3đ) tại $0.004538 
2026-07-24 18:54:47: [PP369] [AutoTrade] VANRY LONG có Score = 5.3đ < 5.5đ — bỏ qua 
2026-07-24 18:54:47: [PP369] [AutoTrade] HYPER → LONG (Score: +4.3đ) tại $0.0642 
2026-07-24 18:54:47: [PP369] [AutoTrade] HYPER LONG có Score = 4.3đ < 5.5đ — bỏ qua 
2026-07-24 18:55:17: [PP369] [AutoTrade] VANRY → LONG (Score: +5.3đ) tại $0.004538 
2026-07-24 18:55:17: [PP369] [AutoTrade] VANRY LONG có Score = 5.3đ < 5.5đ — bỏ qua 
2026-07-24 18:55:17: [PP369] [AutoTrade] HYPER → LONG (Score: +4.3đ) tại $0.0642 
2026-07-24 18:55:17: [PP369] [AutoTrade] HYPER LONG có Score = 4.3đ < 5.5đ — bỏ qua 
2026-07-24 18:55:47: [PP369] [AutoTrade] HYPER → LONG (Score: +4.3đ) tại $0.0642 
2026-07-24 18:55:47: [PP369] [AutoTrade] HYPER LONG có Score = 4.3đ < 5.5đ — bỏ qua 
2026-07-24 18:56:17: [PP369] [AutoTrade] HYPER → LONG (Score: +4.3đ) tại $0.0642 
2026-07-24 18:56:17: [PP369] [AutoTrade] HYPER LONG có Score = 4.3đ < 5.5đ — bỏ qua 
2026-07-24 18:56:47: [PP369] [AutoTrade] HYPER → LONG (Score: +4.3đ) tại $0.0642 
2026-07-24 18:56:47: [PP369] [AutoTrade] HYPER LONG có Score = 4.3đ < 5.5đ — bỏ qua 
2026-07-24 18:57:17: [PP369] [AutoTrade] HYPER → LONG (Score: +4.3đ) tại $0.0642 
2026-07-24 18:57:17: [PP369] [AutoTrade] HYPER LONG có Score = 4.3đ < 5.5đ — bỏ qua 
2026-07-24 18:57:47: [PP369] [AutoTrade] HYPER → LONG (Score: +4.3đ) tại $0.0642 
2026-07-24 18:57:47: [PP369] [AutoTrade] HYPER LONG có Score = 4.3đ < 5.5đ — bỏ qua 
2026-07-24 18:58:17: [PP369] [AutoTrade] HYPER → LONG (Score: +4.3đ) tại $0.0642 
2026-07-24 18:58:17: [PP369] [AutoTrade] HYPER LONG có Score = 4.3đ < 5.5đ — bỏ qua 
2026-07-24 18:58:48: [PP369] [AutoTrade] HYPER → LONG (Score: +4.3đ) tại $0.0642 
2026-07-24 18:58:48: [PP369] [AutoTrade] HYPER LONG có Score = 4.3đ < 5.5đ — bỏ qua 
2026-07-24 18:59:17: [PP369] [AutoTrade] HYPER → LONG (Score: +4.3đ) tại $0.0642 
2026-07-24 18:59:17: [PP369] [AutoTrade] HYPER LONG có Score = 4.3đ < 5.5đ — bỏ qua 
2026-07-24 19:00:20: [PP369] [AutoTrade] HYPER → LONG (Score: +4.8đ) tại $0.0642 
2026-07-24 19:00:20: [PP369] [AutoTrade] HYPER LONG có Score = 4.8đ < 5.5đ — bỏ qua 
2026-07-24 19:00:47: [PP369] [AutoTrade] HYPER → LONG (Score: +4.8đ) tại $0.0642 
2026-07-24 19:00:47: [PP369] [AutoTrade] HYPER LONG có Score = 4.8đ < 5.5đ — bỏ qua 
2026-07-24 19:01:17: [PP369] [AutoTrade] HYPER → LONG (Score: +4.8đ) tại $0.0642 
2026-07-24 19:01:17: [PP369] [AutoTrade] HYPER LONG có Score = 4.8đ < 5.5đ — bỏ qua 
2026-07-24 19:01:47: [PP369] [AutoTrade] HYPER → LONG (Score: +4.8đ) tại $0.0642 
2026-07-24 19:01:47: [PP369] [AutoTrade] HYPER LONG có Score = 4.8đ < 5.5đ — bỏ qua 
2026-07-24 19:02:17: [PP369] [AutoTrade] HYPER → LONG (Score: +4.8đ) tại $0.0642 
2026-07-24 19:02:17: [PP369] [AutoTrade] HYPER LONG có Score = 4.8đ < 5.5đ — bỏ qua 
2026-07-24 19:02:48: [PP369] [AutoTrade] HYPER → LONG (Score: +4.8đ) tại $0.0642 
2026-07-24 19:02:48: [PP369] [AutoTrade] HYPER LONG có Score = 4.8đ < 5.5đ — bỏ qua 
2026-07-24 19:03:17: [PP369] [AutoTrade] HYPER → LONG (Score: +4.8đ) tại $0.0642 
2026-07-24 19:03:17: [PP369] [AutoTrade] HYPER LONG có Score = 4.8đ < 5.5đ — bỏ qua 
2026-07-24 19:03:47: [PP369] [AutoTrade] HYPER → LONG (Score: +4.8đ) tại $0.0642 
2026-07-24 19:03:47: [PP369] [AutoTrade] HYPER LONG có Score = 4.8đ < 5.5đ — bỏ qua 
2026-07-24 19:04:17: [PP369] [AutoTrade] HYPER → LONG (Score: +4.8đ) tại $0.0642 
2026-07-24 19:04:17: [PP369] [AutoTrade] HYPER LONG có Score = 4.8đ < 5.5đ — bỏ qua 
2026-07-24 19:04:48: [PP369] [AutoTrade] HYPER → LONG (Score: +4.8đ) tại $0.0642 
2026-07-24 19:04:48: [PP369] [AutoTrade] HYPER LONG có Score = 4.8đ < 5.5đ — bỏ qua 
2026-07-24 19:18:24: [PP369] [Binance] Đã đồng bộ giờ: offset = 120169ms (Giờ server: 2026-07-24T12:20:24.917Z) 
2026-07-24 19:28:48: [PP369] [AutoTrade] ALCH → SHORT (Score: +4.199999999999999đ) tại $0.02922 
2026-07-24 19:28:48: [PP369] [AutoTrade] ALCH SHORT có Score = 4.199999999999999đ < 5.5đ — bỏ qua 
2026-07-24 19:43:18: [PP369] [AutoTrade] B2 → SHORT (Score: +4.4đ) tại $0.3972 
2026-07-24 19:43:18: [PP369] [AutoTrade] B2 SHORT có Score = 4.4đ < 5.5đ — bỏ qua 
2026-07-24 19:48:24: [PP369] [Binance] Đã đồng bộ giờ: offset = 120344ms (Giờ server: 2026-07-24T12:50:25.096Z) 
2026-07-24 19:48:27: [PP369] [AutoTrade] [CoinRefresh] Tái kiểm tra danh sách: 449 → 450 coin hợp lệ theo giá hiện tại. 
2026-07-24 19:59:48: [PP369] [AutoTrade] ONDO → LONG (Score: +4.6đ) tại $0.3886 
2026-07-24 19:59:48: [PP369] [AutoTrade] ONDO LONG có Score = 4.6đ < 5.5đ — bỏ qua 
2026-07-24 20:00:19: [PP369] [AutoTrade] ONDO → LONG (Score: +4.6đ) tại $0.3886 
2026-07-24 20:00:19: [PP369] [AutoTrade] ONDO LONG có Score = 4.6đ < 5.5đ — bỏ qua 
2026-07-24 20:00:47: [PP369] [AutoTrade] ONDO → LONG (Score: +4.6đ) tại $0.3886 
2026-07-24 20:00:47: [PP369] [AutoTrade] ONDO LONG có Score = 4.6đ < 5.5đ — bỏ qua 
2026-07-24 20:03:48: [PP369] [AutoTrade] SEI → LONG (Score: +4.699999999999999đ) tại $0.0449 
2026-07-24 20:03:48: [PP369] [AutoTrade] SEI LONG có Score = 4.699999999999999đ < 5.5đ — bỏ qua 
2026-07-24 20:03:50: [PP369] [AutoTrade] JTO → LONG (Score: +6.6đ) tại $0.6014 
2026-07-24 20:03:50: [PP369] [AutoTrade] Set leverage JTOUSDT = 10x (Lưới: 4.94% → tính được 10x, giới hạn: 75x | Ký quỹ mục tiêu: $20) 
2026-07-24 20:03:50: [PP369] [AutoTrade] ✓ JTO BUY 332 @ $0.6014 orderId=8627262382 status=NEW 
2026-07-24 20:03:52: [PP369] [AutoTrade] PENGU → LONG (Score: +7.1đ) tại $0.005971 
2026-07-24 20:03:52: [PP369] [AutoTrade] Set leverage PENGUUSDT = 10x (Lưới: 4.69% → tính được 10x, giới hạn: 75x | Ký quỹ mục tiêu: $30) 
2026-07-24 20:03:52: [PP369] [AutoTrade] ✓ PENGU BUY 50242 @ $0.005971 orderId=9431782119 status=NEW 
2026-07-24 20:03:54: [PP369] [AutoTrade] NIL → LONG (Score: +3.9999999999999996đ) tại $0.03435 
2026-07-24 20:03:54: [PP369] [AutoTrade] NIL LONG có Score = 3.9999999999999996đ < 5.5đ — bỏ qua 
2026-07-24 20:04:12: [PP369] [AutoTrade] ✓ Đặt TP JTO @ $0.607400 (đối ứng SELL) orderId=1000002471469504 
2026-07-24 20:04:12: [PP369] [AutoTrade] ✓ Đặt SL JTO @ $0.595400 (đối ứng SELL) orderId=1000002471469510 
2026-07-24 20:04:49: [PP369] [AutoTrade] SAFE → LONG (Score: +3.8đ) tại $0.0841 
2026-07-24 20:04:49: [PP369] [AutoTrade] SAFE LONG có Score = 3.8đ < 5.5đ — bỏ qua 
2026-07-24 20:05:19: [PP369] [AutoTrade] ATH → LONG (Score: +3.3đ) tại $0.0044 
2026-07-24 20:05:19: [PP369] [AutoTrade] ATH LONG có Score = 3.3đ < 5.5đ — bỏ qua 
2026-07-24 20:05:27: [PP369] [AutoTrade] ✓ Đặt TP PENGU @ $0.0060900 (đối ứng SELL) orderId=1000002471473626 
2026-07-24 20:05:27: [PP369] [AutoTrade] ✓ Đặt SL PENGU @ $0.0058930 (đối ứng SELL) orderId=1000002471473633 
2026-07-24 20:05:49: [PP369] [AutoTrade] STRK → LONG (Score: +4.6đ) tại $0.0282 
2026-07-24 20:05:49: [PP369] [AutoTrade] STRK LONG có Score = 4.6đ < 5.5đ — bỏ qua 
2026-07-24 20:05:51: [PP369] [AutoTrade] FLOCK → LONG (Score: +4.8đ) tại $0.031 
2026-07-24 20:05:51: [PP369] [AutoTrade] FLOCK LONG có Score = 4.8đ < 5.5đ — bỏ qua 
2026-07-24 20:06:18: [PP369] [AutoTrade] ENS → LONG (Score: +4.199999999999999đ) tại $4.342 
2026-07-24 20:06:18: [PP369] [AutoTrade] ENS LONG có Score = 4.199999999999999đ < 5.5đ — bỏ qua 
2026-07-24 20:08:47: [PP369] [AutoTrade] ENS → LONG (Score: +4.199999999999999đ) tại $4.342 
2026-07-24 20:08:47: [PP369] [AutoTrade] ENS LONG có Score = 4.199999999999999đ < 5.5đ — bỏ qua 
2026-07-24 20:16:09: [PP369] [AutoTrade] Trailing SL: JTO đạt ROI 5.32% -> Dịch SL trên sàn về entry + 1% ROI ($0.6020) [Mức: Hòa vốn] 
2026-07-24 20:16:09: [PP369] [AutoTrade] Đã hủy SL cũ của JTO (orderId=1000002471469510) 
2026-07-24 20:16:09: [PP369] [AutoTrade] ✓ Đã dịch SL mới cho JTO @ $0.602000 (orderId=1000002471494772) 
2026-07-24 20:18:24: [PP369] [Binance] Đã đồng bộ giờ: offset = 120519ms (Giờ server: 2026-07-24T13:20:25.216Z) 
2026-07-24 20:44:37: [PP369] [AutoTrade] Trailing SL: PENGU đạt ROI 9.04% -> Dịch SL trên sàn về entry + 1% ROI ($0.005977) [Mức: Hòa vốn] 
2026-07-24 20:44:37: [PP369] [AutoTrade] Đã hủy SL cũ của PENGU (orderId=1000002471473633) 
2026-07-24 20:44:37: [PP369] [AutoTrade] ✓ Đã dịch SL mới cho PENGU @ $0.0059770 (orderId=1000002471558763) 
2026-07-24 20:48:24: [PP369] [Binance] Đã đồng bộ giờ: offset = 120694ms (Giờ server: 2026-07-24T13:50:25.390Z) 
2026-07-24 20:49:48: [PP369] [AutoTrade] VIRTUAL → LONG (Score: +5.8đ) tại $0.5867 
2026-07-24 20:49:48: [PP369] [AutoTrade] Set leverage VIRTUALUSDT = 10x (Lưới: 4.81% → tính được 10x, giới hạn: 75x | Ký quỹ mục tiêu: $20) 
2026-07-24 20:49:48: [PP369] [AutoTrade] ✓ VIRTUAL BUY 340.8 @ $0.5867 orderId=7632594934 status=NEW 
2026-07-24 20:50:18: [PP369] [AutoTrade] WAL → LONG (Score: +4.1đ) tại $0.0288 
2026-07-24 20:50:18: [PP369] [AutoTrade] WAL LONG có Score = 4.1đ < 5.5đ — bỏ qua 
2026-07-24 20:50:47: [PP369] [AutoTrade] WAL → LONG (Score: +4.1đ) tại $0.0288 
2026-07-24 20:50:47: [PP369] [AutoTrade] WAL LONG có Score = 4.1đ < 5.5đ — bỏ qua 
2026-07-24 20:51:19: [PP369] [AutoTrade] WAL → LONG (Score: +4.1đ) tại $0.0288 
2026-07-24 20:51:19: [PP369] [AutoTrade] WAL LONG có Score = 4.1đ < 5.5đ — bỏ qua 
2026-07-24 20:51:48: [PP369] [AutoTrade] BOME → LONG (Score: +4.1đ) tại $0.0004222 
2026-07-24 20:51:48: [PP369] [AutoTrade] BOME LONG có Score = 4.1đ < 5.5đ — bỏ qua 
2026-07-24 20:51:49: [PP369] [AutoTrade] WAL → LONG (Score: +4.1đ) tại $0.0288 
2026-07-24 20:51:49: [PP369] [AutoTrade] WAL LONG có Score = 4.1đ < 5.5đ — bỏ qua 
2026-07-24 20:52:13: [PP369] [AutoTrade] ✓ Đặt TP VIRTUAL @ $0.5926000 (đối ứng SELL) orderId=1000002471579221 
2026-07-24 20:52:13: [PP369] [AutoTrade] ✓ Đặt SL VIRTUAL @ $0.5808000 (đối ứng SELL) orderId=1000002471579233 
2026-07-24 20:52:17: [PP369] [AutoTrade] BTC → LONG (Score: +6đ) tại $63824.6 
2026-07-24 20:52:17: [PP369] [AutoTrade] Set leverage BTCUSDT = 11x (Lưới: 4.36% → tính được 11x, giới hạn: 150x | Ký quỹ mục tiêu: $20) 
2026-07-24 20:52:17: [PP369] [AutoTrade] ✓ BTC BUY 0.003 @ $63824.6 orderId=1082224113723 status=NEW 
2026-07-24 20:52:18: [PP369] [AutoTrade] ENS → LONG (Score: +4.199999999999999đ) tại $4.342 
2026-07-24 20:52:18: [PP369] [AutoTrade] ENS LONG có Score = 4.199999999999999đ < 5.5đ — bỏ qua 
2026-07-24 20:52:19: [PP369] [AutoTrade] BOME → LONG (Score: +4.1đ) tại $0.0004222 
2026-07-24 20:52:19: [PP369] [AutoTrade] BOME LONG có Score = 4.1đ < 5.5đ — bỏ qua 
2026-07-24 20:52:21: [PP369] [AutoTrade] RAYSOL → LONG (Score: +5.6đ) tại $0.6166 
2026-07-24 20:52:21: [PP369] [AutoTrade] Set leverage RAYSOLUSDT = 10x (Lưới: 4.67% → tính được 10x, giới hạn: 75x | Ký quỹ mục tiêu: $20) 
2026-07-24 20:52:21: [PP369] [AutoTrade] ✓ RAYSOL BUY 324.3 @ $0.6166 orderId=2257435073 status=NEW 
2026-07-24 20:52:22: [PP369] [AutoTrade] WAL → LONG (Score: +4.1đ) tại $0.0288 
2026-07-24 20:52:22: [PP369] [AutoTrade] WAL LONG có Score = 4.1đ < 5.5đ — bỏ qua 
2026-07-24 20:52:48: [PP369] [AutoTrade] SKL → LONG (Score: +7.8đ) tại $0.00381 
2026-07-24 20:52:48: [PP369] [AutoTrade] Set leverage SKLUSDT = 11x (Lưới: 4.20% → tính được 11x, giới hạn: 50x | Ký quỹ mục tiêu: $30) 
2026-07-24 20:52:48: [PP369] [AutoTrade] ✓ SKL BUY 86614 @ $0.00381 orderId=6475958534 status=NEW 
2026-07-24 20:52:49: [PP369] [AutoTrade] ENS → LONG (Score: +4.199999999999999đ) tại $4.342 
2026-07-24 20:52:49: [PP369] [AutoTrade] ENS LONG có Score = 4.199999999999999đ < 5.5đ — bỏ qua 
2026-07-24 20:52:49: [PP369] [AutoTrade] BOME → LONG (Score: +4.1đ) tại $0.0004222 
2026-07-24 20:52:49: [PP369] [AutoTrade] BOME LONG có Score = 4.1đ < 5.5đ — bỏ qua 
2026-07-24 20:52:50: [PP369] [AutoTrade] WAL → LONG (Score: +4.1đ) tại $0.0288 
2026-07-24 20:52:50: [PP369] [AutoTrade] WAL LONG có Score = 4.1đ < 5.5đ — bỏ qua 
2026-07-24 20:53:17: [PP369] [AutoTrade] ENS → LONG (Score: +4.199999999999999đ) tại $4.342 
2026-07-24 20:53:17: [PP369] [AutoTrade] ENS LONG có Score = 4.199999999999999đ < 5.5đ — bỏ qua 
2026-07-24 20:53:18: [PP369] [AutoTrade] WAL → LONG (Score: +4.1đ) tại $0.0288 
2026-07-24 20:53:18: [PP369] [AutoTrade] WAL LONG có Score = 4.1đ < 5.5đ — bỏ qua 
2026-07-24 20:53:47: [PP369] [AutoTrade] ENS → LONG (Score: +4.199999999999999đ) tại $4.342 
2026-07-24 20:53:47: [PP369] [AutoTrade] ENS LONG có Score = 4.199999999999999đ < 5.5đ — bỏ qua 
2026-07-24 20:53:48: [PP369] [AutoTrade] WAL → LONG (Score: +4.1đ) tại $0.0288 
2026-07-24 20:53:48: [PP369] [AutoTrade] WAL LONG có Score = 4.1đ < 5.5đ — bỏ qua 
2026-07-24 20:56:58: [PP369] [AutoTrade] Trailing SL: VIRTUAL đạt ROI 5.39% -> Dịch SL trên sàn về entry + 1% ROI ($0.5873) [Mức: Hòa vốn] 
2026-07-24 20:56:58: [PP369] [AutoTrade] Đã hủy SL cũ của VIRTUAL (orderId=1000002471579233) 
2026-07-24 20:56:58: [PP369] [AutoTrade] ✓ Đã dịch SL mới cho VIRTUAL @ $0.5873000 (orderId=1000002471593184) 
2026-07-24 20:57:46: [PP369] [AutoTrade] Lệnh LIMIT của BTC đã treo quá 3 phút (3.5 phút) -> Tiến hành hủy... 
2026-07-24 20:57:46: [PP369] [AutoTrade] ✓ Đã hủy thành công lệnh LIMIT treo của BTC 
2026-07-24 20:57:46: [PP369] [AutoTrade] Lệnh LIMIT của RAYSOL đã treo quá 3 phút (3.4 phút) -> Tiến hành hủy... 
2026-07-24 20:57:46: [PP369] [AutoTrade] ✓ Đã hủy thành công lệnh LIMIT treo của RAYSOL 
2026-07-24 20:58:16: [PP369] [AutoTrade] Lệnh LIMIT của SKL đã treo quá 3 phút (3.5 phút) -> Tiến hành hủy... 
2026-07-24 20:58:16: [PP369] [AutoTrade] ✓ Đã hủy thành công lệnh LIMIT treo của SKL 
2026-07-24 21:01:47: [PP369] [AutoTrade] BTC → LONG (Score: +7.2đ) tại $63824.6 
2026-07-24 21:01:48: [PP369] [AutoTrade] Set leverage BTCUSDT = 11x (Lưới: 4.36% → tính được 11x, giới hạn: 150x | Ký quỹ mục tiêu: $30) 
2026-07-24 21:01:48: [PP369] [AutoTrade] ✓ BTC BUY 0.005 @ $63824.6 orderId=1082234408171 status=NEW 
2026-07-24 21:02:47: [PP369] [AutoTrade] SKL → LONG (Score: +8đ) tại $0.00381 
2026-07-24 21:02:48: [PP369] [AutoTrade] Set leverage SKLUSDT = 11x (Lưới: 4.20% → tính được 11x, giới hạn: 50x | Ký quỹ mục tiêu: $40) 
2026-07-24 21:02:48: [PP369] [AutoTrade] ✓ SKL BUY 115485 @ $0.00381 orderId=6475968934 status=NEW 
2026-07-24 21:07:16: [PP369] [AutoTrade] Lệnh LIMIT của BTC đã treo quá 3 phút (3.5 phút) -> Tiến hành hủy... 
2026-07-24 21:07:16: [PP369] [AutoTrade] ✓ Đã hủy thành công lệnh LIMIT treo của BTC 
2026-07-24 21:08:16: [PP369] [AutoTrade] Lệnh LIMIT của SKL đã treo quá 3 phút (3.5 phút) -> Tiến hành hủy... 
2026-07-24 21:08:16: [PP369] [AutoTrade] ✓ Đã hủy thành công lệnh LIMIT treo của SKL 
2026-07-24 21:11:16: [PP369] [AutoTrade] BTC → LONG (Score: +7.2đ) tại $63824.6 
2026-07-24 21:11:17: [PP369] [AutoTrade] Set leverage BTCUSDT = 11x (Lưới: 4.36% → tính được 11x, giới hạn: 150x | Ký quỹ mục tiêu: $30) 
2026-07-24 21:11:17: [PP369] [AutoTrade] ✓ BTC BUY 0.005 @ $63824.6 orderId=1082244313610 status=NEW 
2026-07-24 21:15:47: [PP369] [AutoTrade] RAYSOL → LONG (Score: +5.8đ) tại $0.6166 
2026-07-24 21:15:48: [PP369] [AutoTrade] Set leverage RAYSOLUSDT = 10x (Lưới: 4.67% → tính được 10x, giới hạn: 75x | Ký quỹ mục tiêu: $20) 
2026-07-24 21:15:48: [PP369] [AutoTrade] ✓ RAYSOL BUY 324.3 @ $0.6166 orderId=2257450982 status=NEW 
2026-07-24 21:16:37: [PP369] [AutoTrade] ✓ Đặt TP BTC @ $64985.00 (đối ứng SELL) orderId=1000002471640476 
2026-07-24 21:16:37: [PP369] [AutoTrade] ✓ Đặt SL BTC @ $63070.30 (đối ứng SELL) orderId=1000002471640481 
2026-07-24 21:17:34: [PP369] [AutoTrade] ✓ Đặt TP RAYSOL @ $0.6228000 (đối ứng SELL) orderId=1000002471644328 
2026-07-24 21:17:34: [PP369] [AutoTrade] ✓ Đặt SL RAYSOL @ $0.6104000 (đối ứng SELL) orderId=1000002471644330 
2026-07-24 21:18:24: [PP369] [Binance] Đã đồng bộ giờ: offset = 120869ms (Giờ server: 2026-07-24T14:20:25.568Z) 
2026-07-24 21:18:47: [PP369] [AutoTrade] SKL → LONG (Score: +8đ) tại $0.00381 
2026-07-24 21:18:47: [PP369] [AutoTrade] Set leverage SKLUSDT = 11x (Lưới: 4.20% → tính được 11x, giới hạn: 50x | Ký quỹ mục tiêu: $40) 
2026-07-24 21:18:47: [PP369] [AutoTrade] ✓ SKL BUY 115485 @ $0.00381 orderId=6475984023 status=NEW 
2026-07-24 21:20:52: [PP369] [AutoTrade] ✓ Đặt TP SKL @ $0.0038970 (đối ứng SELL) orderId=1000002471652683 
2026-07-24 21:20:52: [PP369] [AutoTrade] ✓ Đặt SL SKL @ $0.0037580 (đối ứng SELL) orderId=1000002471652687 
2026-07-24 21:34:18: [PP369] [AutoTrade] SYRUP → LONG (Score: +5.8đ) tại $0.1718 
2026-07-24 21:34:18: [PP369] [AutoTrade] Set leverage SYRUPUSDT = 2x (Lưới: 17.29% → tính được 2x, giới hạn: 25x | Ký quỹ mục tiêu: $20) 
2026-07-24 21:34:18: [PP369] [AutoTrade] ✓ SYRUP BUY 232 @ $0.1718 orderId=2416117002 status=NEW 
2026-07-24 21:35:48: [PP369] [AutoTrade] KAITO → LONG (Score: +3.3đ) tại $0.9563 
2026-07-24 21:35:48: [PP369] [AutoTrade] KAITO LONG có Score = 3.3đ < 5.5đ — bỏ qua 
2026-07-24 21:39:46: [PP369] [AutoTrade] Lệnh LIMIT của SYRUP đã treo quá 3 phút (3.5 phút) -> Tiến hành hủy... 
2026-07-24 21:39:47: [PP369] [AutoTrade] ✓ Đã hủy thành công lệnh LIMIT treo của SYRUP 
2026-07-24 21:39:48: [PP369] [AutoTrade] SYRUP → LONG (Score: +5.8đ) tại $0.1718 
2026-07-24 21:39:48: [PP369] [AutoTrade] Set leverage SYRUPUSDT = 2x (Lưới: 17.29% → tính được 2x, giới hạn: 25x | Ký quỹ mục tiêu: $20) 
2026-07-24 21:39:48: [PP369] [AutoTrade] ✓ SYRUP BUY 232 @ $0.1718 orderId=2416121263 status=NEW 
2026-07-24 21:44:18: [PP369] [AutoTrade] INJ → LONG (Score: +6.3đ) tại $5.098 
2026-07-24 21:44:18: [PP369] [AutoTrade] Set leverage INJUSDT = 8x (Lưới: 5.65% → tính được 8x, giới hạn: 75x | Ký quỹ mục tiêu: $20) 
2026-07-24 21:44:18: [PP369] [AutoTrade] ✓ INJ BUY 31.3 @ $5.098 orderId=13278928152 status=NEW 
2026-07-24 21:45:16: [PP369] [AutoTrade] Lệnh LIMIT của SYRUP đã treo quá 3 phút (3.4 phút) -> Tiến hành hủy... 
2026-07-24 21:45:16: [PP369] [AutoTrade] ✓ Đã hủy thành công lệnh LIMIT treo của SYRUP 
2026-07-24 21:45:47: [PP369] [AutoTrade] SYRUP → LONG (Score: +5.8đ) tại $0.1718 
2026-07-24 21:45:47: [PP369] [AutoTrade] Set leverage SYRUPUSDT = 2x (Lưới: 17.29% → tính được 2x, giới hạn: 25x | Ký quỹ mục tiêu: $20) 
2026-07-24 21:45:47: [PP369] [AutoTrade] ✓ SYRUP BUY 232 @ $0.1718 orderId=2416130175 status=NEW 
2026-07-24 21:47:48: [PP369] [AutoTrade] CROSS → SHORT (Score: +3.8đ) tại $0.07606 
2026-07-24 21:47:48: [PP369] [AutoTrade] CROSS SHORT có Score = 3.8đ < 5.5đ — bỏ qua 
2026-07-24 21:48:24: [PP369] [Binance] Đã đồng bộ giờ: offset = 121045ms (Giờ server: 2026-07-24T14:50:25.757Z) 
2026-07-24 21:49:46: [PP369] [AutoTrade] Lệnh LIMIT của INJ đã treo quá 3 phút (3.4 phút) -> Tiến hành hủy... 
2026-07-24 21:49:46: [PP369] [AutoTrade] ✓ Đã hủy thành công lệnh LIMIT treo của INJ 
2026-07-24 21:51:16: [PP369] [AutoTrade] Lệnh LIMIT của SYRUP đã treo quá 3 phút (3.5 phút) -> Tiến hành hủy... 
2026-07-24 21:51:16: [PP369] [AutoTrade] ✓ Đã hủy thành công lệnh LIMIT treo của SYRUP 
2026-07-24 21:51:50: [PP369] [AutoTrade] Trailing SL: SKL đạt ROI 9.86% -> Dịch SL trên sàn về entry + 1% ROI ($0.003813) [Mức: Hòa vốn] 
2026-07-24 21:51:51: [PP369] [AutoTrade] Đã hủy SL cũ của SKL (orderId=1000002471652687) 
2026-07-24 21:51:51: [PP369] [AutoTrade] ✓ Đã dịch SL mới cho SKL @ $0.0038130 (orderId=1000002471713420) 
2026-07-24 21:54:47: [PP369] [AutoTrade] KAITO → SHORT (Score: +2.8đ) tại $0.9862 
2026-07-24 21:54:47: [PP369] [AutoTrade] KAITO SHORT không đạt Tiêu chí 2 (Biến động H1/M15 an toàn) — bỏ qua 
2026-07-24 21:56:17: [PP369] [AutoTrade] KAITO → SHORT (Score: +2.8đ) tại $0.9862 
2026-07-24 21:56:17: [PP369] [AutoTrade] KAITO SHORT không đạt Tiêu chí 2 (Biến động H1/M15 an toàn) — bỏ qua 
2026-07-24 21:57:05: [PP369] [AutoTrade] Trailing SL: RAYSOL đạt ROI 5.03% -> Dịch SL trên sàn về entry + 1% ROI ($0.6172) [Mức: Hòa vốn] 
2026-07-24 21:57:06: [PP369] [AutoTrade] Đã hủy SL cũ của RAYSOL (orderId=1000002471644330) 
2026-07-24 21:57:06: [PP369] [AutoTrade] ✓ Đã dịch SL mới cho RAYSOL @ $0.6172000 (orderId=1000002471722858) 
2026-07-24 21:57:17: [PP369] [AutoTrade] KAITO → SHORT (Score: +2.8đ) tại $0.9862 
2026-07-24 21:57:17: [PP369] [AutoTrade] KAITO SHORT không đạt Tiêu chí 2 (Biến động H1/M15 an toàn) — bỏ qua 
2026-07-24 21:58:17: [PP369] [AutoTrade] KAITO → SHORT (Score: +2.8đ) tại $0.9862 
2026-07-24 21:58:17: [PP369] [AutoTrade] KAITO SHORT không đạt Tiêu chí 2 (Biến động H1/M15 an toàn) — bỏ qua 
2026-07-24 22:12:48: [PP369] [AutoTrade] EPIC → LONG (Score: +4.4đ) tại $0.6785 
2026-07-24 22:12:48: [PP369] [AutoTrade] EPIC LONG có Score = 4.4đ < 5.5đ — bỏ qua 
2026-07-24 22:13:18: [PP369] [AutoTrade] HOLO → SHORT (Score: +4.199999999999999đ) tại $0.06783 
2026-07-24 22:13:18: [PP369] [AutoTrade] HOLO SHORT có Score = 4.199999999999999đ < 5.5đ — bỏ qua 
2026-07-24 22:14:17: [PP369] [AutoTrade] HOLO → SHORT (Score: +4.199999999999999đ) tại $0.06783 
2026-07-24 22:14:17: [PP369] [AutoTrade] HOLO SHORT có Score = 4.199999999999999đ < 5.5đ — bỏ qua 
2026-07-24 22:14:47: [PP369] [AutoTrade] HOLO → SHORT (Score: +4.199999999999999đ) tại $0.06783 
2026-07-24 22:14:47: [PP369] [AutoTrade] HOLO SHORT có Score = 4.199999999999999đ < 5.5đ — bỏ qua 
2026-07-24 22:15:17: [PP369] [AutoTrade] HOLO → SHORT (Score: +4.199999999999999đ) tại $0.06783 
2026-07-24 22:15:17: [PP369] [AutoTrade] HOLO SHORT có Score = 4.199999999999999đ < 5.5đ — bỏ qua 
2026-07-24 22:17:47: [PP369] [AutoTrade] SYRUP → LONG (Score: +6.3đ) tại $0.1718 
2026-07-24 22:17:48: [PP369] [AutoTrade] Set leverage SYRUPUSDT = 2x (Lưới: 17.29% → tính được 2x, giới hạn: 25x | Ký quỹ mục tiêu: $20) 
2026-07-24 22:17:48: [PP369] [AutoTrade] ✓ SYRUP BUY 232 @ $0.1718 orderId=2416163343 status=NEW 
2026-07-24 22:18:24: [PP369] [Binance] Đã đồng bộ giờ: offset = 121220ms (Giờ server: 2026-07-24T15:20:25.919Z) 
2026-07-24 22:18:47: [PP369] [AutoTrade] HOLO → SHORT (Score: +4.199999999999999đ) tại $0.06783 
2026-07-24 22:18:47: [PP369] [AutoTrade] HOLO SHORT có Score = 4.199999999999999đ < 5.5đ — bỏ qua 
2026-07-24 22:20:17: [PP369] [AutoTrade] HOLO → SHORT (Score: +4.199999999999999đ) tại $0.06783 
2026-07-24 22:20:17: [PP369] [AutoTrade] HOLO SHORT có Score = 4.199999999999999đ < 5.5đ — bỏ qua 
2026-07-24 22:20:47: [PP369] [AutoTrade] HOLO → SHORT (Score: +4.199999999999999đ) tại $0.06783 
2026-07-24 22:20:47: [PP369] [AutoTrade] HOLO SHORT có Score = 4.199999999999999đ < 5.5đ — bỏ qua 
2026-07-24 22:21:17: [PP369] [AutoTrade] HOLO → SHORT (Score: +4.199999999999999đ) tại $0.06783 
2026-07-24 22:21:17: [PP369] [AutoTrade] HOLO SHORT có Score = 4.199999999999999đ < 5.5đ — bỏ qua 
2026-07-24 22:21:47: [PP369] [AutoTrade] HOLO → SHORT (Score: +4.199999999999999đ) tại $0.06783 
2026-07-24 22:21:47: [PP369] [AutoTrade] HOLO SHORT có Score = 4.199999999999999đ < 5.5đ — bỏ qua 
2026-07-24 22:23:16: [PP369] [AutoTrade] Lệnh LIMIT của SYRUP đã treo quá 3 phút (3.4 phút) -> Tiến hành hủy... 
2026-07-24 22:23:16: [PP369] [AutoTrade] ✓ Đã hủy thành công lệnh LIMIT treo của SYRUP 
2026-07-24 22:30:17: [PP369] [AutoTrade] CROSS → SHORT (Score: +5.4đ) tại $0.07906 
2026-07-24 22:30:17: [PP369] [AutoTrade] CROSS SHORT có Score = 5.4đ < 5.5đ — bỏ qua 
2026-07-24 22:34:17: [PP369] [AutoTrade] SYRUP → LONG (Score: +6.3đ) tại $0.1718 
2026-07-24 22:34:17: [PP369] [AutoTrade] Set leverage SYRUPUSDT = 2x (Lưới: 17.29% → tính được 2x, giới hạn: 25x | Ký quỹ mục tiêu: $20) 
2026-07-24 22:34:17: [PP369] [AutoTrade] ✓ SYRUP BUY 232 @ $0.1718 orderId=2416185097 status=NEW 
2026-07-24 22:38:47: [PP369] [AutoTrade] KAITO → SHORT (Score: +3đ) tại $0.9862 
2026-07-24 22:38:47: [PP369] [AutoTrade] KAITO SHORT không đạt Tiêu chí 2 (Biến động H1/M15 an toàn) — bỏ qua 
2026-07-24 22:39:46: [PP369] [AutoTrade] Lệnh LIMIT của SYRUP đã treo quá 3 phút (3.5 phút) -> Tiến hành hủy... 
2026-07-24 22:39:46: [PP369] [AutoTrade] ✓ Đã hủy thành công lệnh LIMIT treo của SYRUP 
2026-07-24 22:39:47: [PP369] [AutoTrade] SYRUP → LONG (Score: +6.3đ) tại $0.1718 
2026-07-24 22:39:47: [PP369] [AutoTrade] Set leverage SYRUPUSDT = 2x (Lưới: 17.29% → tính được 2x, giới hạn: 25x | Ký quỹ mục tiêu: $20) 
2026-07-24 22:39:47: [PP369] [AutoTrade] ✓ SYRUP BUY 232 @ $0.1718 orderId=2416190333 status=NEW 
2026-07-24 22:45:16: [PP369] [AutoTrade] Lệnh LIMIT của SYRUP đã treo quá 3 phút (3.5 phút) -> Tiến hành hủy... 
2026-07-24 22:45:16: [PP369] [AutoTrade] ✓ Đã hủy thành công lệnh LIMIT treo của SYRUP 
2026-07-24 22:45:47: [PP369] [AutoTrade] SYRUP → LONG (Score: +6.3đ) tại $0.1718 
2026-07-24 22:45:47: [PP369] [AutoTrade] Set leverage SYRUPUSDT = 2x (Lưới: 17.29% → tính được 2x, giới hạn: 25x | Ký quỹ mục tiêu: $20) 
2026-07-24 22:45:47: [PP369] [AutoTrade] ✓ SYRUP BUY 232 @ $0.1718 orderId=2416195438 status=NEW 
2026-07-24 22:48:24: [PP369] [Binance] Đã đồng bộ giờ: offset = 121395ms (Giờ server: 2026-07-24T15:50:26.140Z) 
2026-07-24 22:51:15: [PP369] [AutoTrade] ✓ Đặt TP SYRUP @ $0.1803900 (đối ứng SELL) orderId=1000002471821216 
2026-07-24 22:51:15: [PP369] [AutoTrade] ✓ Đặt SL SYRUP @ $0.1632100 (đối ứng SELL) orderId=1000002471821221 
2026-07-24 22:51:48: [PP369] [AutoTrade] INIT → LONG (Score: +4.8đ) tại $0.0549 
2026-07-24 22:51:48: [PP369] [AutoTrade] INIT LONG có Score = 4.8đ < 5.5đ — bỏ qua 
2026-07-24 23:04:48: [PP369] [AutoTrade] GMX → LONG (Score: +3đ) tại $7.123 
2026-07-24 23:04:48: [PP369] [AutoTrade] GMX LONG có Score = 3đ < 5.5đ — bỏ qua 
2026-07-24 23:06:17: [PP369] [AutoTrade] GMX → LONG (Score: +3đ) tại $7.123 
2026-07-24 23:06:17: [PP369] [AutoTrade] GMX LONG có Score = 3đ < 5.5đ — bỏ qua 
2026-07-24 23:06:47: [PP369] [AutoTrade] GMX → LONG (Score: +3đ) tại $7.123 
2026-07-24 23:06:47: [PP369] [AutoTrade] GMX LONG có Score = 3đ < 5.5đ — bỏ qua 
2026-07-24 23:07:17: [PP369] [AutoTrade] GMX → LONG (Score: +3đ) tại $7.123 
2026-07-24 23:07:17: [PP369] [AutoTrade] GMX LONG có Score = 3đ < 5.5đ — bỏ qua 
2026-07-24 23:07:47: [PP369] [AutoTrade] GMX → LONG (Score: +3đ) tại $7.123 
2026-07-24 23:07:47: [PP369] [AutoTrade] GMX LONG có Score = 3đ < 5.5đ — bỏ qua 
2026-07-24 23:08:17: [PP369] [AutoTrade] GMX → LONG (Score: +3đ) tại $7.123 
2026-07-24 23:08:17: [PP369] [AutoTrade] GMX LONG có Score = 3đ < 5.5đ — bỏ qua 
2026-07-24 23:09:17: [PP369] [AutoTrade] GMX → LONG (Score: +3đ) tại $7.123 
2026-07-24 23:09:17: [PP369] [AutoTrade] GMX LONG có Score = 3đ < 5.5đ — bỏ qua 
2026-07-24 23:17:17: [PP369] [AutoTrade] GMX → LONG (Score: +3đ) tại $7.123 
2026-07-24 23:17:17: [PP369] [AutoTrade] GMX LONG có Score = 3đ < 5.5đ — bỏ qua 
2026-07-24 23:17:47: [PP369] [AutoTrade] GMX → LONG (Score: +3đ) tại $7.123 
2026-07-24 23:17:47: [PP369] [AutoTrade] GMX LONG có Score = 3đ < 5.5đ — bỏ qua 
2026-07-24 23:18:24: [PP369] [Binance] Đã đồng bộ giờ: offset = 121569ms (Giờ server: 2026-07-24T16:20:26.266Z) 
2026-07-24 23:19:18: [PP369] [AutoTrade] BANANAS31 → SHORT (Score: +4.1đ) tại $0.007149 
2026-07-24 23:19:18: [PP369] [AutoTrade] BANANAS31 SHORT có Score = 4.1đ < 5.5đ — bỏ qua 
2026-07-24 23:19:47: [PP369] [AutoTrade] BANANAS31 → SHORT (Score: +4.1đ) tại $0.007149 
2026-07-24 23:19:47: [PP369] [AutoTrade] BANANAS31 SHORT có Score = 4.1đ < 5.5đ — bỏ qua 
2026-07-24 23:48:24: [PP369] [Binance] Đã đồng bộ giờ: offset = 121739ms (Giờ server: 2026-07-24T16:50:26.441Z) 
2026-07-24 23:48:27: [PP369] [AutoTrade] [CoinRefresh] Tái kiểm tra danh sách: 450 → 453 coin hợp lệ theo giá hiện tại. 
2026-07-24 23:55:18: [PP369] [AutoTrade] XNY → SHORT (Score: +4.9đ) tại $0.007697 
2026-07-24 23:55:18: [PP369] [AutoTrade] XNY SHORT có Score = 4.9đ < 5.5đ — bỏ qua 
2026-07-25 00:00:19: [PP369] [AutoTrade] 1000XEC → LONG (Score: +4.1đ) tại $0.00723 
2026-07-25 00:00:19: [PP369] [AutoTrade] 1000XEC LONG có Score = 4.1đ < 5.5đ — bỏ qua 
2026-07-25 00:18:24: [PP369] [Binance] Đã đồng bộ giờ: offset = 121909ms (Giờ server: 2026-07-24T17:20:26.633Z) 
2026-07-25 00:20:48: [PP369] [AutoTrade] B2 → SHORT (Score: +5.4đ) tại $0.4272 
2026-07-25 00:20:48: [PP369] [AutoTrade] B2 SHORT có Score = 5.4đ < 5.5đ — bỏ qua 
2026-07-25 00:23:18: [PP369] [AutoTrade] CROSS → LONG (Score: +3.1đ) tại $0.0763 
2026-07-25 00:23:18: [PP369] [AutoTrade] CROSS LONG có Score = 3.1đ < 5.5đ — bỏ qua 
2026-07-25 00:23:47: [PP369] [AutoTrade] CROSS → LONG (Score: +3.1đ) tại $0.0763 
2026-07-25 00:23:47: [PP369] [AutoTrade] CROSS LONG có Score = 3.1đ < 5.5đ — bỏ qua 
2026-07-25 00:28:47: [PP369] [AutoTrade] CROSS → LONG (Score: +3.1đ) tại $0.0763 
2026-07-25 00:28:47: [PP369] [AutoTrade] CROSS LONG có Score = 3.1đ < 5.5đ — bỏ qua 
2026-07-25 00:29:17: [PP369] [AutoTrade] CROSS → LONG (Score: +3.1đ) tại $0.0763 
2026-07-25 00:29:17: [PP369] [AutoTrade] CROSS LONG có Score = 3.1đ < 5.5đ — bỏ qua 
2026-07-25 00:29:47: [PP369] [AutoTrade] CROSS → LONG (Score: +3.1đ) tại $0.0763 
2026-07-25 00:29:47: [PP369] [AutoTrade] CROSS LONG có Score = 3.1đ < 5.5đ — bỏ qua 
2026-07-25 00:30:17: [PP369] [AutoTrade] CROSS → LONG (Score: +3.1đ) tại $0.0763 
2026-07-25 00:30:17: [PP369] [AutoTrade] CROSS LONG có Score = 3.1đ < 5.5đ — bỏ qua 
2026-07-25 00:30:47: [PP369] [AutoTrade] CROSS → LONG (Score: +3.1đ) tại $0.0763 
2026-07-25 00:30:47: [PP369] [AutoTrade] CROSS LONG có Score = 3.1đ < 5.5đ — bỏ qua 
2026-07-25 00:31:17: [PP369] [AutoTrade] CROSS → LONG (Score: +3.1đ) tại $0.0763 
2026-07-25 00:31:17: [PP369] [AutoTrade] CROSS LONG có Score = 3.1đ < 5.5đ — bỏ qua 
2026-07-25 00:31:47: [PP369] [AutoTrade] CROSS → LONG (Score: +3.1đ) tại $0.0763 
2026-07-25 00:31:47: [PP369] [AutoTrade] CROSS LONG có Score = 3.1đ < 5.5đ — bỏ qua 
2026-07-25 00:32:17: [PP369] [AutoTrade] CROSS → LONG (Score: +3.1đ) tại $0.0763 
2026-07-25 00:32:17: [PP369] [AutoTrade] CROSS LONG có Score = 3.1đ < 5.5đ — bỏ qua 
2026-07-25 00:32:47: [PP369] [AutoTrade] CROSS → LONG (Score: +3.1đ) tại $0.0763 
2026-07-25 00:32:47: [PP369] [AutoTrade] CROSS LONG có Score = 3.1đ < 5.5đ — bỏ qua 
2026-07-25 00:33:17: [PP369] [AutoTrade] CROSS → LONG (Score: +3.1đ) tại $0.0763 
2026-07-25 00:33:17: [PP369] [AutoTrade] CROSS LONG có Score = 3.1đ < 5.5đ — bỏ qua 
2026-07-25 00:33:47: [PP369] [AutoTrade] CROSS → LONG (Score: +3.1đ) tại $0.0763 
2026-07-25 00:33:47: [PP369] [AutoTrade] CROSS LONG có Score = 3.1đ < 5.5đ — bỏ qua 
2026-07-25 00:34:17: [PP369] [AutoTrade] CROSS → LONG (Score: +3.1đ) tại $0.0763 
2026-07-25 00:34:17: [PP369] [AutoTrade] CROSS LONG có Score = 3.1đ < 5.5đ — bỏ qua 
2026-07-25 00:34:48: [PP369] [AutoTrade] KAITO → LONG (Score: +3đ) tại $0.9263 
2026-07-25 00:34:48: [PP369] [AutoTrade] KAITO LONG không đạt Tiêu chí 2 (Biến động H1/M15 an toàn) — bỏ qua 
2026-07-25 00:34:49: [PP369] [AutoTrade] CROSS → LONG (Score: +3.1đ) tại $0.0763 
2026-07-25 00:34:49: [PP369] [AutoTrade] CROSS LONG có Score = 3.1đ < 5.5đ — bỏ qua 
2026-07-25 00:35:17: [PP369] [AutoTrade] KAITO → LONG (Score: +3đ) tại $0.9263 
2026-07-25 00:35:17: [PP369] [AutoTrade] KAITO LONG không đạt Tiêu chí 2 (Biến động H1/M15 an toàn) — bỏ qua 
2026-07-25 00:35:18: [PP369] [AutoTrade] CROSS → LONG (Score: +3.1đ) tại $0.0763 
2026-07-25 00:35:18: [PP369] [AutoTrade] CROSS LONG có Score = 3.1đ < 5.5đ — bỏ qua 
2026-07-25 00:35:47: [PP369] [AutoTrade] KAITO → LONG (Score: +3đ) tại $0.9263 
2026-07-25 00:35:47: [PP369] [AutoTrade] KAITO LONG không đạt Tiêu chí 2 (Biến động H1/M15 an toàn) — bỏ qua 
2026-07-25 00:35:48: [PP369] [AutoTrade] CROSS → LONG (Score: +3.1đ) tại $0.0763 
2026-07-25 00:35:48: [PP369] [AutoTrade] CROSS LONG có Score = 3.1đ < 5.5đ — bỏ qua 
2026-07-25 00:36:17: [PP369] [AutoTrade] CROSS → LONG (Score: +3.1đ) tại $0.0763 
2026-07-25 00:36:17: [PP369] [AutoTrade] CROSS LONG có Score = 3.1đ < 5.5đ — bỏ qua 
2026-07-25 00:36:47: [PP369] [AutoTrade] CROSS → LONG (Score: +3.1đ) tại $0.0763 
2026-07-25 00:36:47: [PP369] [AutoTrade] CROSS LONG có Score = 3.1đ < 5.5đ — bỏ qua 
2026-07-25 00:37:17: [PP369] [AutoTrade] CROSS → LONG (Score: +3.1đ) tại $0.0763 
2026-07-25 00:37:17: [PP369] [AutoTrade] CROSS LONG có Score = 3.1đ < 5.5đ — bỏ qua 
2026-07-25 00:37:47: [PP369] [AutoTrade] CROSS → LONG (Score: +3.1đ) tại $0.0763 
2026-07-25 00:37:47: [PP369] [AutoTrade] CROSS LONG có Score = 3.1đ < 5.5đ — bỏ qua 
2026-07-25 00:38:17: [PP369] [AutoTrade] CROSS → LONG (Score: +3.1đ) tại $0.0763 
2026-07-25 00:38:17: [PP369] [AutoTrade] CROSS LONG có Score = 3.1đ < 5.5đ — bỏ qua 
2026-07-25 00:38:47: [PP369] [AutoTrade] CROSS → LONG (Score: +3.1đ) tại $0.0763 
2026-07-25 00:38:47: [PP369] [AutoTrade] CROSS LONG có Score = 3.1đ < 5.5đ — bỏ qua 
2026-07-25 00:38:49: [PP369] [AutoTrade] PLAY → SHORT (Score: +4.8đ) tại $0.03987 
2026-07-25 00:38:49: [PP369] [AutoTrade] PLAY SHORT có Score = 4.8đ < 5.5đ — bỏ qua 
2026-07-25 00:39:47: [PP369] [AutoTrade] CROSS → LONG (Score: +3.1đ) tại $0.0763 
2026-07-25 00:39:47: [PP369] [AutoTrade] CROSS LONG có Score = 3.1đ < 5.5đ — bỏ qua 
2026-07-25 00:40:47: [PP369] [AutoTrade] CROSS → LONG (Score: +3.1đ) tại $0.0763 
2026-07-25 00:40:47: [PP369] [AutoTrade] CROSS LONG có Score = 3.1đ < 5.5đ — bỏ qua 
2026-07-25 00:41:18: [PP369] [AutoTrade] LUMIA → SHORT (Score: +3.4000000000000004đ) tại $0.0693 
2026-07-25 00:41:18: [PP369] [AutoTrade] LUMIA SHORT có Score = 3.4000000000000004đ < 5.5đ — bỏ qua 
2026-07-25 00:41:18: [PP369] [AutoTrade] CROSS → LONG (Score: +3.1đ) tại $0.0763 
2026-07-25 00:41:18: [PP369] [AutoTrade] CROSS LONG có Score = 3.1đ < 5.5đ — bỏ qua 
2026-07-25 00:42:47: [PP369] [AutoTrade] PLAY → SHORT (Score: +4.8đ) tại $0.03987 
2026-07-25 00:42:47: [PP369] [AutoTrade] PLAY SHORT có Score = 4.8đ < 5.5đ — bỏ qua 
2026-07-25 00:44:18: [PP369] [AutoTrade] VANRY → SHORT (Score: +3.4999999999999996đ) tại $0.004716 
2026-07-25 00:44:18: [PP369] [AutoTrade] VANRY SHORT có Score = 3.4999999999999996đ < 5.5đ — bỏ qua 
2026-07-25 00:44:19: [PP369] [AutoTrade] BLESS → SHORT (Score: +3.6đ) tại $0.00857 
2026-07-25 00:44:19: [PP369] [AutoTrade] BLESS SHORT không đạt Tiêu chí 2 (Biến động H1/M15 an toàn) — bỏ qua 
2026-07-25 00:44:47: [PP369] [AutoTrade] VANRY → SHORT (Score: +3.4999999999999996đ) tại $0.004716 
2026-07-25 00:44:47: [PP369] [AutoTrade] VANRY SHORT có Score = 3.4999999999999996đ < 5.5đ — bỏ qua 
2026-07-25 00:48:18: [PP369] [AutoTrade] SIREN → SHORT (Score: +5.3đ) tại $0.0325 
2026-07-25 00:48:18: [PP369] [AutoTrade] SIREN SHORT có Score = 5.3đ < 5.5đ — bỏ qua 
2026-07-25 00:48:24: [PP369] [Binance] Đã đồng bộ giờ: offset = 122094ms (Giờ server: 2026-07-24T17:50:26.794Z) 
2026-07-25 00:49:17: [PP369] [AutoTrade] CROSS → LONG (Score: +3.1đ) tại $0.0763 
2026-07-25 00:49:17: [PP369] [AutoTrade] CROSS LONG có Score = 3.1đ < 5.5đ — bỏ qua 
2026-07-25 00:50:17: [PP369] [AutoTrade] CROSS → LONG (Score: +3.1đ) tại $0.0763 
2026-07-25 00:50:17: [PP369] [AutoTrade] CROSS LONG có Score = 3.1đ < 5.5đ — bỏ qua 
2026-07-25 00:50:47: [PP369] [AutoTrade] CROSS → LONG (Score: +3.1đ) tại $0.0763 
2026-07-25 00:50:47: [PP369] [AutoTrade] CROSS LONG có Score = 3.1đ < 5.5đ — bỏ qua 
2026-07-25 00:51:17: [PP369] [AutoTrade] CROSS → LONG (Score: +3.1đ) tại $0.0763 
2026-07-25 00:51:17: [PP369] [AutoTrade] CROSS LONG có Score = 3.1đ < 5.5đ — bỏ qua 
2026-07-25 00:51:17: [PP369] [AutoTrade] BLESS → SHORT (Score: +3.6đ) tại $0.00857 
2026-07-25 00:51:17: [PP369] [AutoTrade] BLESS SHORT không đạt Tiêu chí 2 (Biến động H1/M15 an toàn) — bỏ qua 
2026-07-25 00:51:47: [PP369] [AutoTrade] CROSS → LONG (Score: +3.1đ) tại $0.0763 
2026-07-25 00:51:47: [PP369] [AutoTrade] CROSS LONG có Score = 3.1đ < 5.5đ — bỏ qua 
2026-07-25 00:51:47: [PP369] [AutoTrade] BLESS → SHORT (Score: +3.6đ) tại $0.00857 
2026-07-25 00:51:47: [PP369] [AutoTrade] BLESS SHORT không đạt Tiêu chí 2 (Biến động H1/M15 an toàn) — bỏ qua 
2026-07-25 00:52:17: [PP369] [AutoTrade] CROSS → LONG (Score: +3.1đ) tại $0.0763 
2026-07-25 00:52:17: [PP369] [AutoTrade] CROSS LONG có Score = 3.1đ < 5.5đ — bỏ qua 
2026-07-25 00:52:47: [PP369] [AutoTrade] CROSS → LONG (Score: +3.1đ) tại $0.0763 
2026-07-25 00:52:47: [PP369] [AutoTrade] CROSS LONG có Score = 3.1đ < 5.5đ — bỏ qua 
2026-07-25 00:53:17: [PP369] [AutoTrade] CROSS → LONG (Score: +3.1đ) tại $0.0763 
2026-07-25 00:53:17: [PP369] [AutoTrade] CROSS LONG có Score = 3.1đ < 5.5đ — bỏ qua 
2026-07-25 00:53:47: [PP369] [AutoTrade] CROSS → LONG (Score: +3.1đ) tại $0.0763 
2026-07-25 00:53:47: [PP369] [AutoTrade] CROSS LONG có Score = 3.1đ < 5.5đ — bỏ qua 
2026-07-25 00:56:47: [PP369] [AutoTrade] CROSS → LONG (Score: +3.1đ) tại $0.0763 
2026-07-25 00:56:47: [PP369] [AutoTrade] CROSS LONG có Score = 3.1đ < 5.5đ — bỏ qua 
2026-07-25 00:57:47: [PP369] [AutoTrade] CROSS → LONG (Score: +3.1đ) tại $0.0763 
2026-07-25 00:57:47: [PP369] [AutoTrade] CROSS LONG có Score = 3.1đ < 5.5đ — bỏ qua 
2026-07-25 00:58:17: [PP369] [AutoTrade] CROSS → LONG (Score: +2.6đ) tại $0.0763 
2026-07-25 00:58:17: [PP369] [AutoTrade] CROSS LONG có Score = 2.6đ < 5.5đ — bỏ qua 
2026-07-25 00:58:47: [PP369] [AutoTrade] CROSS → LONG (Score: +2.6đ) tại $0.0763 
2026-07-25 00:58:47: [PP369] [AutoTrade] CROSS LONG có Score = 2.6đ < 5.5đ — bỏ qua 
2026-07-25 01:07:19: [PP369] [AutoTrade] CROSS → LONG (Score: +4.1đ) tại $0.0763 
2026-07-25 01:07:19: [PP369] [AutoTrade] CROSS LONG có Score = 4.1đ < 5.5đ — bỏ qua 
2026-07-25 01:07:47: [PP369] [AutoTrade] CROSS → LONG (Score: +4.1đ) tại $0.0763 
2026-07-25 01:07:47: [PP369] [AutoTrade] CROSS LONG có Score = 4.1đ < 5.5đ — bỏ qua 
2026-07-25 01:08:47: [PP369] [AutoTrade] CROSS → LONG (Score: +4.1đ) tại $0.0763 
2026-07-25 01:08:47: [PP369] [AutoTrade] CROSS LONG có Score = 4.1đ < 5.5đ — bỏ qua 
2026-07-25 01:12:17: [PP369] [AutoTrade] CROSS → LONG (Score: +4.1đ) tại $0.0763 
2026-07-25 01:12:17: [PP369] [AutoTrade] CROSS LONG có Score = 4.1đ < 5.5đ — bỏ qua 
2026-07-25 01:12:47: [PP369] [AutoTrade] CROSS → LONG (Score: +4.1đ) tại $0.0763 
2026-07-25 01:12:47: [PP369] [AutoTrade] CROSS LONG có Score = 4.1đ < 5.5đ — bỏ qua 
2026-07-25 01:13:18: [PP369] [AutoTrade] EPIC → SHORT (Score: +3.4000000000000004đ) tại $0.6777 
2026-07-25 01:13:18: [PP369] [AutoTrade] EPIC SHORT có Score = 3.4000000000000004đ < 5.5đ — bỏ qua 
2026-07-25 01:13:18: [PP369] [AutoTrade] CROSS → LONG (Score: +4.1đ) tại $0.0763 
2026-07-25 01:13:18: [PP369] [AutoTrade] CROSS LONG có Score = 4.1đ < 5.5đ — bỏ qua 
2026-07-25 01:13:47: [PP369] [AutoTrade] EPIC → SHORT (Score: +3.4000000000000004đ) tại $0.6777 
2026-07-25 01:13:47: [PP369] [AutoTrade] EPIC SHORT có Score = 3.4000000000000004đ < 5.5đ — bỏ qua 
2026-07-25 01:13:48: [PP369] [AutoTrade] CROSS → LONG (Score: +4.1đ) tại $0.0763 
2026-07-25 01:13:48: [PP369] [AutoTrade] CROSS LONG có Score = 4.1đ < 5.5đ — bỏ qua 
2026-07-25 01:14:17: [PP369] [AutoTrade] CROSS → LONG (Score: +4.1đ) tại $0.0763 
2026-07-25 01:14:17: [PP369] [AutoTrade] CROSS LONG có Score = 4.1đ < 5.5đ — bỏ qua 
2026-07-25 01:15:17: [PP369] [AutoTrade] CROSS → LONG (Score: +4.1đ) tại $0.0763 
2026-07-25 01:15:17: [PP369] [AutoTrade] CROSS LONG có Score = 4.1đ < 5.5đ — bỏ qua 
2026-07-25 01:15:47: [PP369] [AutoTrade] CROSS → LONG (Score: +4.1đ) tại $0.0763 
2026-07-25 01:15:47: [PP369] [AutoTrade] CROSS LONG có Score = 4.1đ < 5.5đ — bỏ qua 
2026-07-25 01:16:17: [PP369] [AutoTrade] CROSS → LONG (Score: +4.1đ) tại $0.0763 
2026-07-25 01:16:17: [PP369] [AutoTrade] CROSS LONG có Score = 4.1đ < 5.5đ — bỏ qua 
2026-07-25 01:16:47: [PP369] [AutoTrade] CROSS → LONG (Score: +4.1đ) tại $0.0763 
2026-07-25 01:16:47: [PP369] [AutoTrade] CROSS LONG có Score = 4.1đ < 5.5đ — bỏ qua 
2026-07-25 01:17:17: [PP369] [AutoTrade] CROSS → LONG (Score: +4.1đ) tại $0.0763 
2026-07-25 01:17:17: [PP369] [AutoTrade] CROSS LONG có Score = 4.1đ < 5.5đ — bỏ qua 
2026-07-25 01:17:47: [PP369] [AutoTrade] CROSS → LONG (Score: +4.1đ) tại $0.0763 
2026-07-25 01:17:47: [PP369] [AutoTrade] CROSS LONG có Score = 4.1đ < 5.5đ — bỏ qua 
2026-07-25 01:18:17: [PP369] [AutoTrade] EPIC → SHORT (Score: +3.4000000000000004đ) tại $0.6777 
2026-07-25 01:18:17: [PP369] [AutoTrade] EPIC SHORT có Score = 3.4000000000000004đ < 5.5đ — bỏ qua 
2026-07-25 01:18:24: [PP369] [Binance] Đã đồng bộ giờ: offset = 122270ms (Giờ server: 2026-07-24T18:20:26.967Z) 
2026-07-25 01:21:18: [PP369] [AutoTrade] GMX → LONG (Score: +3.1999999999999997đ) tại $6.823 
2026-07-25 01:21:18: [PP369] [AutoTrade] GMX LONG có Score = 3.1999999999999997đ < 5.5đ — bỏ qua 
2026-07-25 01:22:17: [PP369] [AutoTrade] GMX → LONG (Score: +3.1999999999999997đ) tại $6.823 
2026-07-25 01:22:17: [PP369] [AutoTrade] GMX LONG có Score = 3.1999999999999997đ < 5.5đ — bỏ qua 
2026-07-25 01:25:17: [PP369] [AutoTrade] GMX → LONG (Score: +2.9999999999999996đ) tại $6.823 
2026-07-25 01:25:17: [PP369] [AutoTrade] GMX LONG có Score = 2.9999999999999996đ < 5.5đ — bỏ qua 
2026-07-25 01:25:47: [PP369] [AutoTrade] GMX → LONG (Score: +2.9999999999999996đ) tại $6.823 
2026-07-25 01:25:47: [PP369] [AutoTrade] GMX LONG có Score = 2.9999999999999996đ < 5.5đ — bỏ qua 
2026-07-25 01:26:17: [PP369] [AutoTrade] GMX → LONG (Score: +2.9999999999999996đ) tại $6.823 
2026-07-25 01:26:17: [PP369] [AutoTrade] GMX LONG có Score = 2.9999999999999996đ < 5.5đ — bỏ qua 
2026-07-25 01:26:47: [PP369] [AutoTrade] GMX → LONG (Score: +2.9999999999999996đ) tại $6.823 
2026-07-25 01:26:47: [PP369] [AutoTrade] GMX LONG có Score = 2.9999999999999996đ < 5.5đ — bỏ qua 
2026-07-25 01:27:17: [PP369] [AutoTrade] GMX → LONG (Score: +3.1999999999999997đ) tại $6.823 
2026-07-25 01:27:17: [PP369] [AutoTrade] GMX LONG có Score = 3.1999999999999997đ < 5.5đ — bỏ qua 
2026-07-25 01:27:47: [PP369] [AutoTrade] GMX → LONG (Score: +3.1999999999999997đ) tại $6.823 
2026-07-25 01:27:47: [PP369] [AutoTrade] GMX LONG có Score = 3.1999999999999997đ < 5.5đ — bỏ qua 
2026-07-25 01:29:48: [PP369] [AutoTrade] GMX → LONG (Score: +3.1999999999999997đ) tại $6.823 
2026-07-25 01:29:48: [PP369] [AutoTrade] GMX LONG có Score = 3.1999999999999997đ < 5.5đ — bỏ qua 
2026-07-25 01:30:17: [PP369] [AutoTrade] GMX → LONG (Score: +3.1999999999999997đ) tại $6.823 
2026-07-25 01:30:17: [PP369] [AutoTrade] GMX LONG có Score = 3.1999999999999997đ < 5.5đ — bỏ qua 
2026-07-25 01:30:47: [PP369] [AutoTrade] GMX → LONG (Score: +3.1999999999999997đ) tại $6.823 
2026-07-25 01:30:47: [PP369] [AutoTrade] GMX LONG có Score = 3.1999999999999997đ < 5.5đ — bỏ qua 
2026-07-25 01:48:24: [PP369] [Binance] Đã đồng bộ giờ: offset = 122446ms (Giờ server: 2026-07-24T18:50:27.144Z) 
2026-07-25 01:49:18: [PP369] [AutoTrade] LUMIA → SHORT (Score: +3.1đ) tại $0.0693 
2026-07-25 01:49:18: [PP369] [AutoTrade] LUMIA SHORT có Score = 3.1đ < 5.5đ — bỏ qua 
2026-07-25 01:49:47: [PP369] [AutoTrade] LUMIA → SHORT (Score: +3.1đ) tại $0.0693 
2026-07-25 01:49:47: [PP369] [AutoTrade] LUMIA SHORT có Score = 3.1đ < 5.5đ — bỏ qua 
2026-07-25 01:50:17: [PP369] [AutoTrade] LUMIA → SHORT (Score: +3.1đ) tại $0.0693 
2026-07-25 01:50:17: [PP369] [AutoTrade] LUMIA SHORT có Score = 3.1đ < 5.5đ — bỏ qua 
2026-07-25 01:50:47: [PP369] [AutoTrade] LUMIA → SHORT (Score: +3.1đ) tại $0.0693 
2026-07-25 01:50:47: [PP369] [AutoTrade] LUMIA SHORT có Score = 3.1đ < 5.5đ — bỏ qua 
2026-07-25 01:51:17: [PP369] [AutoTrade] LUMIA → SHORT (Score: +3.1đ) tại $0.0693 
2026-07-25 01:51:17: [PP369] [AutoTrade] LUMIA SHORT có Score = 3.1đ < 5.5đ — bỏ qua 
2026-07-25 01:51:47: [PP369] [AutoTrade] LUMIA → SHORT (Score: +3.1đ) tại $0.0693 
2026-07-25 01:51:47: [PP369] [AutoTrade] LUMIA SHORT có Score = 3.1đ < 5.5đ — bỏ qua 
2026-07-25 01:52:17: [PP369] [AutoTrade] LUMIA → SHORT (Score: +3.1đ) tại $0.0693 
2026-07-25 01:52:17: [PP369] [AutoTrade] LUMIA SHORT có Score = 3.1đ < 5.5đ — bỏ qua 
2026-07-25 01:52:48: [PP369] [AutoTrade] LUMIA → SHORT (Score: +3.1đ) tại $0.0693 
2026-07-25 01:52:48: [PP369] [AutoTrade] LUMIA SHORT có Score = 3.1đ < 5.5đ — bỏ qua 
2026-07-25 02:18:24: [PP369] [Binance] Đã đồng bộ giờ: offset = 122620ms (Giờ server: 2026-07-24T19:20:27.325Z) 
2026-07-25 02:48:24: [PP369] [Binance] Đã đồng bộ giờ: offset = 122796ms (Giờ server: 2026-07-24T19:50:27.496Z) 
2026-07-25 02:58:19: [PP369] [AutoTrade] ARC → SHORT (Score: +3.1đ) tại $0.06246 
2026-07-25 02:58:19: [PP369] [AutoTrade] ARC SHORT có Score = 3.1đ < 5.5đ — bỏ qua 
2026-07-25 03:18:24: [PP369] [Binance] Đã đồng bộ giờ: offset = 122964ms (Giờ server: 2026-07-24T20:20:27.669Z) 
2026-07-25 03:20:49: [PP369] [AutoTrade] ALGO → SHORT (Score: +6.3đ) tại $0.0861 
2026-07-25 03:20:49: [PP369] [AutoTrade] Set leverage ALGOUSDT = 15x (Lưới: 3.24% → tính được 15x, giới hạn: 75x | Ký quỹ mục tiêu: $20) 
2026-07-25 03:20:49: [PP369] [AutoTrade] ✓ ALGO SELL 3484.3 @ $0.0861 orderId=15332578757 status=NEW 
2026-07-25 03:21:21: [PP369] [AutoTrade] ✓ Đặt TP ALGO @ $0.085500 (đối ứng BUY) orderId=1000002472161333 
2026-07-25 03:21:22: [PP369] [AutoTrade] ✓ Đặt SL ALGO @ $0.086700 (đối ứng BUY) orderId=1000002472161334 
2026-07-25 03:24:57: [PP369] [AutoTrade] Trailing SL: ALGO đạt ROI 5.14% -> Dịch SL trên sàn về entry + 1% ROI ($0.0860) [Mức: Hòa vốn] 
2026-07-25 03:24:57: [PP369] [AutoTrade] Đã hủy SL cũ của ALGO (orderId=1000002472161334) 
2026-07-25 03:24:58: [PP369] [AutoTrade] ✓ Đã dịch SL mới cho ALGO @ $0.086000 (orderId=1000002472164034) 
2026-07-25 03:48:24: [PP369] [Binance] Đã đồng bộ giờ: offset = 123146ms (Giờ server: 2026-07-24T20:50:27.848Z) 
2026-07-25 03:48:27: [PP369] [AutoTrade] [CoinRefresh] Tái kiểm tra danh sách: 453 → 453 coin hợp lệ theo giá hiện tại. 
2026-07-25 03:57:48: [PP369] [AutoTrade] CFX → LONG (Score: +5.3đ) tại $0.04323 
2026-07-25 03:57:48: [PP369] [AutoTrade] CFX LONG có Score = 5.3đ < 5.5đ — bỏ qua 
2026-07-25 04:08:19: [PP369] [AutoTrade] WLD → LONG (Score: +5.8đ) tại $0.3605 
2026-07-25 04:08:20: [PP369] [AutoTrade] Set leverage WLDUSDT = 6x (Lưới: 7.99% → tính được 6x, giới hạn: 75x | Ký quỹ mục tiêu: $20) 
2026-07-25 04:08:20: [PP369] [AutoTrade] ✓ WLD BUY 332 @ $0.3605 orderId=22752349542 status=NEW 
2026-07-25 04:08:32: [PP369] [AutoTrade] ✓ Đặt TP WLD @ $0.3665000 (đối ứng SELL) orderId=1000002472197675 
2026-07-25 04:08:32: [PP369] [AutoTrade] ✓ Đặt SL WLD @ $0.3545000 (đối ứng SELL) orderId=1000002472197676 
2026-07-25 04:14:26: [PP369] [AutoTrade] Trailing SL: WLD đạt ROI 5.10% -> Dịch SL trên sàn về entry + 1% ROI ($0.3611) [Mức: Hòa vốn] 
2026-07-25 04:14:26: [PP369] [AutoTrade] Đã hủy SL cũ của WLD (orderId=1000002472197676) 
2026-07-25 04:14:26: [PP369] [AutoTrade] ✓ Đã dịch SL mới cho WLD @ $0.3611000 (orderId=1000002472202299) 
2026-07-25 04:18:24: [PP369] [Binance] Đã đồng bộ giờ: offset = 123320ms (Giờ server: 2026-07-24T21:20:28.022Z) 
2026-07-25 04:24:18: [PP369] [AutoTrade] BANANAS31 → SHORT (Score: +4.6đ) tại $0.007449 
2026-07-25 04:24:18: [PP369] [AutoTrade] BANANAS31 SHORT có Score = 4.6đ < 5.5đ — bỏ qua 
2026-07-25 04:25:17: [PP369] [AutoTrade] BANANAS31 → SHORT (Score: +4.6đ) tại $0.007449 
2026-07-25 04:25:17: [PP369] [AutoTrade] BANANAS31 SHORT có Score = 4.6đ < 5.5đ — bỏ qua 
2026-07-25 04:25:47: [PP369] [AutoTrade] BANANAS31 → SHORT (Score: +4.6đ) tại $0.007449 
2026-07-25 04:25:47: [PP369] [AutoTrade] BANANAS31 SHORT có Score = 4.6đ < 5.5đ — bỏ qua 
2026-07-25 04:30:47: [PP369] [AutoTrade] BANANAS31 → SHORT (Score: +4.6đ) tại $0.007449 
2026-07-25 04:30:47: [PP369] [AutoTrade] BANANAS31 SHORT có Score = 4.6đ < 5.5đ — bỏ qua 
2026-07-25 04:48:24: [PP369] [Binance] Đã đồng bộ giờ: offset = 123496ms (Giờ server: 2026-07-24T21:50:28.197Z) 
2026-07-25 04:57:18: [PP369] [AutoTrade] GUA → LONG (Score: +4.199999999999999đ) tại $0.05274 
2026-07-25 04:57:18: [PP369] [AutoTrade] GUA LONG có Score = 4.199999999999999đ < 5.5đ — bỏ qua 
2026-07-25 04:57:48: [PP369] [AutoTrade] GMT → LONG (Score: +3.3đ) tại $0.00703 
2026-07-25 04:57:48: [PP369] [AutoTrade] GMT LONG có Score = 3.3đ < 5.5đ — bỏ qua 
2026-07-25 04:58:47: [PP369] [AutoTrade] GMT → LONG (Score: +3.3đ) tại $0.00703 
2026-07-25 04:58:47: [PP369] [AutoTrade] GMT LONG có Score = 3.3đ < 5.5đ — bỏ qua 
2026-07-25 04:58:49: [PP369] [AutoTrade] BLESS → LONG (Score: +2.4000000000000004đ) tại $0.00802 
2026-07-25 04:58:49: [PP369] [AutoTrade] BLESS LONG có Score = 2.4000000000000004đ < 5.5đ — bỏ qua 
2026-07-25 04:59:17: [PP369] [AutoTrade] GMT → LONG (Score: +3.3đ) tại $0.00703 
2026-07-25 04:59:17: [PP369] [AutoTrade] GMT LONG có Score = 3.3đ < 5.5đ — bỏ qua 
2026-07-25 05:07:19: [PP369] [AutoTrade] AKT → LONG (Score: +4.199999999999999đ) tại $0.5025 
2026-07-25 05:07:19: [PP369] [AutoTrade] AKT LONG có Score = 4.199999999999999đ < 5.5đ — bỏ qua 
2026-07-25 05:07:48: [PP369] [AutoTrade] AKT → LONG (Score: +4.199999999999999đ) tại $0.5025 
2026-07-25 05:07:48: [PP369] [AutoTrade] AKT LONG có Score = 4.199999999999999đ < 5.5đ — bỏ qua 
2026-07-25 05:08:17: [PP369] [AutoTrade] AKT → LONG (Score: +4.199999999999999đ) tại $0.5025 
2026-07-25 05:08:17: [PP369] [AutoTrade] AKT LONG có Score = 4.199999999999999đ < 5.5đ — bỏ qua 
2026-07-25 05:08:47: [PP369] [AutoTrade] AKT → LONG (Score: +4.199999999999999đ) tại $0.5025 
2026-07-25 05:08:47: [PP369] [AutoTrade] AKT LONG có Score = 4.199999999999999đ < 5.5đ — bỏ qua 
2026-07-25 05:08:49: [PP369] [AutoTrade] GUA → LONG (Score: +4.7đ) tại $0.05274 
2026-07-25 05:08:49: [PP369] [AutoTrade] GUA LONG có Score = 4.7đ < 5.5đ — bỏ qua 
2026-07-25 05:09:17: [PP369] [AutoTrade] AKT → LONG (Score: +4.199999999999999đ) tại $0.5025 
2026-07-25 05:09:17: [PP369] [AutoTrade] AKT LONG có Score = 4.199999999999999đ < 5.5đ — bỏ qua 
2026-07-25 05:09:47: [PP369] [AutoTrade] AKT → LONG (Score: +4.199999999999999đ) tại $0.5025 
2026-07-25 05:09:47: [PP369] [AutoTrade] AKT LONG có Score = 4.199999999999999đ < 5.5đ — bỏ qua 
2026-07-25 05:10:17: [PP369] [AutoTrade] AKT → LONG (Score: +4.199999999999999đ) tại $0.5025 
2026-07-25 05:10:17: [PP369] [AutoTrade] AKT LONG có Score = 4.199999999999999đ < 5.5đ — bỏ qua 
2026-07-25 05:10:47: [PP369] [AutoTrade] AKT → LONG (Score: +4.199999999999999đ) tại $0.5025 
2026-07-25 05:10:47: [PP369] [AutoTrade] AKT LONG có Score = 4.199999999999999đ < 5.5đ — bỏ qua 
2026-07-25 05:11:17: [PP369] [AutoTrade] AKT → LONG (Score: +4.199999999999999đ) tại $0.5025 
2026-07-25 05:11:17: [PP369] [AutoTrade] AKT LONG có Score = 4.199999999999999đ < 5.5đ — bỏ qua 
2026-07-25 05:11:47: [PP369] [AutoTrade] AKT → LONG (Score: +4.199999999999999đ) tại $0.5025 
2026-07-25 05:11:47: [PP369] [AutoTrade] AKT LONG có Score = 4.199999999999999đ < 5.5đ — bỏ qua 
2026-07-25 05:12:17: [PP369] [AutoTrade] AKT → LONG (Score: +4.199999999999999đ) tại $0.5025 
2026-07-25 05:12:17: [PP369] [AutoTrade] AKT LONG có Score = 4.199999999999999đ < 5.5đ — bỏ qua 
2026-07-25 05:12:47: [PP369] [AutoTrade] AKT → LONG (Score: +4.199999999999999đ) tại $0.5025 
2026-07-25 05:12:47: [PP369] [AutoTrade] AKT LONG có Score = 4.199999999999999đ < 5.5đ — bỏ qua 
2026-07-25 05:13:18: [PP369] [AutoTrade] AKT → LONG (Score: +4.199999999999999đ) tại $0.5025 
2026-07-25 05:13:18: [PP369] [AutoTrade] AKT LONG có Score = 4.199999999999999đ < 5.5đ — bỏ qua 
2026-07-25 05:13:47: [PP369] [AutoTrade] AKT → LONG (Score: +4.199999999999999đ) tại $0.5025 
2026-07-25 05:13:47: [PP369] [AutoTrade] AKT LONG có Score = 4.199999999999999đ < 5.5đ — bỏ qua 
2026-07-25 05:14:17: [PP369] [AutoTrade] AKT → LONG (Score: +4.199999999999999đ) tại $0.5025 
2026-07-25 05:14:17: [PP369] [AutoTrade] AKT LONG có Score = 4.199999999999999đ < 5.5đ — bỏ qua 
2026-07-25 05:14:47: [PP369] [AutoTrade] AKT → LONG (Score: +4.199999999999999đ) tại $0.5025 
2026-07-25 05:14:47: [PP369] [AutoTrade] AKT LONG có Score = 4.199999999999999đ < 5.5đ — bỏ qua 
2026-07-25 05:15:17: [PP369] [AutoTrade] AKT → LONG (Score: +4.199999999999999đ) tại $0.5025 
2026-07-25 05:15:17: [PP369] [AutoTrade] AKT LONG có Score = 4.199999999999999đ < 5.5đ — bỏ qua 
2026-07-25 05:15:47: [PP369] [AutoTrade] AKT → LONG (Score: +4.199999999999999đ) tại $0.5025 
2026-07-25 05:15:47: [PP369] [AutoTrade] AKT LONG có Score = 4.199999999999999đ < 5.5đ — bỏ qua 
2026-07-25 05:16:17: [PP369] [AutoTrade] AKT → LONG (Score: +4.199999999999999đ) tại $0.5025 
2026-07-25 05:16:17: [PP369] [AutoTrade] AKT LONG có Score = 4.199999999999999đ < 5.5đ — bỏ qua 
2026-07-25 05:16:47: [PP369] [AutoTrade] AKT → LONG (Score: +4.199999999999999đ) tại $0.5025 
2026-07-25 05:16:47: [PP369] [AutoTrade] AKT LONG có Score = 4.199999999999999đ < 5.5đ — bỏ qua 
2026-07-25 05:17:17: [PP369] [AutoTrade] AKT → LONG (Score: +4.199999999999999đ) tại $0.5025 
2026-07-25 05:17:17: [PP369] [AutoTrade] AKT LONG có Score = 4.199999999999999đ < 5.5đ — bỏ qua 
2026-07-25 05:18:24: [PP369] [Binance] Đã đồng bộ giờ: offset = 123671ms (Giờ server: 2026-07-24T22:20:28.375Z) 
2026-07-25 05:45:18: [PP369] [AutoTrade] ETHFI → LONG (Score: +5.4đ) tại $0.4176 
2026-07-25 05:45:18: [PP369] [AutoTrade] ETHFI LONG có Score = 5.4đ < 5.5đ — bỏ qua 
2026-07-25 05:45:47: [PP369] [AutoTrade] ETHFI → LONG (Score: +5.4đ) tại $0.4176 
2026-07-25 05:45:47: [PP369] [AutoTrade] ETHFI LONG có Score = 5.4đ < 5.5đ — bỏ qua 
2026-07-25 05:48:24: [PP369] [Binance] Đã đồng bộ giờ: offset = 123846ms (Giờ server: 2026-07-24T22:50:28.547Z) 
2026-07-25 05:50:17: [PP369] [AutoTrade] BLESS → SHORT (Score: +3.5đ) tại $0.00737 
2026-07-25 05:50:17: [PP369] [AutoTrade] BLESS SHORT không đạt Tiêu chí 2 (Biến động H1/M15 an toàn) — bỏ qua 
2026-07-25 06:03:49: [PP369] [AutoTrade] XNY → SHORT (Score: +4.8999999999999995đ) tại $0.007697 
2026-07-25 06:03:49: [PP369] [AutoTrade] XNY SHORT có Score = 4.8999999999999995đ < 5.5đ — bỏ qua 
2026-07-25 06:16:48: [PP369] [AutoTrade] GMT → LONG (Score: +2.6đ) tại $0.00703 
2026-07-25 06:16:48: [PP369] [AutoTrade] GMT LONG có Score = 2.6đ < 5.5đ — bỏ qua 
2026-07-25 06:17:17: [PP369] [AutoTrade] GMT → LONG (Score: +2.6đ) tại $0.00703 
2026-07-25 06:17:17: [PP369] [AutoTrade] GMT LONG có Score = 2.6đ < 5.5đ — bỏ qua 
2026-07-25 06:17:47: [PP369] [AutoTrade] GMT → LONG (Score: +2.6đ) tại $0.00703 
2026-07-25 06:17:47: [PP369] [AutoTrade] GMT LONG có Score = 2.6đ < 5.5đ — bỏ qua 
2026-07-25 06:18:17: [PP369] [AutoTrade] GMT → LONG (Score: +2.6đ) tại $0.00703 
2026-07-25 06:18:17: [PP369] [AutoTrade] GMT LONG có Score = 2.6đ < 5.5đ — bỏ qua 
2026-07-25 06:18:24: [PP369] [Binance] Đã đồng bộ giờ: offset = 124022ms (Giờ server: 2026-07-24T23:20:28.725Z) 
2026-07-25 06:24:17: [PP369] [AutoTrade] GMT → LONG (Score: +2.6đ) tại $0.00703 
2026-07-25 06:24:17: [PP369] [AutoTrade] GMT LONG có Score = 2.6đ < 5.5đ — bỏ qua 
2026-07-25 06:29:48: [PP369] [AutoTrade] BAN → SHORT (Score: +4.5đ) tại $0.07543 
2026-07-25 06:29:48: [PP369] [AutoTrade] BAN SHORT có Score = 4.5đ < 5.5đ — bỏ qua 
2026-07-25 06:30:17: [PP369] [AutoTrade] BAN → SHORT (Score: +4.5đ) tại $0.07543 
2026-07-25 06:30:17: [PP369] [AutoTrade] BAN SHORT có Score = 4.5đ < 5.5đ — bỏ qua 
2026-07-25 06:30:47: [PP369] [AutoTrade] BAN → SHORT (Score: +4.5đ) tại $0.07543 
2026-07-25 06:30:47: [PP369] [AutoTrade] BAN SHORT có Score = 4.5đ < 5.5đ — bỏ qua 
2026-07-25 06:31:17: [PP369] [AutoTrade] BAN → SHORT (Score: +4.5đ) tại $0.07543 
2026-07-25 06:31:17: [PP369] [AutoTrade] BAN SHORT có Score = 4.5đ < 5.5đ — bỏ qua 
2026-07-25 06:31:47: [PP369] [AutoTrade] BAN → SHORT (Score: +4.5đ) tại $0.07543 
2026-07-25 06:31:47: [PP369] [AutoTrade] BAN SHORT có Score = 4.5đ < 5.5đ — bỏ qua 
2026-07-25 06:32:17: [PP369] [AutoTrade] BAN → SHORT (Score: +4.5đ) tại $0.07543 
2026-07-25 06:32:17: [PP369] [AutoTrade] BAN SHORT có Score = 4.5đ < 5.5đ — bỏ qua 
2026-07-25 06:32:47: [PP369] [AutoTrade] BAN → SHORT (Score: +4.5đ) tại $0.07543 
2026-07-25 06:32:47: [PP369] [AutoTrade] BAN SHORT có Score = 4.5đ < 5.5đ — bỏ qua 
2026-07-25 06:33:17: [PP369] [AutoTrade] GMT → LONG (Score: +2.6đ) tại $0.00703 
2026-07-25 06:33:17: [PP369] [AutoTrade] GMT LONG có Score = 2.6đ < 5.5đ — bỏ qua 
2026-07-25 06:33:47: [PP369] [AutoTrade] GMT → LONG (Score: +2.6đ) tại $0.00703 
2026-07-25 06:33:47: [PP369] [AutoTrade] GMT LONG có Score = 2.6đ < 5.5đ — bỏ qua 
2026-07-25 06:34:17: [PP369] [AutoTrade] GMT → LONG (Score: +2.6đ) tại $0.00703 
2026-07-25 06:34:17: [PP369] [AutoTrade] GMT LONG có Score = 2.6đ < 5.5đ — bỏ qua 
2026-07-25 06:34:47: [PP369] [AutoTrade] GMT → LONG (Score: +2.6đ) tại $0.00703 
2026-07-25 06:34:47: [PP369] [AutoTrade] GMT LONG có Score = 2.6đ < 5.5đ — bỏ qua 
2026-07-25 06:35:17: [PP369] [AutoTrade] GMT → LONG (Score: +2.6đ) tại $0.00703 
2026-07-25 06:35:17: [PP369] [AutoTrade] GMT LONG có Score = 2.6đ < 5.5đ — bỏ qua 
2026-07-25 06:36:47: [PP369] [AutoTrade] GMT → LONG (Score: +2.6đ) tại $0.00703 
2026-07-25 06:36:47: [PP369] [AutoTrade] GMT LONG có Score = 2.6đ < 5.5đ — bỏ qua 
2026-07-25 06:37:17: [PP369] [AutoTrade] GMT → LONG (Score: +2.6đ) tại $0.00703 
2026-07-25 06:37:17: [PP369] [AutoTrade] GMT LONG có Score = 2.6đ < 5.5đ — bỏ qua 
2026-07-25 06:37:47: [PP369] [AutoTrade] GMT → LONG (Score: +2.6đ) tại $0.00703 
2026-07-25 06:37:47: [PP369] [AutoTrade] GMT LONG có Score = 2.6đ < 5.5đ — bỏ qua 
2026-07-25 06:39:17: [PP369] [AutoTrade] GMT → LONG (Score: +2.6đ) tại $0.00703 
2026-07-25 06:39:17: [PP369] [AutoTrade] GMT LONG có Score = 2.6đ < 5.5đ — bỏ qua 
2026-07-25 06:46:18: [PP369] [AutoTrade] B2 → SHORT (Score: +3.6đ) tại $0.4272 
2026-07-25 06:46:18: [PP369] [AutoTrade] B2 SHORT có Score = 3.6đ < 5.5đ — bỏ qua 
2026-07-25 06:48:24: [PP369] [Binance] Đã đồng bộ giờ: offset = 124197ms (Giờ server: 2026-07-24T23:50:28.903Z) 
2026-07-25 06:57:18: [PP369] [AutoTrade] PYTH → LONG (Score: +4.6đ) tại $0.04379 
2026-07-25 06:57:18: [PP369] [AutoTrade] PYTH LONG có Score = 4.6đ < 5.5đ — bỏ qua 
2026-07-25 06:57:47: [PP369] [AutoTrade] PYTH → LONG (Score: +4.6đ) tại $0.04379 
2026-07-25 06:57:47: [PP369] [AutoTrade] PYTH LONG có Score = 4.6đ < 5.5đ — bỏ qua 
2026-07-25 06:58:17: [PP369] [AutoTrade] PYTH → LONG (Score: +4.6đ) tại $0.04379 
2026-07-25 06:58:17: [PP369] [AutoTrade] PYTH LONG có Score = 4.6đ < 5.5đ — bỏ qua 
2026-07-25 07:04:19: [PP369] [AutoTrade] TRUST → LONG (Score: +3.0999999999999996đ) tại $0.0501 
2026-07-25 07:04:19: [PP369] [AutoTrade] TRUST LONG có Score = 3.0999999999999996đ < 5.5đ — bỏ qua 
2026-07-25 07:04:47: [PP369] [AutoTrade] TRUST → LONG (Score: +3.0999999999999996đ) tại $0.0501 
2026-07-25 07:04:47: [PP369] [AutoTrade] TRUST LONG có Score = 3.0999999999999996đ < 5.5đ — bỏ qua 
2026-07-25 07:05:17: [PP369] [AutoTrade] TRUST → LONG (Score: +3.0999999999999996đ) tại $0.0501 
2026-07-25 07:05:17: [PP369] [AutoTrade] TRUST LONG có Score = 3.0999999999999996đ < 5.5đ — bỏ qua 
2026-07-25 07:05:47: [PP369] [AutoTrade] TRUST → LONG (Score: +3.0999999999999996đ) tại $0.0501 
2026-07-25 07:05:47: [PP369] [AutoTrade] TRUST LONG có Score = 3.0999999999999996đ < 5.5đ — bỏ qua 
2026-07-25 07:06:17: [PP369] [AutoTrade] TRUST → LONG (Score: +3.0999999999999996đ) tại $0.0501 
2026-07-25 07:06:17: [PP369] [AutoTrade] TRUST LONG có Score = 3.0999999999999996đ < 5.5đ — bỏ qua 
2026-07-25 07:06:47: [PP369] [AutoTrade] TRUST → LONG (Score: +3.0999999999999996đ) tại $0.0501 
2026-07-25 07:06:47: [PP369] [AutoTrade] TRUST LONG có Score = 3.0999999999999996đ < 5.5đ — bỏ qua 
2026-07-25 07:07:17: [PP369] [AutoTrade] TRUST → LONG (Score: +3.0999999999999996đ) tại $0.0501 
2026-07-25 07:07:17: [PP369] [AutoTrade] TRUST LONG có Score = 3.0999999999999996đ < 5.5đ — bỏ qua 
2026-07-25 07:07:47: [PP369] [AutoTrade] TRUST → LONG (Score: +3.0999999999999996đ) tại $0.0501 
2026-07-25 07:07:47: [PP369] [AutoTrade] TRUST LONG có Score = 3.0999999999999996đ < 5.5đ — bỏ qua 
2026-07-25 07:08:17: [PP369] [AutoTrade] TRUST → LONG (Score: +3.0999999999999996đ) tại $0.0501 
2026-07-25 07:08:17: [PP369] [AutoTrade] TRUST LONG có Score = 3.0999999999999996đ < 5.5đ — bỏ qua 
2026-07-25 07:18:24: [PP369] [Binance] Đã đồng bộ giờ: offset = 124371ms (Giờ server: 2026-07-25T00:20:29.075Z) 
2026-07-25 07:24:19: [PP369] [AutoTrade] KAITO → SHORT (Score: +2.6đ) tại $0.9862 
2026-07-25 07:24:19: [PP369] [AutoTrade] KAITO SHORT không đạt Tiêu chí 2 (Biến động H1/M15 an toàn) — bỏ qua 
2026-07-25 07:42:48: [PP369] [AutoTrade] BLESS → SHORT (Score: +4.1đ) tại $0.00767 
2026-07-25 07:42:48: [PP369] [AutoTrade] BLESS SHORT không đạt Tiêu chí 2 (Biến động H1/M15 an toàn) — bỏ qua 
2026-07-25 07:48:24: [PP369] [Binance] Đã đồng bộ giờ: offset = 124546ms (Giờ server: 2026-07-25T00:50:29.313Z) 
2026-07-25 07:48:27: [PP369] [AutoTrade] [CoinRefresh] Tái kiểm tra danh sách: 453 → 451 coin hợp lệ theo giá hiện tại. 
2026-07-25 07:51:49: [PP369] [AutoTrade] RESOLV → LONG (Score: +4.1đ) tại $0.01837 
2026-07-25 07:51:49: [PP369] [AutoTrade] RESOLV LONG có Score = 4.1đ < 5.5đ — bỏ qua 
2026-07-25 07:53:17: [PP369] [AutoTrade] RESOLV → LONG (Score: +4.1đ) tại $0.01837 
2026-07-25 07:53:17: [PP369] [AutoTrade] RESOLV LONG có Score = 4.1đ < 5.5đ — bỏ qua 
2026-07-25 07:53:47: [PP369] [AutoTrade] RESOLV → LONG (Score: +4.1đ) tại $0.01837 
2026-07-25 07:53:47: [PP369] [AutoTrade] RESOLV LONG có Score = 4.1đ < 5.5đ — bỏ qua 
2026-07-25 08:00:49: [PP369] [AutoTrade] EPIC → SHORT (Score: +3.6đ) tại $0.7077 
2026-07-25 08:00:49: [PP369] [AutoTrade] EPIC SHORT có Score = 3.6đ < 5.5đ — bỏ qua 
2026-07-25 08:02:17: [PP369] [AutoTrade] EPIC → SHORT (Score: +3.4000000000000004đ) tại $0.7077 
2026-07-25 08:02:17: [PP369] [AutoTrade] EPIC SHORT có Score = 3.4000000000000004đ < 5.5đ — bỏ qua 
2026-07-25 08:02:47: [PP369] [AutoTrade] EPIC → SHORT (Score: +3.4000000000000004đ) tại $0.7077 
2026-07-25 08:02:47: [PP369] [AutoTrade] EPIC SHORT có Score = 3.4000000000000004đ < 5.5đ — bỏ qua 
2026-07-25 08:03:17: [PP369] [AutoTrade] EPIC → SHORT (Score: +3.4000000000000004đ) tại $0.7077 
2026-07-25 08:03:17: [PP369] [AutoTrade] EPIC SHORT có Score = 3.4000000000000004đ < 5.5đ — bỏ qua 
2026-07-25 08:03:47: [PP369] [AutoTrade] EPIC → SHORT (Score: +3.4000000000000004đ) tại $0.7077 
2026-07-25 08:03:47: [PP369] [AutoTrade] EPIC SHORT có Score = 3.4000000000000004đ < 5.5đ — bỏ qua 
2026-07-25 08:06:18: [PP369] [AutoTrade] HOLO → LONG (Score: +5.8đ) tại $0.06569 
2026-07-25 08:06:18: [PP369] [AutoTrade] Set leverage HOLOUSDT = 15x (Lưới: 3.26% → tính được 15x, giới hạn: 50x | Ký quỹ mục tiêu: $20) 
2026-07-25 08:06:19: [PP369] [AutoTrade] ✓ HOLO BUY 4566 @ $0.06569 orderId=832961790 status=NEW 
2026-07-25 08:08:04: [PP369] [AutoTrade] ✓ Đặt TP HOLO @ $0.0661300 (đối ứng SELL) orderId=1000002472385115 
2026-07-25 08:08:04: [PP369] [AutoTrade] ✓ Đặt SL HOLO @ $0.0652500 (đối ứng SELL) orderId=1000002472385118 
2026-07-25 08:11:49: [PP369] [AutoTrade] KAITO → LONG (Score: +2đ) tại $0.9563 
2026-07-25 08:11:49: [PP369] [AutoTrade] KAITO LONG không đạt Tiêu chí 2 (Biến động H1/M15 an toàn) — bỏ qua 
2026-07-25 08:12:17: [PP369] [AutoTrade] KAITO → LONG (Score: +2đ) tại $0.9563 
2026-07-25 08:12:17: [PP369] [AutoTrade] KAITO LONG không đạt Tiêu chí 2 (Biến động H1/M15 an toàn) — bỏ qua 
2026-07-25 08:12:47: [PP369] [AutoTrade] KAITO → LONG (Score: +2đ) tại $0.9563 
2026-07-25 08:12:47: [PP369] [AutoTrade] KAITO LONG không đạt Tiêu chí 2 (Biến động H1/M15 an toàn) — bỏ qua 
2026-07-25 08:13:17: [PP369] [AutoTrade] KAITO → LONG (Score: +2đ) tại $0.9563 
2026-07-25 08:13:17: [PP369] [AutoTrade] KAITO LONG không đạt Tiêu chí 2 (Biến động H1/M15 an toàn) — bỏ qua 
2026-07-25 08:14:47: [PP369] [AutoTrade] KAITO → LONG (Score: +2.3đ) tại $0.9563 
2026-07-25 08:14:47: [PP369] [AutoTrade] KAITO LONG không đạt Tiêu chí 2 (Biến động H1/M15 an toàn) — bỏ qua 
2026-07-25 08:15:17: [PP369] [AutoTrade] KAITO → LONG (Score: +2.5đ) tại $0.9563 
2026-07-25 08:15:17: [PP369] [AutoTrade] KAITO LONG không đạt Tiêu chí 2 (Biến động H1/M15 an toàn) — bỏ qua 
2026-07-25 08:18:24: [PP369] [Binance] Đã đồng bộ giờ: offset = 124721ms (Giờ server: 2026-07-25T01:20:29.429Z) 
2026-07-25 08:30:18: [PP369] [AutoTrade] RESOLV → LONG (Score: +4.6đ) tại $0.01837 
2026-07-25 08:30:18: [PP369] [AutoTrade] RESOLV LONG có Score = 4.6đ < 5.5đ — bỏ qua 
2026-07-25 08:30:47: [PP369] [AutoTrade] RESOLV → LONG (Score: +4.6đ) tại $0.01837 
2026-07-25 08:30:47: [PP369] [AutoTrade] RESOLV LONG có Score = 4.6đ < 5.5đ — bỏ qua 
2026-07-25 08:48:24: [PP369] [Binance] Đã đồng bộ giờ: offset = 124897ms (Giờ server: 2026-07-25T01:50:29.604Z) 
2026-07-25 08:50:18: [PP369] [AutoTrade] XMR → SHORT (Score: +6.199999999999999đ) tại $368.39 
2026-07-25 08:50:19: [PP369] [AutoTrade] Set leverage XMRUSDT = 7x (Lưới: 7.02% → tính được 7x, giới hạn: 75x | Ký quỹ mục tiêu: $20) 
2026-07-25 08:50:19: [PP369] [AutoTrade] ✓ XMR SELL 0.38 @ $368.39 orderId=15165056487 status=NEW 
2026-07-25 08:55:47: [PP369] [AutoTrade] Lệnh LIMIT của XMR đã treo quá 3 phút (3.4 phút) -> Tiến hành hủy... 
2026-07-25 08:55:47: [PP369] [AutoTrade] ✓ Đã hủy thành công lệnh LIMIT treo của XMR 
2026-07-25 08:55:47: [PP369] [AutoTrade] XMR → SHORT (Score: +6.199999999999999đ) tại $368.39 
2026-07-25 08:55:48: [PP369] [AutoTrade] Set leverage XMRUSDT = 7x (Lưới: 7.02% → tính được 7x, giới hạn: 75x | Ký quỹ mục tiêu: $20) 
2026-07-25 08:55:48: [PP369] [AutoTrade] ✓ XMR SELL 0.38 @ $368.39 orderId=15165071011 status=NEW 
2026-07-25 09:01:17: [PP369] [AutoTrade] Lệnh LIMIT của XMR đã treo quá 3 phút (3.4 phút) -> Tiến hành hủy... 
2026-07-25 09:01:17: [PP369] [AutoTrade] ✓ Đã hủy thành công lệnh LIMIT treo của XMR 
2026-07-25 09:01:19: [PP369] [AutoTrade] XMR → SHORT (Score: +6.199999999999999đ) tại $368.39 
2026-07-25 09:01:19: [PP369] [AutoTrade] Set leverage XMRUSDT = 7x (Lưới: 7.02% → tính được 7x, giới hạn: 75x | Ký quỹ mục tiêu: $20) 
2026-07-25 09:01:19: [PP369] [AutoTrade] ✓ XMR SELL 0.38 @ $368.39 orderId=15165081907 status=NEW 
2026-07-25 09:06:47: [PP369] [AutoTrade] Lệnh LIMIT của XMR đã treo quá 3 phút (3.4 phút) -> Tiến hành hủy... 
2026-07-25 09:06:47: [PP369] [AutoTrade] ✓ Đã hủy thành công lệnh LIMIT treo của XMR 
2026-07-25 09:06:47: [PP369] [AutoTrade] XMR → SHORT (Score: +6.199999999999999đ) tại $368.39 
2026-07-25 09:06:48: [PP369] [AutoTrade] Set leverage XMRUSDT = 7x (Lưới: 7.02% → tính được 7x, giới hạn: 75x | Ký quỹ mục tiêu: $20) 
2026-07-25 09:06:48: [PP369] [AutoTrade] ✓ XMR SELL 0.38 @ $368.39 orderId=15165090556 status=NEW 
2026-07-25 09:12:17: [PP369] [AutoTrade] Lệnh LIMIT của XMR đã treo quá 3 phút (3.4 phút) -> Tiến hành hủy... 
2026-07-25 09:12:17: [PP369] [AutoTrade] ✓ Đã hủy thành công lệnh LIMIT treo của XMR 
2026-07-25 09:12:18: [PP369] [AutoTrade] XMR → SHORT (Score: +6.199999999999999đ) tại $368.39 
2026-07-25 09:12:18: [PP369] [AutoTrade] Set leverage XMRUSDT = 7x (Lưới: 7.02% → tính được 7x, giới hạn: 75x | Ký quỹ mục tiêu: $20) 
2026-07-25 09:12:18: [PP369] [AutoTrade] ✓ XMR SELL 0.38 @ $368.39 orderId=15165100416 status=NEW 
2026-07-25 09:16:19: [PP369] [AutoTrade] PYTH → LONG (Score: +4.6đ) tại $0.04379 
2026-07-25 09:16:19: [PP369] [AutoTrade] PYTH LONG có Score = 4.6đ < 5.5đ — bỏ qua 
2026-07-25 09:16:47: [PP369] [AutoTrade] PYTH → LONG (Score: +4.6đ) tại $0.04379 
2026-07-25 09:16:47: [PP369] [AutoTrade] PYTH LONG có Score = 4.6đ < 5.5đ — bỏ qua 
2026-07-25 09:17:47: [PP369] [AutoTrade] Lệnh LIMIT của XMR đã treo quá 3 phút (3.4 phút) -> Tiến hành hủy... 
2026-07-25 09:17:47: [PP369] [AutoTrade] ✓ Đã hủy thành công lệnh LIMIT treo của XMR 
2026-07-25 09:17:48: [PP369] [AutoTrade] XMR → SHORT (Score: +6.199999999999999đ) tại $368.39 
2026-07-25 09:17:48: [PP369] [AutoTrade] Set leverage XMRUSDT = 7x (Lưới: 7.02% → tính được 7x, giới hạn: 75x | Ký quỹ mục tiêu: $20) 
2026-07-25 09:17:48: [PP369] [AutoTrade] ✓ XMR SELL 0.38 @ $368.39 orderId=15165109068 status=NEW 
2026-07-25 09:17:48: [PP369] [AutoTrade] PYTH → LONG (Score: +4.6đ) tại $0.04379 
2026-07-25 09:17:48: [PP369] [AutoTrade] PYTH LONG có Score = 4.6đ < 5.5đ — bỏ qua 
2026-07-25 09:18:18: [PP369] [AutoTrade] PYTH → LONG (Score: +4.6đ) tại $0.04379 
2026-07-25 09:18:18: [PP369] [AutoTrade] PYTH LONG có Score = 4.6đ < 5.5đ — bỏ qua 
2026-07-25 09:18:19: [PP369] [AutoTrade] KAITO → LONG (Score: +2.6đ) tại $0.9263 
2026-07-25 09:18:19: [PP369] [AutoTrade] KAITO LONG không đạt Tiêu chí 2 (Biến động H1/M15 an toàn) — bỏ qua 
2026-07-25 09:18:24: [PP369] [Binance] Đã đồng bộ giờ: offset = 125072ms (Giờ server: 2026-07-25T02:20:29.778Z) 
2026-07-25 09:18:48: [PP369] [AutoTrade] KAITO → LONG (Score: +2.6đ) tại $0.9263 
2026-07-25 09:18:48: [PP369] [AutoTrade] KAITO LONG không đạt Tiêu chí 2 (Biến động H1/M15 an toàn) — bỏ qua 
2026-07-25 09:23:17: [PP369] [AutoTrade] Lệnh LIMIT của XMR đã treo quá 3 phút (3.4 phút) -> Tiến hành hủy... 
2026-07-25 09:23:17: [PP369] [AutoTrade] ✓ Đã hủy thành công lệnh LIMIT treo của XMR 
2026-07-25 09:37:48: [PP369] [AutoTrade] XMR → SHORT (Score: +5.7đ) tại $368.39 
2026-07-25 09:37:49: [PP369] [AutoTrade] Set leverage XMRUSDT = 7x (Lưới: 7.02% → tính được 7x, giới hạn: 75x | Ký quỹ mục tiêu: $20) 
2026-07-25 09:37:49: [PP369] [AutoTrade] ✓ XMR SELL 0.38 @ $368.39 orderId=15165138841 status=NEW 
2026-07-25 09:43:17: [PP369] [AutoTrade] Lệnh LIMIT của XMR đã treo quá 3 phút (3.4 phút) -> Tiến hành hủy... 
2026-07-25 09:43:17: [PP369] [AutoTrade] ✓ Đã hủy thành công lệnh LIMIT treo của XMR 
2026-07-25 09:43:18: [PP369] [AutoTrade] XMR → SHORT (Score: +5.7đ) tại $368.39 
2026-07-25 09:43:18: [PP369] [AutoTrade] Set leverage XMRUSDT = 7x (Lưới: 7.02% → tính được 7x, giới hạn: 75x | Ký quỹ mục tiêu: $20) 
2026-07-25 09:43:18: [PP369] [AutoTrade] ✓ XMR SELL 0.38 @ $368.39 orderId=15165150221 status=NEW 
2026-07-25 09:47:14: [PP369] [AutoTrade] ✓ Đặt TP XMR @ $363.13 (đối ứng BUY) orderId=1000002472463512 
2026-07-25 09:47:14: [PP369] [AutoTrade] ✓ Đặt SL XMR @ $373.65 (đối ứng BUY) orderId=1000002472463515 
2026-07-25 09:48:24: [PP369] [Binance] Đã đồng bộ giờ: offset = 125246ms (Giờ server: 2026-07-25T02:50:29.955Z) 
2026-07-25 10:18:24: [PP369] [Binance] Đã đồng bộ giờ: offset = 125422ms (Giờ server: 2026-07-25T03:20:30.129Z) 
2026-07-25 10:39:19: [PP369] [AutoTrade] HOLO → SHORT (Score: +5đ) tại $0.06783 
2026-07-25 10:39:19: [PP369] [AutoTrade] HOLO SHORT có Score = 5đ < 5.5đ — bỏ qua 
2026-07-25 10:39:48: [PP369] [AutoTrade] HOLO → SHORT (Score: +5đ) tại $0.06783 
2026-07-25 10:39:48: [PP369] [AutoTrade] HOLO SHORT có Score = 5đ < 5.5đ — bỏ qua 
2026-07-25 10:40:17: [PP369] [AutoTrade] HOLO → SHORT (Score: +5đ) tại $0.06783 
2026-07-25 10:40:17: [PP369] [AutoTrade] HOLO SHORT có Score = 5đ < 5.5đ — bỏ qua 
2026-07-25 10:40:48: [PP369] [AutoTrade] HOLO → SHORT (Score: +5đ) tại $0.06783 
2026-07-25 10:40:48: [PP369] [AutoTrade] HOLO SHORT có Score = 5đ < 5.5đ — bỏ qua 
2026-07-25 10:41:17: [PP369] [AutoTrade] HOLO → SHORT (Score: +5đ) tại $0.06783 
2026-07-25 10:41:17: [PP369] [AutoTrade] HOLO SHORT có Score = 5đ < 5.5đ — bỏ qua 
2026-07-25 10:48:24: [PP369] [Binance] Đã đồng bộ giờ: offset = 125411ms (Giờ server: 2026-07-25T03:50:30.303Z) 
2026-07-25 10:54:17: [PP369] [AutoTrade] HOLO → SHORT (Score: +5đ) tại $0.06783 
2026-07-25 10:54:17: [PP369] [AutoTrade] HOLO SHORT có Score = 5đ < 5.5đ — bỏ qua 
2026-07-25 10:54:47: [PP369] [AutoTrade] HOLO → SHORT (Score: +5đ) tại $0.06783 
2026-07-25 10:54:47: [PP369] [AutoTrade] HOLO SHORT có Score = 5đ < 5.5đ — bỏ qua 
2026-07-25 10:55:17: [PP369] [AutoTrade] HOLO → SHORT (Score: +5đ) tại $0.06783 
2026-07-25 10:55:17: [PP369] [AutoTrade] HOLO SHORT có Score = 5đ < 5.5đ — bỏ qua 
2026-07-25 10:55:47: [PP369] [AutoTrade] HOLO → SHORT (Score: +5đ) tại $0.06783 
2026-07-25 10:55:47: [PP369] [AutoTrade] HOLO SHORT có Score = 5đ < 5.5đ — bỏ qua 
2026-07-25 10:56:17: [PP369] [AutoTrade] HOLO → SHORT (Score: +5đ) tại $0.06783 
2026-07-25 10:56:17: [PP369] [AutoTrade] HOLO SHORT có Score = 5đ < 5.5đ — bỏ qua 
2026-07-25 10:56:47: [PP369] [AutoTrade] HOLO → SHORT (Score: +5đ) tại $0.06783 
2026-07-25 10:56:47: [PP369] [AutoTrade] HOLO SHORT có Score = 5đ < 5.5đ — bỏ qua 
2026-07-25 10:57:17: [PP369] [AutoTrade] HOLO → SHORT (Score: +5đ) tại $0.06783 
2026-07-25 10:57:17: [PP369] [AutoTrade] HOLO SHORT có Score = 5đ < 5.5đ — bỏ qua 
2026-07-25 10:57:47: [PP369] [AutoTrade] HOLO → SHORT (Score: +5đ) tại $0.06783 
2026-07-25 10:57:47: [PP369] [AutoTrade] HOLO SHORT có Score = 5đ < 5.5đ — bỏ qua 
2026-07-25 10:58:18: [PP369] [AutoTrade] HOLO → SHORT (Score: +5đ) tại $0.06783 
2026-07-25 10:58:18: [PP369] [AutoTrade] HOLO SHORT có Score = 5đ < 5.5đ — bỏ qua 
2026-07-25 10:58:47: [PP369] [AutoTrade] HOLO → SHORT (Score: +5đ) tại $0.06783 
2026-07-25 10:58:47: [PP369] [AutoTrade] HOLO SHORT có Score = 5đ < 5.5đ — bỏ qua 
2026-07-25 11:18:24: [PP369] [Binance] Đã đồng bộ giờ: offset = 125772ms (Giờ server: 2026-07-25T04:20:30.480Z) 
2026-07-25 11:19:49: [PP369] [AutoTrade] 1000XEC → LONG (Score: +4.6đ) tại $0.00693 
2026-07-25 11:19:49: [PP369] [AutoTrade] 1000XEC LONG có Score = 4.6đ < 5.5đ — bỏ qua 
2026-07-25 11:20:47: [PP369] [AutoTrade] 1000XEC → LONG (Score: +4.6đ) tại $0.00693 
2026-07-25 11:20:47: [PP369] [AutoTrade] 1000XEC LONG có Score = 4.6đ < 5.5đ — bỏ qua 
2026-07-25 11:21:18: [PP369] [AutoTrade] 1000XEC → LONG (Score: +4.6đ) tại $0.00693 
2026-07-25 11:21:18: [PP369] [AutoTrade] 1000XEC LONG có Score = 4.6đ < 5.5đ — bỏ qua 
2026-07-25 11:21:47: [PP369] [AutoTrade] 1000XEC → LONG (Score: +4.6đ) tại $0.00693 
2026-07-25 11:21:47: [PP369] [AutoTrade] 1000XEC LONG có Score = 4.6đ < 5.5đ — bỏ qua 
2026-07-25 11:22:18: [PP369] [AutoTrade] 1000XEC → LONG (Score: +4.6đ) tại $0.00693 
2026-07-25 11:22:18: [PP369] [AutoTrade] 1000XEC LONG có Score = 4.6đ < 5.5đ — bỏ qua 
2026-07-25 11:22:48: [PP369] [AutoTrade] 1000XEC → LONG (Score: +4.6đ) tại $0.00693 
2026-07-25 11:22:48: [PP369] [AutoTrade] 1000XEC LONG có Score = 4.6đ < 5.5đ — bỏ qua 
2026-07-25 11:23:18: [PP369] [AutoTrade] 1000XEC → LONG (Score: +4.6đ) tại $0.00693 
2026-07-25 11:23:18: [PP369] [AutoTrade] 1000XEC LONG có Score = 4.6đ < 5.5đ — bỏ qua 
2026-07-25 11:24:19: [PP369] [AutoTrade] TURTLE → SHORT (Score: +6.3đ) tại $0.03821 
2026-07-25 11:24:19: [PP369] [AutoTrade] Set leverage TURTLEUSDT = 9x (Lưới: 5.29% → tính được 9x, giới hạn: 20x | Ký quỹ mục tiêu: $20) 
2026-07-25 11:24:19: [PP369] [AutoTrade] ✓ TURTLE SELL 4710 @ $0.03821 orderId=444868034 status=NEW 
2026-07-25 11:24:48: [PP369] [AutoTrade] 1000XEC → LONG (Score: +4.6đ) tại $0.00693 
2026-07-25 11:24:48: [PP369] [AutoTrade] 1000XEC LONG có Score = 4.6đ < 5.5đ — bỏ qua 
2026-07-25 11:25:48: [PP369] [AutoTrade] 1000XEC → LONG (Score: +4.6đ) tại $0.00693 
2026-07-25 11:25:48: [PP369] [AutoTrade] 1000XEC LONG có Score = 4.6đ < 5.5đ — bỏ qua 
2026-07-25 11:26:18: [PP369] [AutoTrade] 1000XEC → LONG (Score: +4.6đ) tại $0.00693 
2026-07-25 11:26:18: [PP369] [AutoTrade] 1000XEC LONG có Score = 4.6đ < 5.5đ — bỏ qua 
2026-07-25 11:26:48: [PP369] [AutoTrade] 1000XEC → LONG (Score: +4.6đ) tại $0.00693 
2026-07-25 11:26:48: [PP369] [AutoTrade] 1000XEC LONG có Score = 4.6đ < 5.5đ — bỏ qua 
2026-07-25 11:27:18: [PP369] [AutoTrade] 1000XEC → LONG (Score: +4.6đ) tại $0.00693 
2026-07-25 11:27:18: [PP369] [AutoTrade] 1000XEC LONG có Score = 4.6đ < 5.5đ — bỏ qua 
2026-07-25 11:27:48: [PP369] [AutoTrade] 1000XEC → LONG (Score: +4.6đ) tại $0.00693 
2026-07-25 11:27:48: [PP369] [AutoTrade] 1000XEC LONG có Score = 4.6đ < 5.5đ — bỏ qua 
2026-07-25 11:28:18: [PP369] [AutoTrade] 1000XEC → LONG (Score: +4.6đ) tại $0.00693 
2026-07-25 11:28:18: [PP369] [AutoTrade] 1000XEC LONG có Score = 4.6đ < 5.5đ — bỏ qua 
2026-07-25 11:28:48: [PP369] [AutoTrade] 1000XEC → LONG (Score: +4.6đ) tại $0.00693 
2026-07-25 11:28:48: [PP369] [AutoTrade] 1000XEC LONG có Score = 4.6đ < 5.5đ — bỏ qua 
2026-07-25 11:29:47: [PP369] [AutoTrade] Lệnh LIMIT của TURTLE đã treo quá 3 phút (3.4 phút) -> Tiến hành hủy... 
2026-07-25 11:29:47: [PP369] [AutoTrade] ✓ Đã hủy thành công lệnh LIMIT treo của TURTLE 
2026-07-25 11:29:48: [PP369] [AutoTrade] TURTLE → SHORT (Score: +6.3đ) tại $0.03821 
2026-07-25 11:29:48: [PP369] [AutoTrade] Set leverage TURTLEUSDT = 9x (Lưới: 5.29% → tính được 9x, giới hạn: 20x | Ký quỹ mục tiêu: $20) 
2026-07-25 11:29:48: [PP369] [AutoTrade] ✓ TURTLE SELL 4710 @ $0.03821 orderId=444871247 status=NEW 
2026-07-25 11:33:18: [PP369] [AutoTrade] 1000XEC → LONG (Score: +4.6đ) tại $0.00693 
2026-07-25 11:33:18: [PP369] [AutoTrade] 1000XEC LONG có Score = 4.6đ < 5.5đ — bỏ qua 
2026-07-25 11:35:17: [PP369] [AutoTrade] Lệnh LIMIT của TURTLE đã treo quá 3 phút (3.4 phút) -> Tiến hành hủy... 
2026-07-25 11:35:17: [PP369] [AutoTrade] ✓ Đã hủy thành công lệnh LIMIT treo của TURTLE 
2026-07-25 11:35:48: [PP369] [AutoTrade] 1000XEC → LONG (Score: +4.6đ) tại $0.00693 
2026-07-25 11:35:48: [PP369] [AutoTrade] 1000XEC LONG có Score = 4.6đ < 5.5đ — bỏ qua 
2026-07-25 11:37:18: [PP369] [AutoTrade] 1000XEC → LONG (Score: +4.6đ) tại $0.00693 
2026-07-25 11:37:18: [PP369] [AutoTrade] 1000XEC LONG có Score = 4.6đ < 5.5đ — bỏ qua 
2026-07-25 11:37:19: [PP369] [AutoTrade] KAITO → SHORT (Score: +4.199999999999999đ) tại $0.9862 
2026-07-25 11:37:19: [PP369] [AutoTrade] KAITO SHORT có Score = 4.199999999999999đ < 5.5đ — bỏ qua 
2026-07-25 11:43:19: [PP369] [AutoTrade] EGLD → LONG (Score: +3.4999999999999996đ) tại $2.837 
2026-07-25 11:43:19: [PP369] [AutoTrade] EGLD LONG có Score = 3.4999999999999996đ < 5.5đ — bỏ qua 
2026-07-25 11:43:48: [PP369] [AutoTrade] EGLD → LONG (Score: +3.4999999999999996đ) tại $2.837 
2026-07-25 11:43:48: [PP369] [AutoTrade] EGLD LONG có Score = 3.4999999999999996đ < 5.5đ — bỏ qua 
2026-07-25 11:44:18: [PP369] [AutoTrade] EGLD → LONG (Score: +3.4999999999999996đ) tại $2.837 
2026-07-25 11:44:18: [PP369] [AutoTrade] EGLD LONG có Score = 3.4999999999999996đ < 5.5đ — bỏ qua 
2026-07-25 11:45:18: [PP369] [AutoTrade] EGLD → LONG (Score: +3.4999999999999996đ) tại $2.837 
2026-07-25 11:45:18: [PP369] [AutoTrade] EGLD LONG có Score = 3.4999999999999996đ < 5.5đ — bỏ qua 
2026-07-25 11:45:48: [PP369] [AutoTrade] EGLD → LONG (Score: +3.4999999999999996đ) tại $2.837 
2026-07-25 11:45:48: [PP369] [AutoTrade] EGLD LONG có Score = 3.4999999999999996đ < 5.5đ — bỏ qua 
2026-07-25 11:46:18: [PP369] [AutoTrade] EGLD → LONG (Score: +3.4999999999999996đ) tại $2.837 
2026-07-25 11:46:18: [PP369] [AutoTrade] EGLD LONG có Score = 3.4999999999999996đ < 5.5đ — bỏ qua 
2026-07-25 11:46:48: [PP369] [AutoTrade] EGLD → LONG (Score: +3.4999999999999996đ) tại $2.837 
2026-07-25 11:46:48: [PP369] [AutoTrade] EGLD LONG có Score = 3.4999999999999996đ < 5.5đ — bỏ qua 
2026-07-25 11:48:24: [PP369] [Binance] Đã đồng bộ giờ: offset = 125948ms (Giờ server: 2026-07-25T04:50:30.657Z) 
2026-07-25 11:48:27: [PP369] [AutoTrade] [CoinRefresh] Tái kiểm tra danh sách: 451 → 453 coin hợp lệ theo giá hiện tại. 
2026-07-25 11:48:48: [PP369] [AutoTrade] EGLD → LONG (Score: +3.4999999999999996đ) tại $2.837 
2026-07-25 11:48:48: [PP369] [AutoTrade] EGLD LONG có Score = 3.4999999999999996đ < 5.5đ — bỏ qua 
2026-07-25 11:48:49: [PP369] [AutoTrade] BROCCOLIF3B → LONG (Score: +4.1đ) tại $0.006062 
2026-07-25 11:48:49: [PP369] [AutoTrade] BROCCOLIF3B LONG có Score = 4.1đ < 5.5đ — bỏ qua 
2026-07-25 11:49:18: [PP369] [AutoTrade] EGLD → LONG (Score: +3.4999999999999996đ) tại $2.837 
2026-07-25 11:49:18: [PP369] [AutoTrade] EGLD LONG có Score = 3.4999999999999996đ < 5.5đ — bỏ qua 
2026-07-25 11:49:48: [PP369] [AutoTrade] EGLD → LONG (Score: +3.4999999999999996đ) tại $2.837 
2026-07-25 11:49:48: [PP369] [AutoTrade] EGLD LONG có Score = 3.4999999999999996đ < 5.5đ — bỏ qua 
2026-07-25 11:49:48: [PP369] [AutoTrade] 1000XEC → LONG (Score: +4.6đ) tại $0.00693 
2026-07-25 11:49:48: [PP369] [AutoTrade] 1000XEC LONG có Score = 4.6đ < 5.5đ — bỏ qua 
2026-07-25 11:50:18: [PP369] [AutoTrade] EGLD → LONG (Score: +3.4999999999999996đ) tại $2.837 
2026-07-25 11:50:18: [PP369] [AutoTrade] EGLD LONG có Score = 3.4999999999999996đ < 5.5đ — bỏ qua 
2026-07-25 11:50:18: [PP369] [AutoTrade] 1000XEC → LONG (Score: +4.6đ) tại $0.00693 
2026-07-25 11:50:18: [PP369] [AutoTrade] 1000XEC LONG có Score = 4.6đ < 5.5đ — bỏ qua 
2026-07-25 11:50:48: [PP369] [AutoTrade] EGLD → LONG (Score: +3.4999999999999996đ) tại $2.837 
2026-07-25 11:50:48: [PP369] [AutoTrade] EGLD LONG có Score = 3.4999999999999996đ < 5.5đ — bỏ qua 
2026-07-25 11:51:18: [PP369] [AutoTrade] EGLD → LONG (Score: +3.4999999999999996đ) tại $2.837 
2026-07-25 11:51:18: [PP369] [AutoTrade] EGLD LONG có Score = 3.4999999999999996đ < 5.5đ — bỏ qua 
2026-07-25 11:51:48: [PP369] [AutoTrade] EGLD → LONG (Score: +3.4999999999999996đ) tại $2.837 
2026-07-25 11:51:48: [PP369] [AutoTrade] EGLD LONG có Score = 3.4999999999999996đ < 5.5đ — bỏ qua 
2026-07-25 11:52:18: [PP369] [AutoTrade] EGLD → LONG (Score: +3.4999999999999996đ) tại $2.837 
2026-07-25 11:52:18: [PP369] [AutoTrade] EGLD LONG có Score = 3.4999999999999996đ < 5.5đ — bỏ qua 
2026-07-25 11:52:48: [PP369] [AutoTrade] EGLD → LONG (Score: +3.4999999999999996đ) tại $2.837 
2026-07-25 11:52:48: [PP369] [AutoTrade] EGLD LONG có Score = 3.4999999999999996đ < 5.5đ — bỏ qua 
2026-07-25 11:53:18: [PP369] [AutoTrade] EGLD → LONG (Score: +3.4999999999999996đ) tại $2.837 
2026-07-25 11:53:18: [PP369] [AutoTrade] EGLD LONG có Score = 3.4999999999999996đ < 5.5đ — bỏ qua 
2026-07-25 11:53:48: [PP369] [AutoTrade] EGLD → LONG (Score: +3.4999999999999996đ) tại $2.837 
2026-07-25 11:53:48: [PP369] [AutoTrade] EGLD LONG có Score = 3.4999999999999996đ < 5.5đ — bỏ qua 
2026-07-25 11:54:18: [PP369] [AutoTrade] EGLD → LONG (Score: +3.4999999999999996đ) tại $2.837 
2026-07-25 11:54:18: [PP369] [AutoTrade] EGLD LONG có Score = 3.4999999999999996đ < 5.5đ — bỏ qua 
2026-07-25 11:54:48: [PP369] [AutoTrade] EGLD → LONG (Score: +3.4999999999999996đ) tại $2.837 
2026-07-25 11:54:48: [PP369] [AutoTrade] EGLD LONG có Score = 3.4999999999999996đ < 5.5đ — bỏ qua 
2026-07-25 11:55:18: [PP369] [AutoTrade] EGLD → LONG (Score: +3.4999999999999996đ) tại $2.837 
2026-07-25 11:55:18: [PP369] [AutoTrade] EGLD LONG có Score = 3.4999999999999996đ < 5.5đ — bỏ qua 
2026-07-25 11:55:48: [PP369] [AutoTrade] EGLD → LONG (Score: +3.4999999999999996đ) tại $2.837 
2026-07-25 11:55:48: [PP369] [AutoTrade] EGLD LONG có Score = 3.4999999999999996đ < 5.5đ — bỏ qua 
2026-07-25 11:56:18: [PP369] [AutoTrade] EGLD → LONG (Score: +3.4999999999999996đ) tại $2.837 
2026-07-25 11:56:18: [PP369] [AutoTrade] EGLD LONG có Score = 3.4999999999999996đ < 5.5đ — bỏ qua 
2026-07-25 11:56:48: [PP369] [AutoTrade] EGLD → LONG (Score: +3.4999999999999996đ) tại $2.837 
2026-07-25 11:56:48: [PP369] [AutoTrade] EGLD LONG có Score = 3.4999999999999996đ < 5.5đ — bỏ qua 
2026-07-25 12:08:49: [PP369] [AutoTrade] B2 → SHORT (Score: +3.8đ) tại $0.4572 
2026-07-25 12:08:49: [PP369] [AutoTrade] B2 SHORT có Score = 3.8đ < 5.5đ — bỏ qua 
2026-07-25 12:18:24: [PP369] [Binance] Đã đồng bộ giờ: offset = 126123ms (Giờ server: 2026-07-25T05:20:30.831Z) 
2026-07-25 12:48:24: [PP369] [Binance] Đã đồng bộ giờ: offset = 126298ms (Giờ server: 2026-07-25T05:50:31.007Z) 
2026-07-25 12:53:49: [PP369] [AutoTrade] XNY → LONG (Score: +2.6đ) tại $0.007702 
2026-07-25 12:53:49: [PP369] [AutoTrade] XNY LONG không đạt Tiêu chí 2 (Biến động H1/M15 an toàn) — bỏ qua 
2026-07-25 13:13:19: [PP369] [AutoTrade] EPIC → SHORT (Score: +3.3đ) tại $0.7377 
2026-07-25 13:13:19: [PP369] [AutoTrade] EPIC SHORT không đạt Tiêu chí 2 (Biến động H1/M15 an toàn) — bỏ qua 
2026-07-25 13:13:48: [PP369] [AutoTrade] EPIC → SHORT (Score: +3.3đ) tại $0.7377 
2026-07-25 13:13:48: [PP369] [AutoTrade] EPIC SHORT không đạt Tiêu chí 2 (Biến động H1/M15 an toàn) — bỏ qua 
2026-07-25 13:14:18: [PP369] [AutoTrade] EPIC → SHORT (Score: +3.3đ) tại $0.7377 
2026-07-25 13:14:18: [PP369] [AutoTrade] EPIC SHORT không đạt Tiêu chí 2 (Biến động H1/M15 an toàn) — bỏ qua 
2026-07-25 13:14:48: [PP369] [AutoTrade] EPIC → SHORT (Score: +3.3đ) tại $0.7377 
2026-07-25 13:14:48: [PP369] [AutoTrade] EPIC SHORT không đạt Tiêu chí 2 (Biến động H1/M15 an toàn) — bỏ qua 
2026-07-25 13:15:19: [PP369] [AutoTrade] CATI → LONG (Score: +5.6đ) tại $0.03793 
2026-07-25 13:15:19: [PP369] [AutoTrade] Set leverage CATIUSDT = 9x (Lưới: 5.33% → tính được 9x, giới hạn: 50x | Ký quỹ mục tiêu: $20) 
2026-07-25 13:15:19: [PP369] [AutoTrade] ✓ CATI BUY 4745 @ $0.03793 orderId=1945777679 status=NEW 
2026-07-25 13:17:11: [PP369] [AutoTrade] ✓ Đặt TP CATI @ $0.0383500 (đối ứng SELL) orderId=1000002472650834 
2026-07-25 13:17:11: [PP369] [AutoTrade] ✓ Đặt SL CATI @ $0.0375100 (đối ứng SELL) orderId=1000002472650836 
2026-07-25 13:18:24: [PP369] [Binance] Đã đồng bộ giờ: offset = 126470ms (Giờ server: 2026-07-25T06:20:31.187Z) 
2026-07-25 13:31:19: [PP369] [AutoTrade] PYTH → LONG (Score: +4.1đ) tại $0.04379 
2026-07-25 13:31:19: [PP369] [AutoTrade] PYTH LONG có Score = 4.1đ < 5.5đ — bỏ qua 
2026-07-25 13:31:48: [PP369] [AutoTrade] PYTH → LONG (Score: +4.1đ) tại $0.04379 
2026-07-25 13:31:48: [PP369] [AutoTrade] PYTH LONG có Score = 4.1đ < 5.5đ — bỏ qua 
2026-07-25 13:32:18: [PP369] [AutoTrade] PYTH → LONG (Score: +4.1đ) tại $0.04379 
2026-07-25 13:32:18: [PP369] [AutoTrade] PYTH LONG có Score = 4.1đ < 5.5đ — bỏ qua 
2026-07-25 13:40:18: [PP369] [AutoTrade] PYTH → LONG (Score: +4.1đ) tại $0.04379 
2026-07-25 13:40:18: [PP369] [AutoTrade] PYTH LONG có Score = 4.1đ < 5.5đ — bỏ qua 
2026-07-25 13:40:48: [PP369] [AutoTrade] PYTH → LONG (Score: +4.1đ) tại $0.04379 
2026-07-25 13:40:48: [PP369] [AutoTrade] PYTH LONG có Score = 4.1đ < 5.5đ — bỏ qua 
2026-07-25 13:41:18: [PP369] [AutoTrade] PYTH → LONG (Score: +4.1đ) tại $0.04379 
2026-07-25 13:41:18: [PP369] [AutoTrade] PYTH LONG có Score = 4.1đ < 5.5đ — bỏ qua 
2026-07-25 13:48:24: [PP369] [Binance] Đã đồng bộ giờ: offset = 126647ms (Giờ server: 2026-07-25T06:50:31.360Z) 
2026-07-25 14:18:24: [PP369] [Binance] Đã đồng bộ giờ: offset = 126823ms (Giờ server: 2026-07-25T07:20:31.538Z) 
2026-07-25 14:26:20: [PP369] [AutoTrade] LUMIA → SHORT (Score: +3.4000000000000004đ) tại $0.0723 
2026-07-25 14:26:20: [PP369] [AutoTrade] LUMIA SHORT có Score = 3.4000000000000004đ < 5.5đ — bỏ qua 
2026-07-25 14:48:24: [PP369] [Binance] Đã đồng bộ giờ: offset = 126999ms (Giờ server: 2026-07-25T07:50:31.710Z) 
2026-07-25 14:56:49: [PP369] [AutoTrade] PLAY → LONG (Score: +3.1999999999999997đ) tại $0.03704 
2026-07-25 14:56:49: [PP369] [AutoTrade] PLAY LONG có Score = 3.1999999999999997đ < 5.5đ — bỏ qua 
2026-07-25 14:58:49: [PP369] [AutoTrade] PYTH → LONG (Score: +4.1đ) tại $0.04379 
2026-07-25 14:58:49: [PP369] [AutoTrade] PYTH LONG có Score = 4.1đ < 5.5đ — bỏ qua 
2026-07-25 14:59:18: [PP369] [AutoTrade] PYTH → LONG (Score: +4.1đ) tại $0.04379 
2026-07-25 14:59:18: [PP369] [AutoTrade] PYTH LONG có Score = 4.1đ < 5.5đ — bỏ qua 
2026-07-25 14:59:48: [PP369] [AutoTrade] PYTH → LONG (Score: +4.1đ) tại $0.04379 
2026-07-25 14:59:48: [PP369] [AutoTrade] PYTH LONG có Score = 4.1đ < 5.5đ — bỏ qua 
2026-07-25 15:18:24: [PP369] [Binance] Đã đồng bộ giờ: offset = 127172ms (Giờ server: 2026-07-25T08:20:31.884Z) 
2026-07-25 15:21:20: [PP369] [AutoTrade] BLESS → LONG (Score: +2.6đ) tại $0.00772 
2026-07-25 15:21:20: [PP369] [AutoTrade] BLESS LONG có Score = 2.6đ < 5.5đ — bỏ qua 
2026-07-25 15:32:48: [PP369] [AutoTrade] LUMIA → LONG (Score: +3.5đ) tại $0.0725 
2026-07-25 15:32:48: [PP369] [AutoTrade] LUMIA LONG không đạt Tiêu chí 2 (Biến động H1/M15 an toàn) — bỏ qua 
2026-07-25 15:32:50: [PP369] [AutoTrade] XNY → LONG (Score: +2đ) tại $0.007102 
2026-07-25 15:32:50: [PP369] [AutoTrade] XNY LONG không đạt Tiêu chí 2 (Biến động H1/M15 an toàn) — bỏ qua 
2026-07-25 15:33:48: [PP369] [AutoTrade] XNY → LONG (Score: +2.3đ) tại $0.007102 
2026-07-25 15:33:48: [PP369] [AutoTrade] XNY LONG không đạt Tiêu chí 2 (Biến động H1/M15 an toàn) — bỏ qua 
2026-07-25 15:34:18: [PP369] [AutoTrade] XNY → LONG (Score: +2đ) tại $0.007102 
2026-07-25 15:34:18: [PP369] [AutoTrade] XNY LONG không đạt Tiêu chí 2 (Biến động H1/M15 an toàn) — bỏ qua 
2026-07-25 15:35:49: [PP369] [AutoTrade] TNSR → LONG (Score: +3.2đ) tại $0.03348 
2026-07-25 15:35:49: [PP369] [AutoTrade] TNSR LONG có Score = 3.2đ < 5.5đ — bỏ qua 
2026-07-25 15:45:48: [PP369] [AutoTrade] BLESS → LONG (Score: +2.6đ) tại $0.00772 
2026-07-25 15:45:48: [PP369] [AutoTrade] BLESS LONG có Score = 2.6đ < 5.5đ — bỏ qua 
2026-07-25 15:48:24: [PP369] [Binance] Đã đồng bộ giờ: offset = 127348ms (Giờ server: 2026-07-25T08:50:32.064Z) 
2026-07-25 15:48:27: [PP369] [AutoTrade] [CoinRefresh] Tái kiểm tra danh sách: 453 → 452 coin hợp lệ theo giá hiện tại. 
2026-07-25 15:50:49: [PP369] [AutoTrade] C → LONG (Score: +3.8đ) tại $0.05923 
2026-07-25 15:50:49: [PP369] [AutoTrade] C LONG có Score = 3.8đ < 5.5đ — bỏ qua 
2026-07-25 15:53:20: [PP369] [AutoTrade] GIGGLE → LONG (Score: +4.6đ) tại $25.11 
2026-07-25 15:53:20: [PP369] [AutoTrade] GIGGLE LONG có Score = 4.6đ < 5.5đ — bỏ qua 
2026-07-25 15:53:48: [PP369] [AutoTrade] GIGGLE → LONG (Score: +4.6đ) tại $25.11 
2026-07-25 15:53:48: [PP369] [AutoTrade] GIGGLE LONG có Score = 4.6đ < 5.5đ — bỏ qua 
2026-07-25 15:55:18: [PP369] [AutoTrade] GIGGLE → LONG (Score: +4.6đ) tại $25.11 
2026-07-25 15:55:18: [PP369] [AutoTrade] GIGGLE LONG có Score = 4.6đ < 5.5đ — bỏ qua 
2026-07-25 15:56:48: [PP369] [AutoTrade] GIGGLE → LONG (Score: +4.6đ) tại $25.11 
2026-07-25 15:56:48: [PP369] [AutoTrade] GIGGLE LONG có Score = 4.6đ < 5.5đ — bỏ qua 
2026-07-25 16:00:20: [PP369] [AutoTrade] GIGGLE → LONG (Score: +4.8đ) tại $25.11 
2026-07-25 16:00:20: [PP369] [AutoTrade] GIGGLE LONG có Score = 4.8đ < 5.5đ — bỏ qua 
2026-07-25 16:00:48: [PP369] [AutoTrade] GIGGLE → LONG (Score: +4.8đ) tại $25.11 
2026-07-25 16:00:48: [PP369] [AutoTrade] GIGGLE LONG có Score = 4.8đ < 5.5đ — bỏ qua 
2026-07-25 16:01:20: [PP369] [AutoTrade] GIGGLE → LONG (Score: +4.8đ) tại $25.11 
2026-07-25 16:01:20: [PP369] [AutoTrade] GIGGLE LONG có Score = 4.8đ < 5.5đ — bỏ qua 
2026-07-25 16:01:48: [PP369] [AutoTrade] GIGGLE → LONG (Score: +4.8đ) tại $25.11 
2026-07-25 16:01:48: [PP369] [AutoTrade] GIGGLE LONG có Score = 4.8đ < 5.5đ — bỏ qua 
2026-07-25 16:02:18: [PP369] [AutoTrade] GIGGLE → LONG (Score: +4.8đ) tại $25.11 
2026-07-25 16:02:18: [PP369] [AutoTrade] GIGGLE LONG có Score = 4.8đ < 5.5đ — bỏ qua 
2026-07-25 16:02:48: [PP369] [AutoTrade] GIGGLE → LONG (Score: +4.8đ) tại $25.11 
2026-07-25 16:02:48: [PP369] [AutoTrade] GIGGLE LONG có Score = 4.8đ < 5.5đ — bỏ qua 
2026-07-25 16:18:24: [PP369] [Binance] Đã đồng bộ giờ: offset = 127525ms (Giờ server: 2026-07-25T09:20:32.238Z) 
2026-07-25 16:27:19: [PP369] [AutoTrade] AIN → SHORT (Score: +4.1đ) tại $0.08765 
2026-07-25 16:27:19: [PP369] [AutoTrade] AIN SHORT có Score = 4.1đ < 5.5đ — bỏ qua 
2026-07-25 16:27:48: [PP369] [AutoTrade] AIN → SHORT (Score: +4.1đ) tại $0.08765 
2026-07-25 16:27:48: [PP369] [AutoTrade] AIN SHORT có Score = 4.1đ < 5.5đ — bỏ qua 
2026-07-25 16:48:24: [PP369] [Binance] Đã đồng bộ giờ: offset = 127697ms (Giờ server: 2026-07-25T09:50:32.411Z) 
2026-07-25 17:07:20: [PP369] [AutoTrade] EPIC → SHORT (Score: +3.4000000000000004đ) tại $0.6477 
2026-07-25 17:07:20: [PP369] [AutoTrade] EPIC SHORT không đạt Tiêu chí 2 (Biến động H1/M15 an toàn) — bỏ qua 
2026-07-25 17:11:49: [PP369] [AutoTrade] BROCCOLIF3B → LONG (Score: +3.1999999999999997đ) tại $0.005762 
2026-07-25 17:11:49: [PP369] [AutoTrade] BROCCOLIF3B LONG có Score = 3.1999999999999997đ < 5.5đ — bỏ qua 
2026-07-25 17:18:24: [PP369] [Binance] Đã đồng bộ giờ: offset = 127875ms (Giờ server: 2026-07-25T10:20:32.590Z) 
2026-07-25 17:25:48: [PP369] [AutoTrade] BROCCOLIF3B → LONG (Score: +3.1999999999999997đ) tại $0.005762 
2026-07-25 17:25:48: [PP369] [AutoTrade] BROCCOLIF3B LONG có Score = 3.1999999999999997đ < 5.5đ — bỏ qua 
2026-07-25 17:26:18: [PP369] [AutoTrade] BROCCOLIF3B → LONG (Score: +3.1999999999999997đ) tại $0.005762 
2026-07-25 17:26:18: [PP369] [AutoTrade] BROCCOLIF3B LONG có Score = 3.1999999999999997đ < 5.5đ — bỏ qua 
2026-07-25 17:26:48: [PP369] [AutoTrade] BROCCOLIF3B → LONG (Score: +3.1999999999999997đ) tại $0.005762 
2026-07-25 17:26:48: [PP369] [AutoTrade] BROCCOLIF3B LONG có Score = 3.1999999999999997đ < 5.5đ — bỏ qua 
2026-07-25 17:28:18: [PP369] [AutoTrade] BROCCOLIF3B → LONG (Score: +3.1999999999999997đ) tại $0.005762 
2026-07-25 17:28:18: [PP369] [AutoTrade] BROCCOLIF3B LONG có Score = 3.1999999999999997đ < 5.5đ — bỏ qua 
2026-07-25 17:28:48: [PP369] [AutoTrade] BROCCOLIF3B → LONG (Score: +3.1999999999999997đ) tại $0.005762 
2026-07-25 17:28:48: [PP369] [AutoTrade] BROCCOLIF3B LONG có Score = 3.1999999999999997đ < 5.5đ — bỏ qua 
2026-07-25 17:29:48: [PP369] [AutoTrade] BROCCOLIF3B → LONG (Score: +3.1999999999999997đ) tại $0.005762 
2026-07-25 17:29:48: [PP369] [AutoTrade] BROCCOLIF3B LONG có Score = 3.1999999999999997đ < 5.5đ — bỏ qua 
2026-07-25 17:30:18: [PP369] [AutoTrade] BROCCOLIF3B → LONG (Score: +3.1999999999999997đ) tại $0.005762 
2026-07-25 17:30:18: [PP369] [AutoTrade] BROCCOLIF3B LONG có Score = 3.1999999999999997đ < 5.5đ — bỏ qua 
2026-07-25 17:30:48: [PP369] [AutoTrade] BROCCOLIF3B → LONG (Score: +3.1999999999999997đ) tại $0.005762 
2026-07-25 17:30:48: [PP369] [AutoTrade] BROCCOLIF3B LONG có Score = 3.1999999999999997đ < 5.5đ — bỏ qua 
2026-07-25 17:31:48: [PP369] [AutoTrade] BROCCOLIF3B → LONG (Score: +3.1999999999999997đ) tại $0.005762 
2026-07-25 17:31:48: [PP369] [AutoTrade] BROCCOLIF3B LONG có Score = 3.1999999999999997đ < 5.5đ — bỏ qua 
2026-07-25 17:32:18: [PP369] [AutoTrade] BROCCOLIF3B → LONG (Score: +3.1999999999999997đ) tại $0.005762 
2026-07-25 17:32:18: [PP369] [AutoTrade] BROCCOLIF3B LONG có Score = 3.1999999999999997đ < 5.5đ — bỏ qua 
2026-07-25 17:32:48: [PP369] [AutoTrade] BROCCOLIF3B → LONG (Score: +3.1999999999999997đ) tại $0.005762 
2026-07-25 17:32:48: [PP369] [AutoTrade] BROCCOLIF3B LONG có Score = 3.1999999999999997đ < 5.5đ — bỏ qua 
2026-07-25 17:33:18: [PP369] [AutoTrade] BROCCOLIF3B → LONG (Score: +3.1999999999999997đ) tại $0.005762 
2026-07-25 17:33:18: [PP369] [AutoTrade] BROCCOLIF3B LONG có Score = 3.1999999999999997đ < 5.5đ — bỏ qua 
2026-07-25 17:33:48: [PP369] [AutoTrade] BROCCOLIF3B → LONG (Score: +3.1999999999999997đ) tại $0.005762 
2026-07-25 17:33:48: [PP369] [AutoTrade] BROCCOLIF3B LONG có Score = 3.1999999999999997đ < 5.5đ — bỏ qua 
2026-07-25 17:34:18: [PP369] [AutoTrade] BROCCOLIF3B → LONG (Score: +3.1999999999999997đ) tại $0.005762 
2026-07-25 17:34:18: [PP369] [AutoTrade] BROCCOLIF3B LONG có Score = 3.1999999999999997đ < 5.5đ — bỏ qua 
2026-07-25 17:34:48: [PP369] [AutoTrade] BROCCOLIF3B → LONG (Score: +3.1999999999999997đ) tại $0.005762 
2026-07-25 17:34:48: [PP369] [AutoTrade] BROCCOLIF3B LONG có Score = 3.1999999999999997đ < 5.5đ — bỏ qua 
2026-07-25 17:35:18: [PP369] [AutoTrade] BROCCOLIF3B → LONG (Score: +3.1999999999999997đ) tại $0.005762 
2026-07-25 17:35:18: [PP369] [AutoTrade] BROCCOLIF3B LONG có Score = 3.1999999999999997đ < 5.5đ — bỏ qua 
2026-07-25 17:35:48: [PP369] [AutoTrade] BROCCOLIF3B → LONG (Score: +3.1999999999999997đ) tại $0.005762 
2026-07-25 17:35:48: [PP369] [AutoTrade] BROCCOLIF3B LONG có Score = 3.1999999999999997đ < 5.5đ — bỏ qua 
2026-07-25 17:36:18: [PP369] [AutoTrade] BROCCOLIF3B → LONG (Score: +3.1999999999999997đ) tại $0.005762 
2026-07-25 17:36:18: [PP369] [AutoTrade] BROCCOLIF3B LONG có Score = 3.1999999999999997đ < 5.5đ — bỏ qua 
2026-07-25 17:36:48: [PP369] [AutoTrade] BROCCOLIF3B → LONG (Score: +3.1999999999999997đ) tại $0.005762 
2026-07-25 17:36:48: [PP369] [AutoTrade] BROCCOLIF3B LONG có Score = 3.1999999999999997đ < 5.5đ — bỏ qua 
2026-07-25 17:41:49: [PP369] [AutoTrade] KAITO → LONG (Score: +2.1đ) tại $0.9563 
2026-07-25 17:41:49: [PP369] [AutoTrade] KAITO LONG không đạt Tiêu chí 2 (Biến động H1/M15 an toàn) — bỏ qua 
2026-07-25 17:44:48: [PP369] [AutoTrade] KAITO → LONG (Score: +1.8đ) tại $0.9563 
2026-07-25 17:44:48: [PP369] [AutoTrade] KAITO LONG không đạt Tiêu chí 2 (Biến động H1/M15 an toàn) — bỏ qua 
2026-07-25 17:45:18: [PP369] [AutoTrade] KAITO → LONG (Score: +1.8đ) tại $0.9563 
2026-07-25 17:45:18: [PP369] [AutoTrade] KAITO LONG không đạt Tiêu chí 2 (Biến động H1/M15 an toàn) — bỏ qua 
2026-07-25 17:45:48: [PP369] [AutoTrade] KAITO → LONG (Score: +1.8đ) tại $0.9563 
2026-07-25 17:45:48: [PP369] [AutoTrade] KAITO LONG không đạt Tiêu chí 2 (Biến động H1/M15 an toàn) — bỏ qua 
2026-07-25 17:46:19: [PP369] [AutoTrade] KAITO → LONG (Score: +1.8đ) tại $0.9563 
2026-07-25 17:46:19: [PP369] [AutoTrade] KAITO LONG không đạt Tiêu chí 2 (Biến động H1/M15 an toàn) — bỏ qua 
2026-07-25 17:46:48: [PP369] [AutoTrade] KAITO → LONG (Score: +1.8đ) tại $0.9563 
2026-07-25 17:46:48: [PP369] [AutoTrade] KAITO LONG không đạt Tiêu chí 2 (Biến động H1/M15 an toàn) — bỏ qua 
2026-07-25 17:48:24: [PP369] [Binance] Đã đồng bộ giờ: offset = 128050ms (Giờ server: 2026-07-25T10:50:32.763Z) 
2026-07-25 17:56:19: [PP369] [AutoTrade] GUA → SHORT (Score: +5.6đ) tại $0.05515 
2026-07-25 17:56:19: [PP369] [AutoTrade] Set leverage GUAUSDT = 10x (Lưới: 4.57% → tính được 10x, giới hạn: 10x | Ký quỹ mục tiêu: $20) 
2026-07-25 17:56:19: [PP369] [AutoTrade] ✓ GUA SELL 3626 @ $0.05515 orderId=903906961 status=NEW 
2026-07-25 17:56:52: [PP369] [AutoTrade] ✓ Đặt TP GUA @ $0.0546000 (đối ứng BUY) orderId=1000002472933202 
2026-07-25 17:56:52: [PP369] [AutoTrade] ✓ Đặt SL GUA @ $0.0557000 (đối ứng BUY) orderId=1000002472933205 
2026-07-25 18:09:50: [PP369] [AutoTrade] VANRY → SHORT (Score: +2.6đ) tại $0.005016 
2026-07-25 18:09:50: [PP369] [AutoTrade] VANRY SHORT có Score = 2.6đ < 5.5đ — bỏ qua 
2026-07-25 18:18:24: [PP369] [Binance] Đã đồng bộ giờ: offset = 128225ms (Giờ server: 2026-07-25T11:20:32.938Z) 
2026-07-25 18:19:55: [PP369] [AutoTrade] Trailing SL: GUA đạt ROI 5.08% -> Dịch SL trên sàn về entry + 1% ROI ($0.05509) [Mức: Hòa vốn] 
2026-07-25 18:19:55: [PP369] [AutoTrade] Đã hủy SL cũ của GUA (orderId=1000002472933205) 
2026-07-25 18:19:56: [PP369] [AutoTrade] ✓ Đã dịch SL mới cho GUA @ $0.0550900 (orderId=1000002472955128) 
2026-07-25 18:31:18: [PP369] [AutoTrade] VANRY → SHORT (Score: +2.7đ) tại $0.005316 
2026-07-25 18:31:18: [PP369] [AutoTrade] VANRY SHORT không đạt Tiêu chí 2 (Biến động H1/M15 an toàn) — bỏ qua 
2026-07-25 18:32:19: [PP369] [AutoTrade] PARTI → LONG (Score: +4.3đ) tại $0.02669 
2026-07-25 18:32:19: [PP369] [AutoTrade] PARTI LONG có Score = 4.3đ < 5.5đ — bỏ qua 
2026-07-25 18:32:49: [PP369] [AutoTrade] 1000XEC → LONG (Score: +4.6đ) tại $0.00693 
2026-07-25 18:32:49: [PP369] [AutoTrade] 1000XEC LONG có Score = 4.6đ < 5.5đ — bỏ qua 
2026-07-25 18:32:50: [PP369] [AutoTrade] PARTI → LONG (Score: +4.3đ) tại $0.02669 
2026-07-25 18:32:50: [PP369] [AutoTrade] PARTI LONG có Score = 4.3đ < 5.5đ — bỏ qua 
2026-07-25 18:33:19: [PP369] [AutoTrade] 1000XEC → LONG (Score: +4.6đ) tại $0.00693 
2026-07-25 18:33:19: [PP369] [AutoTrade] 1000XEC LONG có Score = 4.6đ < 5.5đ — bỏ qua 
2026-07-25 18:33:48: [PP369] [AutoTrade] 1000XEC → LONG (Score: +4.6đ) tại $0.00693 
2026-07-25 18:33:48: [PP369] [AutoTrade] 1000XEC LONG có Score = 4.6đ < 5.5đ — bỏ qua 
2026-07-25 18:34:18: [PP369] [AutoTrade] 1000XEC → LONG (Score: +4.6đ) tại $0.00693 
2026-07-25 18:34:18: [PP369] [AutoTrade] 1000XEC LONG có Score = 4.6đ < 5.5đ — bỏ qua 
2026-07-25 18:34:48: [PP369] [AutoTrade] 1000XEC → LONG (Score: +4.6đ) tại $0.00693 
2026-07-25 18:34:48: [PP369] [AutoTrade] 1000XEC LONG có Score = 4.6đ < 5.5đ — bỏ qua 
2026-07-25 18:35:18: [PP369] [AutoTrade] 1000XEC → LONG (Score: +4.6đ) tại $0.00693 
2026-07-25 18:35:18: [PP369] [AutoTrade] 1000XEC LONG có Score = 4.6đ < 5.5đ — bỏ qua 
2026-07-25 18:45:49: [PP369] [AutoTrade] PIEVERSE → LONG (Score: +4.6đ) tại $0.6428 
2026-07-25 18:45:49: [PP369] [AutoTrade] PIEVERSE LONG có Score = 4.6đ < 5.5đ — bỏ qua 
2026-07-25 18:48:24: [PP369] [Binance] Đã đồng bộ giờ: offset = 128401ms (Giờ server: 2026-07-25T11:50:33.115Z) 
2026-07-25 18:50:18: [PP369] [AutoTrade] PIEVERSE → LONG (Score: +4.6đ) tại $0.6428 
2026-07-25 18:50:18: [PP369] [AutoTrade] PIEVERSE LONG có Score = 4.6đ < 5.5đ — bỏ qua 
2026-07-25 18:53:18: [PP369] [AutoTrade] PIEVERSE → LONG (Score: +4.6đ) tại $0.6428 
2026-07-25 18:53:18: [PP369] [AutoTrade] PIEVERSE LONG có Score = 4.6đ < 5.5đ — bỏ qua 
2026-07-25 18:54:18: [PP369] [AutoTrade] PIEVERSE → LONG (Score: +4.6đ) tại $0.6428 
2026-07-25 18:54:18: [PP369] [AutoTrade] PIEVERSE LONG có Score = 4.6đ < 5.5đ — bỏ qua 
2026-07-25 18:54:50: [PP369] [AutoTrade] CROSS → SHORT (Score: +3.4000000000000004đ) tại $0.07906 
2026-07-25 18:54:50: [PP369] [AutoTrade] CROSS SHORT có Score = 3.4000000000000004đ < 5.5đ — bỏ qua 
2026-07-25 18:54:50: [PP369] [AutoTrade] PIEVERSE → LONG (Score: +4.6đ) tại $0.6428 
2026-07-25 18:54:50: [PP369] [AutoTrade] PIEVERSE LONG có Score = 4.6đ < 5.5đ — bỏ qua 
2026-07-25 18:55:18: [PP369] [AutoTrade] CROSS → SHORT (Score: +3.4000000000000004đ) tại $0.07906 
2026-07-25 18:55:18: [PP369] [AutoTrade] CROSS SHORT có Score = 3.4000000000000004đ < 5.5đ — bỏ qua 
2026-07-25 18:55:19: [PP369] [AutoTrade] PIEVERSE → LONG (Score: +4.6đ) tại $0.6428 
2026-07-25 18:55:19: [PP369] [AutoTrade] PIEVERSE LONG có Score = 4.6đ < 5.5đ — bỏ qua 
2026-07-25 18:55:48: [PP369] [AutoTrade] PIEVERSE → LONG (Score: +4.6đ) tại $0.6428 
2026-07-25 18:55:48: [PP369] [AutoTrade] PIEVERSE LONG có Score = 4.6đ < 5.5đ — bỏ qua 
2026-07-25 18:56:18: [PP369] [AutoTrade] PIEVERSE → LONG (Score: +4.6đ) tại $0.6428 
2026-07-25 18:56:18: [PP369] [AutoTrade] PIEVERSE LONG có Score = 4.6đ < 5.5đ — bỏ qua 
2026-07-25 18:56:48: [PP369] [AutoTrade] PIEVERSE → LONG (Score: +4.6đ) tại $0.6428 
2026-07-25 18:56:48: [PP369] [AutoTrade] PIEVERSE LONG có Score = 4.6đ < 5.5đ — bỏ qua 
2026-07-25 18:57:18: [PP369] [AutoTrade] PIEVERSE → LONG (Score: +4.6đ) tại $0.6428 
2026-07-25 18:57:18: [PP369] [AutoTrade] PIEVERSE LONG có Score = 4.6đ < 5.5đ — bỏ qua 
2026-07-25 18:57:48: [PP369] [AutoTrade] PIEVERSE → LONG (Score: +4.6đ) tại $0.6428 
2026-07-25 18:57:48: [PP369] [AutoTrade] PIEVERSE LONG có Score = 4.6đ < 5.5đ — bỏ qua 
2026-07-25 18:58:18: [PP369] [AutoTrade] PIEVERSE → LONG (Score: +4.6đ) tại $0.6428 
2026-07-25 18:58:18: [PP369] [AutoTrade] PIEVERSE LONG có Score = 4.6đ < 5.5đ — bỏ qua 
2026-07-25 18:58:48: [PP369] [AutoTrade] PIEVERSE → LONG (Score: +4.6đ) tại $0.6428 
2026-07-25 18:58:48: [PP369] [AutoTrade] PIEVERSE LONG có Score = 4.6đ < 5.5đ — bỏ qua 
2026-07-25 18:59:18: [PP369] [AutoTrade] PIEVERSE → LONG (Score: +4.6đ) tại $0.6428 
2026-07-25 18:59:18: [PP369] [AutoTrade] PIEVERSE LONG có Score = 4.6đ < 5.5đ — bỏ qua 
2026-07-25 18:59:48: [PP369] [AutoTrade] PIEVERSE → LONG (Score: +4.6đ) tại $0.6428 
2026-07-25 18:59:48: [PP369] [AutoTrade] PIEVERSE LONG có Score = 4.6đ < 5.5đ — bỏ qua 
2026-07-25 19:00:20: [PP369] [AutoTrade] PIEVERSE → LONG (Score: +5.3đ) tại $0.6428 
2026-07-25 19:00:20: [PP369] [AutoTrade] PIEVERSE LONG có Score = 5.3đ < 5.5đ — bỏ qua 
2026-07-25 19:00:48: [PP369] [AutoTrade] PIEVERSE → LONG (Score: +5.3đ) tại $0.6428 
2026-07-25 19:00:48: [PP369] [AutoTrade] PIEVERSE LONG có Score = 5.3đ < 5.5đ — bỏ qua 
2026-07-25 19:01:18: [PP369] [AutoTrade] PIEVERSE → LONG (Score: +5.3đ) tại $0.6428 
2026-07-25 19:01:18: [PP369] [AutoTrade] PIEVERSE LONG có Score = 5.3đ < 5.5đ — bỏ qua 
2026-07-25 19:01:48: [PP369] [AutoTrade] PIEVERSE → LONG (Score: +5.3đ) tại $0.6428 
2026-07-25 19:01:48: [PP369] [AutoTrade] PIEVERSE LONG có Score = 5.3đ < 5.5đ — bỏ qua 
2026-07-25 19:02:18: [PP369] [AutoTrade] PIEVERSE → LONG (Score: +5.3đ) tại $0.6428 
2026-07-25 19:02:18: [PP369] [AutoTrade] PIEVERSE LONG có Score = 5.3đ < 5.5đ — bỏ qua 
2026-07-25 19:02:48: [PP369] [AutoTrade] PIEVERSE → LONG (Score: +5.3đ) tại $0.6428 
2026-07-25 19:02:48: [PP369] [AutoTrade] PIEVERSE LONG có Score = 5.3đ < 5.5đ — bỏ qua 
2026-07-25 19:03:18: [PP369] [AutoTrade] PIEVERSE → LONG (Score: +5.3đ) tại $0.6428 
2026-07-25 19:03:18: [PP369] [AutoTrade] PIEVERSE LONG có Score = 5.3đ < 5.5đ — bỏ qua 
2026-07-25 19:03:48: [PP369] [AutoTrade] PIEVERSE → LONG (Score: +5.3đ) tại $0.6428 
2026-07-25 19:03:48: [PP369] [AutoTrade] PIEVERSE LONG có Score = 5.3đ < 5.5đ — bỏ qua 
2026-07-25 19:04:18: [PP369] [AutoTrade] PIEVERSE → LONG (Score: +5.3đ) tại $0.6428 
2026-07-25 19:04:18: [PP369] [AutoTrade] PIEVERSE LONG có Score = 5.3đ < 5.5đ — bỏ qua 
2026-07-25 19:04:48: [PP369] [AutoTrade] PIEVERSE → LONG (Score: +5.3đ) tại $0.6428 
2026-07-25 19:04:48: [PP369] [AutoTrade] PIEVERSE LONG có Score = 5.3đ < 5.5đ — bỏ qua 
2026-07-25 19:05:18: [PP369] [AutoTrade] PIEVERSE → LONG (Score: +5.3đ) tại $0.6428 
2026-07-25 19:05:18: [PP369] [AutoTrade] PIEVERSE LONG có Score = 5.3đ < 5.5đ — bỏ qua 
2026-07-25 19:05:48: [PP369] [AutoTrade] PIEVERSE → LONG (Score: +5.3đ) tại $0.6428 
2026-07-25 19:05:48: [PP369] [AutoTrade] PIEVERSE LONG có Score = 5.3đ < 5.5đ — bỏ qua 
2026-07-25 19:06:18: [PP369] [AutoTrade] PIEVERSE → LONG (Score: +5.3đ) tại $0.6428 
2026-07-25 19:06:18: [PP369] [AutoTrade] PIEVERSE LONG có Score = 5.3đ < 5.5đ — bỏ qua 
2026-07-25 19:18:24: [PP369] [Binance] Đã đồng bộ giờ: offset = 128576ms (Giờ server: 2026-07-25T12:20:33.290Z) 
2026-07-25 19:45:48: [PP369] [AutoTrade] EPIC → LONG (Score: +3.3đ) tại $0.6785 
2026-07-25 19:45:48: [PP369] [AutoTrade] EPIC LONG không đạt Tiêu chí 2 (Biến động H1/M15 an toàn) — bỏ qua 
2026-07-25 19:48:24: [PP369] [Binance] Đã đồng bộ giờ: offset = 128750ms (Giờ server: 2026-07-25T12:50:33.464Z) 
2026-07-25 19:48:27: [PP369] [AutoTrade] [CoinRefresh] Tái kiểm tra danh sách: 452 → 452 coin hợp lệ theo giá hiện tại. 
2026-07-25 19:49:48: [PP369] [AutoTrade] EPIC → LONG (Score: +3.3đ) tại $0.6485 
2026-07-25 19:49:48: [PP369] [AutoTrade] EPIC LONG không đạt Tiêu chí 2 (Biến động H1/M15 an toàn) — bỏ qua 
2026-07-25 19:50:19: [PP369] [AutoTrade] INJ → LONG (Score: +3.4999999999999996đ) tại $5.098 
2026-07-25 19:50:19: [PP369] [AutoTrade] INJ LONG có Score = 3.4999999999999996đ < 5.5đ — bỏ qua 
2026-07-25 19:51:18: [PP369] [AutoTrade] INJ → LONG (Score: +3.4999999999999996đ) tại $5.098 
2026-07-25 19:51:18: [PP369] [AutoTrade] INJ LONG có Score = 3.4999999999999996đ < 5.5đ — bỏ qua 
2026-07-25 19:51:48: [PP369] [AutoTrade] INJ → LONG (Score: +3.4999999999999996đ) tại $5.098 
2026-07-25 19:51:48: [PP369] [AutoTrade] INJ LONG có Score = 3.4999999999999996đ < 5.5đ — bỏ qua 
2026-07-25 19:52:20: [PP369] [AutoTrade] GMT → SHORT (Score: +5.5đ) tại $0.00728 
2026-07-25 19:52:20: [PP369] [AutoTrade] Set leverage GMTUSDT = 14x (Lưới: 3.56% → tính được 14x, giới hạn: 50x | Ký quỹ mục tiêu: $20) 
2026-07-25 19:52:20: [PP369] [AutoTrade] ✓ GMT SELL 38461 @ $0.00728 orderId=18432890000 status=NEW 
2026-07-25 19:54:09: [PP369] [AutoTrade] ✓ Đặt TP GMT @ $0.0072300 (đối ứng BUY) orderId=1000002473056931 
2026-07-25 19:54:09: [PP369] [AutoTrade] ✓ Đặt SL GMT @ $0.0073300 (đối ứng BUY) orderId=1000002473056936 
2026-07-25 19:54:48: [PP369] [AutoTrade] INJ → LONG (Score: +3.4999999999999996đ) tại $5.098 
2026-07-25 19:54:48: [PP369] [AutoTrade] INJ LONG có Score = 3.4999999999999996đ < 5.5đ — bỏ qua 
2026-07-25 19:55:48: [PP369] [AutoTrade] INJ → LONG (Score: +3.4999999999999996đ) tại $5.098 
2026-07-25 19:55:48: [PP369] [AutoTrade] INJ LONG có Score = 3.4999999999999996đ < 5.5đ — bỏ qua 
2026-07-25 19:56:18: [PP369] [AutoTrade] INJ → LONG (Score: +3.4999999999999996đ) tại $5.098 
2026-07-25 19:56:18: [PP369] [AutoTrade] INJ LONG có Score = 3.4999999999999996đ < 5.5đ — bỏ qua 
2026-07-25 19:56:48: [PP369] [AutoTrade] INJ → LONG (Score: +3.4999999999999996đ) tại $5.098 
2026-07-25 19:56:48: [PP369] [AutoTrade] INJ LONG có Score = 3.4999999999999996đ < 5.5đ — bỏ qua 
2026-07-25 19:57:18: [PP369] [AutoTrade] INJ → LONG (Score: +3.4999999999999996đ) tại $5.098 
2026-07-25 19:57:18: [PP369] [AutoTrade] INJ LONG có Score = 3.4999999999999996đ < 5.5đ — bỏ qua 
2026-07-25 19:59:48: [PP369] [AutoTrade] INJ → LONG (Score: +3.4999999999999996đ) tại $5.098 
2026-07-25 19:59:48: [PP369] [AutoTrade] INJ LONG có Score = 3.4999999999999996đ < 5.5đ — bỏ qua 
2026-07-25 20:00:50: [PP369] [AutoTrade] INJ → LONG (Score: +4.199999999999999đ) tại $5.098 
2026-07-25 20:00:50: [PP369] [AutoTrade] INJ LONG có Score = 4.199999999999999đ < 5.5đ — bỏ qua 
2026-07-25 20:04:19: [PP369] [AutoTrade] INJ → LONG (Score: +4.199999999999999đ) tại $5.098 
2026-07-25 20:04:19: [PP369] [AutoTrade] INJ LONG có Score = 4.199999999999999đ < 5.5đ — bỏ qua 
2026-07-25 20:04:48: [PP369] [AutoTrade] INJ → LONG (Score: +4.199999999999999đ) tại $5.098 
2026-07-25 20:04:48: [PP369] [AutoTrade] INJ LONG có Score = 4.199999999999999đ < 5.5đ — bỏ qua 
2026-07-25 20:05:18: [PP369] [AutoTrade] INJ → LONG (Score: +4.199999999999999đ) tại $5.098 
2026-07-25 20:05:18: [PP369] [AutoTrade] INJ LONG có Score = 4.199999999999999đ < 5.5đ — bỏ qua 
2026-07-25 20:06:48: [PP369] [AutoTrade] INJ → LONG (Score: +4.199999999999999đ) tại $5.098 
2026-07-25 20:06:48: [PP369] [AutoTrade] INJ LONG có Score = 4.199999999999999đ < 5.5đ — bỏ qua 
2026-07-25 20:07:18: [PP369] [AutoTrade] Trailing SL: GMT đạt ROI 5.38% -> Dịch SL trên sàn về entry + 1% ROI ($0.00727) [Mức: Hòa vốn] 
2026-07-25 20:07:18: [PP369] [AutoTrade] Đã hủy SL cũ của GMT (orderId=1000002473056936) 
2026-07-25 20:07:18: [PP369] [AutoTrade] ✓ Đã dịch SL mới cho GMT @ $0.0072700 (orderId=1000002473070861) 
2026-07-25 20:09:19: [PP369] [AutoTrade] INJ → LONG (Score: +4.199999999999999đ) tại $5.098 
2026-07-25 20:09:19: [PP369] [AutoTrade] INJ LONG có Score = 4.199999999999999đ < 5.5đ — bỏ qua 
2026-07-25 20:10:18: [PP369] [AutoTrade] INJ → LONG (Score: +4.199999999999999đ) tại $5.098 
2026-07-25 20:10:18: [PP369] [AutoTrade] INJ LONG có Score = 4.199999999999999đ < 5.5đ — bỏ qua 
2026-07-25 20:10:48: [PP369] [AutoTrade] INJ → LONG (Score: +4.199999999999999đ) tại $5.098 
2026-07-25 20:10:48: [PP369] [AutoTrade] INJ LONG có Score = 4.199999999999999đ < 5.5đ — bỏ qua 
2026-07-25 20:11:48: [PP369] [AutoTrade] INJ → LONG (Score: +4.199999999999999đ) tại $5.098 
2026-07-25 20:11:48: [PP369] [AutoTrade] INJ LONG có Score = 4.199999999999999đ < 5.5đ — bỏ qua 
2026-07-25 20:12:18: [PP369] [AutoTrade] INJ → LONG (Score: +4.199999999999999đ) tại $5.098 
2026-07-25 20:12:18: [PP369] [AutoTrade] INJ LONG có Score = 4.199999999999999đ < 5.5đ — bỏ qua 
2026-07-25 20:12:48: [PP369] [AutoTrade] INJ → LONG (Score: +4.199999999999999đ) tại $5.098 
2026-07-25 20:12:48: [PP369] [AutoTrade] INJ LONG có Score = 4.199999999999999đ < 5.5đ — bỏ qua 
2026-07-25 20:17:18: [PP369] [AutoTrade] INJ → LONG (Score: +4.199999999999999đ) tại $5.098 
2026-07-25 20:17:18: [PP369] [AutoTrade] INJ LONG có Score = 4.199999999999999đ < 5.5đ — bỏ qua 
2026-07-25 20:17:48: [PP369] [AutoTrade] INJ → LONG (Score: +4.199999999999999đ) tại $5.098 
2026-07-25 20:17:48: [PP369] [AutoTrade] INJ LONG có Score = 4.199999999999999đ < 5.5đ — bỏ qua 
2026-07-25 20:18:18: [PP369] [AutoTrade] INJ → LONG (Score: +4.199999999999999đ) tại $5.098 
2026-07-25 20:18:18: [PP369] [AutoTrade] INJ LONG có Score = 4.199999999999999đ < 5.5đ — bỏ qua 
2026-07-25 20:18:24: [PP369] [Binance] Đã đồng bộ giờ: offset = 128926ms (Giờ server: 2026-07-25T13:20:33.641Z) 
2026-07-25 20:22:48: [PP369] [AutoTrade] INJ → LONG (Score: +4.199999999999999đ) tại $5.098 
2026-07-25 20:22:48: [PP369] [AutoTrade] INJ LONG có Score = 4.199999999999999đ < 5.5đ — bỏ qua 
2026-07-25 20:23:23: [PP369] [AutoTrade] INJ → LONG (Score: +4.199999999999999đ) tại $5.098 
2026-07-25 20:23:23: [PP369] [AutoTrade] INJ LONG có Score = 4.199999999999999đ < 5.5đ — bỏ qua 
2026-07-25 20:43:49: [PP369] [AutoTrade] XNY → LONG (Score: +3.1999999999999997đ) tại $0.006802 
2026-07-25 20:43:49: [PP369] [AutoTrade] XNY LONG có Score = 3.1999999999999997đ < 5.5đ — bỏ qua 
2026-07-25 20:48:24: [PP369] [Binance] Đã đồng bộ giờ: offset = 129100ms (Giờ server: 2026-07-25T13:50:33.822Z) 
2026-07-25 20:58:48: [PP369] [AutoTrade] INJ → LONG (Score: +4.199999999999999đ) tại $5.098 
2026-07-25 20:58:48: [PP369] [AutoTrade] INJ LONG có Score = 4.199999999999999đ < 5.5đ — bỏ qua 
2026-07-25 20:59:18: [PP369] [AutoTrade] INJ → LONG (Score: +4.199999999999999đ) tại $5.098 
2026-07-25 20:59:18: [PP369] [AutoTrade] INJ LONG có Score = 4.199999999999999đ < 5.5đ — bỏ qua 
2026-07-25 20:59:48: [PP369] [AutoTrade] INJ → LONG (Score: +4.199999999999999đ) tại $5.098 
2026-07-25 20:59:48: [PP369] [AutoTrade] INJ LONG có Score = 4.199999999999999đ < 5.5đ — bỏ qua 
2026-07-25 21:00:20: [PP369] [AutoTrade] INJ → LONG (Score: +3.4999999999999996đ) tại $5.098 
2026-07-25 21:00:20: [PP369] [AutoTrade] INJ LONG có Score = 3.4999999999999996đ < 5.5đ — bỏ qua 
2026-07-25 21:00:48: [PP369] [AutoTrade] INJ → LONG (Score: +3.4999999999999996đ) tại $5.098 
2026-07-25 21:00:48: [PP369] [AutoTrade] INJ LONG có Score = 3.4999999999999996đ < 5.5đ — bỏ qua 
2026-07-25 21:01:18: [PP369] [AutoTrade] INJ → LONG (Score: +3.4999999999999996đ) tại $5.098 
2026-07-25 21:01:18: [PP369] [AutoTrade] INJ LONG có Score = 3.4999999999999996đ < 5.5đ — bỏ qua 
2026-07-25 21:01:48: [PP369] [AutoTrade] INJ → LONG (Score: +3.4999999999999996đ) tại $5.098 
2026-07-25 21:01:48: [PP369] [AutoTrade] INJ LONG có Score = 3.4999999999999996đ < 5.5đ — bỏ qua 
2026-07-25 21:02:18: [PP369] [AutoTrade] INJ → LONG (Score: +3.4999999999999996đ) tại $5.098 
2026-07-25 21:02:18: [PP369] [AutoTrade] INJ LONG có Score = 3.4999999999999996đ < 5.5đ — bỏ qua 
2026-07-25 21:02:48: [PP369] [AutoTrade] INJ → LONG (Score: +3.4999999999999996đ) tại $5.098 
2026-07-25 21:02:48: [PP369] [AutoTrade] INJ LONG có Score = 3.4999999999999996đ < 5.5đ — bỏ qua 
2026-07-25 21:03:18: [PP369] [AutoTrade] INJ → LONG (Score: +3.4999999999999996đ) tại $5.098 
2026-07-25 21:03:18: [PP369] [AutoTrade] INJ LONG có Score = 3.4999999999999996đ < 5.5đ — bỏ qua 
2026-07-25 21:03:48: [PP369] [AutoTrade] INJ → LONG (Score: +3.4999999999999996đ) tại $5.098 
2026-07-25 21:03:48: [PP369] [AutoTrade] INJ LONG có Score = 3.4999999999999996đ < 5.5đ — bỏ qua 
2026-07-25 21:04:48: [PP369] [AutoTrade] INJ → LONG (Score: +3.4999999999999996đ) tại $5.098 
2026-07-25 21:04:48: [PP369] [AutoTrade] INJ LONG có Score = 3.4999999999999996đ < 5.5đ — bỏ qua 
2026-07-25 21:05:18: [PP369] [AutoTrade] INJ → LONG (Score: +3.4999999999999996đ) tại $5.098 
2026-07-25 21:05:18: [PP369] [AutoTrade] INJ LONG có Score = 3.4999999999999996đ < 5.5đ — bỏ qua 
2026-07-25 21:05:48: [PP369] [AutoTrade] INJ → LONG (Score: +3.4999999999999996đ) tại $5.098 
2026-07-25 21:05:48: [PP369] [AutoTrade] INJ LONG có Score = 3.4999999999999996đ < 5.5đ — bỏ qua 
2026-07-25 21:06:18: [PP369] [AutoTrade] INJ → LONG (Score: +3.4999999999999996đ) tại $5.098 
2026-07-25 21:06:18: [PP369] [AutoTrade] INJ LONG có Score = 3.4999999999999996đ < 5.5đ — bỏ qua 
2026-07-25 21:06:48: [PP369] [AutoTrade] INJ → LONG (Score: +3.4999999999999996đ) tại $5.098 
2026-07-25 21:06:48: [PP369] [AutoTrade] INJ LONG có Score = 3.4999999999999996đ < 5.5đ — bỏ qua 
2026-07-25 21:07:18: [PP369] [AutoTrade] INJ → LONG (Score: +3.4999999999999996đ) tại $5.098 
2026-07-25 21:07:18: [PP369] [AutoTrade] INJ LONG có Score = 3.4999999999999996đ < 5.5đ — bỏ qua 
2026-07-25 21:07:48: [PP369] [AutoTrade] INJ → LONG (Score: +3.4999999999999996đ) tại $5.098 
2026-07-25 21:07:48: [PP369] [AutoTrade] INJ LONG có Score = 3.4999999999999996đ < 5.5đ — bỏ qua 
2026-07-25 21:08:18: [PP369] [AutoTrade] INJ → LONG (Score: +3.4999999999999996đ) tại $5.098 
2026-07-25 21:08:18: [PP369] [AutoTrade] INJ LONG có Score = 3.4999999999999996đ < 5.5đ — bỏ qua 
2026-07-25 21:08:48: [PP369] [AutoTrade] INJ → LONG (Score: +3.4999999999999996đ) tại $5.098 
2026-07-25 21:08:48: [PP369] [AutoTrade] INJ LONG có Score = 3.4999999999999996đ < 5.5đ — bỏ qua 
2026-07-25 21:09:18: [PP369] [AutoTrade] INJ → LONG (Score: +3.4999999999999996đ) tại $5.098 
2026-07-25 21:09:18: [PP369] [AutoTrade] INJ LONG có Score = 3.4999999999999996đ < 5.5đ — bỏ qua 
2026-07-25 21:09:48: [PP369] [AutoTrade] INJ → LONG (Score: +3.4999999999999996đ) tại $5.098 
2026-07-25 21:09:48: [PP369] [AutoTrade] INJ LONG có Score = 3.4999999999999996đ < 5.5đ — bỏ qua 
2026-07-25 21:10:18: [PP369] [AutoTrade] INJ → LONG (Score: +3.4999999999999996đ) tại $5.098 
2026-07-25 21:10:18: [PP369] [AutoTrade] INJ LONG có Score = 3.4999999999999996đ < 5.5đ — bỏ qua 
2026-07-25 21:10:48: [PP369] [AutoTrade] INJ → LONG (Score: +3.4999999999999996đ) tại $5.098 
2026-07-25 21:10:48: [PP369] [AutoTrade] INJ LONG có Score = 3.4999999999999996đ < 5.5đ — bỏ qua 
2026-07-25 21:11:18: [PP369] [AutoTrade] INJ → LONG (Score: +3.4999999999999996đ) tại $5.098 
2026-07-25 21:11:18: [PP369] [AutoTrade] INJ LONG có Score = 3.4999999999999996đ < 5.5đ — bỏ qua 
2026-07-25 21:11:48: [PP369] [AutoTrade] INJ → LONG (Score: +3.4999999999999996đ) tại $5.098 
2026-07-25 21:11:48: [PP369] [AutoTrade] INJ LONG có Score = 3.4999999999999996đ < 5.5đ — bỏ qua 
2026-07-25 21:12:18: [PP369] [AutoTrade] INJ → LONG (Score: +3.4999999999999996đ) tại $5.098 
2026-07-25 21:12:18: [PP369] [AutoTrade] INJ LONG có Score = 3.4999999999999996đ < 5.5đ — bỏ qua 
2026-07-25 21:12:48: [PP369] [AutoTrade] INJ → LONG (Score: +3.4999999999999996đ) tại $5.098 
2026-07-25 21:12:48: [PP369] [AutoTrade] INJ LONG có Score = 3.4999999999999996đ < 5.5đ — bỏ qua 
2026-07-25 21:13:18: [PP369] [AutoTrade] INJ → LONG (Score: +3.4999999999999996đ) tại $5.098 
2026-07-25 21:13:18: [PP369] [AutoTrade] INJ LONG có Score = 3.4999999999999996đ < 5.5đ — bỏ qua 
2026-07-25 21:13:48: [PP369] [AutoTrade] INJ → LONG (Score: +3.4999999999999996đ) tại $5.098 
2026-07-25 21:13:48: [PP369] [AutoTrade] INJ LONG có Score = 3.4999999999999996đ < 5.5đ — bỏ qua 
2026-07-25 21:14:19: [PP369] [AutoTrade] INJ → LONG (Score: +3.4999999999999996đ) tại $5.098 
2026-07-25 21:14:19: [PP369] [AutoTrade] INJ LONG có Score = 3.4999999999999996đ < 5.5đ — bỏ qua 
2026-07-25 21:14:48: [PP369] [AutoTrade] INJ → LONG (Score: +3.4999999999999996đ) tại $5.098 
2026-07-25 21:14:48: [PP369] [AutoTrade] INJ LONG có Score = 3.4999999999999996đ < 5.5đ — bỏ qua 
2026-07-25 21:15:18: [PP369] [AutoTrade] INJ → LONG (Score: +3.4999999999999996đ) tại $5.098 
2026-07-25 21:15:18: [PP369] [AutoTrade] INJ LONG có Score = 3.4999999999999996đ < 5.5đ — bỏ qua 
2026-07-25 21:15:48: [PP369] [AutoTrade] INJ → LONG (Score: +3.4999999999999996đ) tại $5.098 
2026-07-25 21:15:48: [PP369] [AutoTrade] INJ LONG có Score = 3.4999999999999996đ < 5.5đ — bỏ qua 
2026-07-25 21:16:18: [PP369] [AutoTrade] INJ → LONG (Score: +3.4999999999999996đ) tại $5.098 
2026-07-25 21:16:18: [PP369] [AutoTrade] INJ LONG có Score = 3.4999999999999996đ < 5.5đ — bỏ qua 
2026-07-25 21:16:48: [PP369] [AutoTrade] INJ → LONG (Score: +3.4999999999999996đ) tại $5.098 
2026-07-25 21:16:48: [PP369] [AutoTrade] INJ LONG có Score = 3.4999999999999996đ < 5.5đ — bỏ qua 
2026-07-25 21:17:18: [PP369] [AutoTrade] INJ → LONG (Score: +3.4999999999999996đ) tại $5.098 
2026-07-25 21:17:18: [PP369] [AutoTrade] INJ LONG có Score = 3.4999999999999996đ < 5.5đ — bỏ qua 
2026-07-25 21:17:48: [PP369] [AutoTrade] INJ → LONG (Score: +3.4999999999999996đ) tại $5.098 
2026-07-25 21:17:48: [PP369] [AutoTrade] INJ LONG có Score = 3.4999999999999996đ < 5.5đ — bỏ qua 
2026-07-25 21:18:18: [PP369] [AutoTrade] INJ → LONG (Score: +3.4999999999999996đ) tại $5.098 
2026-07-25 21:18:18: [PP369] [AutoTrade] INJ LONG có Score = 3.4999999999999996đ < 5.5đ — bỏ qua 
2026-07-25 21:18:24: [PP369] [Binance] Đã đồng bộ giờ: offset = 129275ms (Giờ server: 2026-07-25T14:20:33.992Z) 
2026-07-25 21:18:48: [PP369] [AutoTrade] INJ → LONG (Score: +3.4999999999999996đ) tại $5.098 
2026-07-25 21:18:48: [PP369] [AutoTrade] INJ LONG có Score = 3.4999999999999996đ < 5.5đ — bỏ qua 
2026-07-25 21:19:18: [PP369] [AutoTrade] INJ → LONG (Score: +3.4999999999999996đ) tại $5.098 
2026-07-25 21:19:18: [PP369] [AutoTrade] INJ LONG có Score = 3.4999999999999996đ < 5.5đ — bỏ qua 
2026-07-25 21:19:48: [PP369] [AutoTrade] INJ → LONG (Score: +3.4999999999999996đ) tại $5.098 
2026-07-25 21:19:48: [PP369] [AutoTrade] INJ LONG có Score = 3.4999999999999996đ < 5.5đ — bỏ qua 
2026-07-25 21:20:18: [PP369] [AutoTrade] INJ → LONG (Score: +3.4999999999999996đ) tại $5.098 
2026-07-25 21:20:18: [PP369] [AutoTrade] INJ LONG có Score = 3.4999999999999996đ < 5.5đ — bỏ qua 
2026-07-25 21:20:48: [PP369] [AutoTrade] INJ → LONG (Score: +3.4999999999999996đ) tại $5.098 
2026-07-25 21:20:48: [PP369] [AutoTrade] INJ LONG có Score = 3.4999999999999996đ < 5.5đ — bỏ qua 
2026-07-25 21:21:18: [PP369] [AutoTrade] INJ → LONG (Score: +3.4999999999999996đ) tại $5.098 
2026-07-25 21:21:18: [PP369] [AutoTrade] INJ LONG có Score = 3.4999999999999996đ < 5.5đ — bỏ qua 
2026-07-25 21:21:48: [PP369] [AutoTrade] INJ → LONG (Score: +3.4999999999999996đ) tại $5.098 
2026-07-25 21:21:48: [PP369] [AutoTrade] INJ LONG có Score = 3.4999999999999996đ < 5.5đ — bỏ qua 
2026-07-25 21:22:18: [PP369] [AutoTrade] INJ → LONG (Score: +3.4999999999999996đ) tại $5.098 
2026-07-25 21:22:18: [PP369] [AutoTrade] INJ LONG có Score = 3.4999999999999996đ < 5.5đ — bỏ qua 
2026-07-25 21:22:48: [PP369] [AutoTrade] INJ → LONG (Score: +3.4999999999999996đ) tại $5.098 
2026-07-25 21:22:48: [PP369] [AutoTrade] INJ LONG có Score = 3.4999999999999996đ < 5.5đ — bỏ qua 
2026-07-25 21:23:18: [PP369] [AutoTrade] INJ → LONG (Score: +3.4999999999999996đ) tại $5.098 
2026-07-25 21:23:18: [PP369] [AutoTrade] INJ LONG có Score = 3.4999999999999996đ < 5.5đ — bỏ qua 
2026-07-25 21:23:48: [PP369] [AutoTrade] INJ → LONG (Score: +3.4999999999999996đ) tại $5.098 
2026-07-25 21:23:48: [PP369] [AutoTrade] INJ LONG có Score = 3.4999999999999996đ < 5.5đ — bỏ qua 
2026-07-25 21:24:18: [PP369] [AutoTrade] INJ → LONG (Score: +3.4999999999999996đ) tại $5.098 
2026-07-25 21:24:18: [PP369] [AutoTrade] INJ LONG có Score = 3.4999999999999996đ < 5.5đ — bỏ qua 
2026-07-25 21:24:48: [PP369] [AutoTrade] INJ → LONG (Score: +3.4999999999999996đ) tại $5.098 
2026-07-25 21:24:48: [PP369] [AutoTrade] INJ LONG có Score = 3.4999999999999996đ < 5.5đ — bỏ qua 
2026-07-25 21:28:19: [PP369] [AutoTrade] VANRY → LONG (Score: +6.6đ) tại $0.004838 
2026-07-25 21:28:19: [PP369] [AutoTrade] Set leverage VANRYUSDT = 13x (Lưới: 3.68% → tính được 13x, giới hạn: 20x | Ký quỹ mục tiêu: $20) 
2026-07-25 21:28:19: [PP369] [AutoTrade] ✓ VANRY BUY 53741 @ $0.004838 orderId=2618494457 status=NEW 
2026-07-25 21:28:22: [PP369] [AutoTrade] ✓ Đặt TP VANRY @ $0.0048730 (đối ứng SELL) orderId=1000002473159070 
2026-07-25 21:28:22: [PP369] [AutoTrade] ✓ Đặt SL VANRY @ $0.0047990 (đối ứng SELL) orderId=1000002473159072 
2026-07-25 21:48:24: [PP369] [Binance] Đã đồng bộ giờ: offset = 129451ms (Giờ server: 2026-07-25T14:50:34.171Z) 
2026-07-25 22:03:20: [PP369] [AutoTrade] 1000SHIB → SHORT (Score: +5.199999999999999đ) tại $0.004507 
2026-07-25 22:03:20: [PP369] [AutoTrade] 1000SHIB SHORT có Score = 5.199999999999999đ < 5.5đ — bỏ qua 
2026-07-25 22:10:18: [PP369] [AutoTrade] 1000SHIB → SHORT (Score: +5.199999999999999đ) tại $0.004507 
2026-07-25 22:10:18: [PP369] [AutoTrade] 1000SHIB SHORT có Score = 5.199999999999999đ < 5.5đ — bỏ qua 
2026-07-25 22:10:48: [PP369] [AutoTrade] 1000SHIB → SHORT (Score: +5.199999999999999đ) tại $0.004507 
2026-07-25 22:10:48: [PP369] [AutoTrade] 1000SHIB SHORT có Score = 5.199999999999999đ < 5.5đ — bỏ qua 
2026-07-25 22:13:48: [PP369] [AutoTrade] 1000SHIB → SHORT (Score: +5.199999999999999đ) tại $0.004507 
2026-07-25 22:13:48: [PP369] [AutoTrade] 1000SHIB SHORT có Score = 5.199999999999999đ < 5.5đ — bỏ qua 
2026-07-25 22:14:18: [PP369] [AutoTrade] 1000SHIB → SHORT (Score: +5.199999999999999đ) tại $0.004507 
2026-07-25 22:14:18: [PP369] [AutoTrade] 1000SHIB SHORT có Score = 5.199999999999999đ < 5.5đ — bỏ qua 
2026-07-25 22:14:48: [PP369] [AutoTrade] 1000SHIB → SHORT (Score: +5.199999999999999đ) tại $0.004507 
2026-07-25 22:14:48: [PP369] [AutoTrade] 1000SHIB SHORT có Score = 5.199999999999999đ < 5.5đ — bỏ qua 
2026-07-25 22:15:18: [PP369] [AutoTrade] 1000SHIB → SHORT (Score: +5.199999999999999đ) tại $0.004507 
2026-07-25 22:15:18: [PP369] [AutoTrade] 1000SHIB SHORT có Score = 5.199999999999999đ < 5.5đ — bỏ qua 
2026-07-25 22:18:24: [PP369] [Binance] Đã đồng bộ giờ: offset = 129627ms (Giờ server: 2026-07-25T15:20:34.345Z) 
2026-07-25 22:48:24: [PP369] [Binance] Đã đồng bộ giờ: offset = 129803ms (Giờ server: 2026-07-25T15:50:34.518Z) 
2026-07-25 22:52:19: [PP369] [AutoTrade] TURBO → SHORT (Score: +4.1đ) tại $0.0008 
2026-07-25 22:52:19: [PP369] [AutoTrade] TURBO SHORT có Score = 4.1đ < 5.5đ — bỏ qua 
2026-07-25 22:52:48: [PP369] [AutoTrade] TURBO → SHORT (Score: +4.1đ) tại $0.0008 
2026-07-25 22:52:48: [PP369] [AutoTrade] TURBO SHORT có Score = 4.1đ < 5.5đ — bỏ qua 
2026-07-25 23:15:50: [PP369] [AutoTrade] KAITO → LONG (Score: +2.7đ) tại $0.9263 
2026-07-25 23:15:50: [PP369] [AutoTrade] KAITO LONG có Score = 2.7đ < 5.5đ — bỏ qua 
2026-07-25 23:16:18: [PP369] [AutoTrade] KAITO → LONG (Score: +2.7đ) tại $0.9263 
2026-07-25 23:16:18: [PP369] [AutoTrade] KAITO LONG có Score = 2.7đ < 5.5đ — bỏ qua 
2026-07-25 23:16:48: [PP369] [AutoTrade] KAITO → LONG (Score: +2.7đ) tại $0.9263 
2026-07-25 23:16:48: [PP369] [AutoTrade] KAITO LONG có Score = 2.7đ < 5.5đ — bỏ qua 
2026-07-25 23:17:18: [PP369] [AutoTrade] KAITO → LONG (Score: +2.7đ) tại $0.9263 
2026-07-25 23:17:18: [PP369] [AutoTrade] KAITO LONG có Score = 2.7đ < 5.5đ — bỏ qua 
2026-07-25 23:17:48: [PP369] [AutoTrade] KAITO → LONG (Score: +2.7đ) tại $0.9263 
2026-07-25 23:17:48: [PP369] [AutoTrade] KAITO LONG có Score = 2.7đ < 5.5đ — bỏ qua 
2026-07-25 23:18:24: [PP369] [Binance] Đã đồng bộ giờ: offset = 129978ms (Giờ server: 2026-07-25T16:20:34.694Z) 
2026-07-25 23:21:19: [PP369] [AutoTrade] H → LONG (Score: +3.0999999999999996đ) tại $0.06513 
2026-07-25 23:21:19: [PP369] [AutoTrade] H LONG có Score = 3.0999999999999996đ < 5.5đ — bỏ qua 
2026-07-25 23:21:48: [PP369] [AutoTrade] H → LONG (Score: +3.0999999999999996đ) tại $0.06513 
2026-07-25 23:21:48: [PP369] [AutoTrade] H LONG có Score = 3.0999999999999996đ < 5.5đ — bỏ qua 
2026-07-25 23:22:19: [PP369] [AutoTrade] H → LONG (Score: +3.0999999999999996đ) tại $0.06513 
2026-07-25 23:22:19: [PP369] [AutoTrade] H LONG có Score = 3.0999999999999996đ < 5.5đ — bỏ qua 
2026-07-25 23:22:48: [PP369] [AutoTrade] H → LONG (Score: +3.0999999999999996đ) tại $0.06513 
2026-07-25 23:22:48: [PP369] [AutoTrade] H LONG có Score = 3.0999999999999996đ < 5.5đ — bỏ qua 
2026-07-25 23:23:18: [PP369] [AutoTrade] H → LONG (Score: +3.0999999999999996đ) tại $0.06513 
2026-07-25 23:23:18: [PP369] [AutoTrade] H LONG có Score = 3.0999999999999996đ < 5.5đ — bỏ qua 
2026-07-25 23:24:48: [PP369] [AutoTrade] H → LONG (Score: +3.0999999999999996đ) tại $0.06513 
2026-07-25 23:24:48: [PP369] [AutoTrade] H LONG có Score = 3.0999999999999996đ < 5.5đ — bỏ qua 
2026-07-25 23:25:48: [PP369] [AutoTrade] H → LONG (Score: +3.0999999999999996đ) tại $0.06513 
2026-07-25 23:25:48: [PP369] [AutoTrade] H LONG có Score = 3.0999999999999996đ < 5.5đ — bỏ qua 
2026-07-25 23:48:24: [PP369] [Binance] Đã đồng bộ giờ: offset = 130153ms (Giờ server: 2026-07-25T16:50:34.871Z) 
2026-07-25 23:48:27: [PP369] [AutoTrade] [CoinRefresh] Tái kiểm tra danh sách: 452 → 452 coin hợp lệ theo giá hiện tại. 
2026-07-25 23:55:20: [PP369] [AutoTrade] DOGE → SHORT (Score: +6.3đ) tại $0.07241 
2026-07-25 23:55:20: [PP369] [AutoTrade] Set leverage DOGEUSDT = 16x (Lưới: 3.10% → tính được 16x, giới hạn: 75x | Ký quỹ mục tiêu: $20) 
2026-07-25 23:55:20: [PP369] [AutoTrade] ✓ DOGE SELL 4419 @ $0.07241 orderId=100853934636 status=NEW 
2026-07-26 00:00:48: [PP369] [AutoTrade] Lệnh LIMIT của DOGE đã treo quá 3 phút (3.3 phút) -> Tiến hành hủy... 
2026-07-26 00:00:48: [PP369] [AutoTrade] ✓ Đã hủy thành công lệnh LIMIT treo của DOGE 
2026-07-26 00:00:50: [PP369] [AutoTrade] DOGE → SHORT (Score: +6.5đ) tại $0.07241 
2026-07-26 00:00:50: [PP369] [AutoTrade] Set leverage DOGEUSDT = 16x (Lưới: 3.10% → tính được 16x, giới hạn: 75x | Ký quỹ mục tiêu: $20) 
2026-07-26 00:00:50: [PP369] [AutoTrade] ✓ DOGE SELL 4419 @ $0.07241 orderId=100854105678 status=NEW 
2026-07-26 00:02:30: [PP369] [AutoTrade] ✓ Đặt TP DOGE @ $0.071960 (đối ứng BUY) orderId=1000002473341541 
2026-07-26 00:02:30: [PP369] [AutoTrade] ✓ Đặt SL DOGE @ $0.072860 (đối ứng BUY) orderId=1000002473341544 
2026-07-26 00:10:27: [PP369] [AutoTrade] Trailing SL: DOGE đạt ROI 5.37% -> Dịch SL trên sàn về entry + 1% ROI ($0.07236) [Mức: Hòa vốn] 
2026-07-26 00:10:27: [PP369] [AutoTrade] Đã hủy SL cũ của DOGE (orderId=1000002473341544) 
2026-07-26 00:10:27: [PP369] [AutoTrade] ✓ Đã dịch SL mới cho DOGE @ $0.072360 (orderId=1000002473349121) 
2026-07-26 00:18:24: [PP369] [Binance] Đã đồng bộ giờ: offset = 130327ms (Giờ server: 2026-07-25T17:20:35.046Z) 
2026-07-26 00:20:20: [PP369] [AutoTrade] PENGU → SHORT (Score: +5.9đ) tại $0.006251 
2026-07-26 00:20:21: [PP369] [AutoTrade] Set leverage PENGUUSDT = 10x (Lưới: 4.69% → tính được 10x, giới hạn: 75x | Ký quỹ mục tiêu: $20) 
2026-07-26 00:20:21: [PP369] [AutoTrade] ✓ PENGU SELL 31994 @ $0.006251 orderId=9433918108 status=NEW 
2026-07-26 00:20:23: [PP369] [AutoTrade] KAITO → SHORT (Score: +2.9000000000000004đ) tại $0.9562 
2026-07-26 00:20:23: [PP369] [AutoTrade] KAITO SHORT không đạt Tiêu chí 2 (Biến động H1/M15 an toàn) — bỏ qua 
2026-07-26 00:20:50: [PP369] [AutoTrade] AERO → LONG (Score: +4.8đ) tại $0.4042 
2026-07-26 00:20:50: [PP369] [AutoTrade] AERO LONG có Score = 4.8đ < 5.5đ — bỏ qua 
2026-07-26 00:20:50: [PP369] [AutoTrade] KAITO → SHORT (Score: +2.9000000000000004đ) tại $0.9562 
2026-07-26 00:20:50: [PP369] [AutoTrade] KAITO SHORT không đạt Tiêu chí 2 (Biến động H1/M15 an toàn) — bỏ qua 
2026-07-26 00:21:12: [PP369] [AutoTrade] ✓ Đặt TP PENGU @ $0.0061880 (đối ứng BUY) orderId=1000002473358961 
2026-07-26 00:21:12: [PP369] [AutoTrade] ✓ Đặt SL PENGU @ $0.0063140 (đối ứng BUY) orderId=1000002473358964 
2026-07-26 00:26:27: [PP369] [AutoTrade] Trailing SL: PENGU đạt ROI 5.62% -> Dịch SL trên sàn về entry + 1% ROI ($0.006245) [Mức: Hòa vốn] 
2026-07-26 00:26:27: [PP369] [AutoTrade] Đã hủy SL cũ của PENGU (orderId=1000002473358964) 
2026-07-26 00:26:27: [PP369] [AutoTrade] ✓ Đã dịch SL mới cho PENGU @ $0.0062450 (orderId=1000002473363677) 
2026-07-26 00:48:24: [PP369] [Binance] Đã đồng bộ giờ: offset = 130502ms (Giờ server: 2026-07-25T17:50:35.220Z) 
2026-07-26 00:55:50: [PP369] [AutoTrade] BOME → SHORT (Score: +5.6đ) tại $0.000452 
2026-07-26 00:55:50: [PP369] [AutoTrade] Set leverage BOMEUSDT = 7x (Lưới: 7.06% → tính được 7x, giới hạn: 50x | Ký quỹ mục tiêu: $20) 
2026-07-26 00:55:50: [PP369] [AutoTrade] ✓ BOME SELL 309734 @ $0.000452 orderId=8423563453 status=NEW 
2026-07-26 00:56:09: [PP369] [AutoTrade] ✓ Đặt TP BOME @ $0.0004455 (đối ứng BUY) orderId=1000002473392902 
2026-07-26 00:56:09: [PP369] [AutoTrade] ✓ Đặt SL BOME @ $0.0004585 (đối ứng BUY) orderId=1000002473392905 
2026-07-26 01:00:12: [PP369] [AutoTrade] Trailing SL: BTC đạt ROI 9.31% -> Dịch SL trên sàn về entry + 1% ROI ($63882.6) [Mức: Hòa vốn] 
2026-07-26 01:00:12: [PP369] [AutoTrade] Đã hủy SL cũ của BTC (orderId=1000002471640481) 
2026-07-26 01:00:12: [PP369] [AutoTrade] ✓ Đã dịch SL mới cho BTC @ $63882.60 (orderId=1000002473397176) 
2026-07-26 01:00:21: [PP369] [AutoTrade] 1000SHIB → SHORT (Score: +4.3đ) tại $0.005107 
2026-07-26 01:00:21: [PP369] [AutoTrade] 1000SHIB SHORT có Score = 4.3đ < 5.5đ — bỏ qua 
2026-07-26 01:01:19: [PP369] [AutoTrade] 1000SHIB → SHORT (Score: +4.3đ) tại $0.005107 
2026-07-26 01:01:19: [PP369] [AutoTrade] 1000SHIB SHORT có Score = 4.3đ < 5.5đ — bỏ qua 
2026-07-26 01:01:49: [PP369] [AutoTrade] 1000SHIB → SHORT (Score: +4.3đ) tại $0.005107 
2026-07-26 01:01:49: [PP369] [AutoTrade] 1000SHIB SHORT có Score = 4.3đ < 5.5đ — bỏ qua 
2026-07-26 01:02:20: [PP369] [AutoTrade] MEW → SHORT (Score: +7.7đ) tại $0.000368 
2026-07-26 01:02:20: [PP369] [AutoTrade] Set leverage MEWUSDT = 6x (Lưới: 7.29% → tính được 6x, giới hạn: 50x | Ký quỹ mục tiêu: $30) 
2026-07-26 01:02:20: [PP369] [AutoTrade] ✓ MEW SELL 489130 @ $0.000368 orderId=3057969753 status=NEW 
2026-07-26 01:07:48: [PP369] [AutoTrade] Lệnh LIMIT của MEW đã treo quá 3 phút (3.3 phút) -> Tiến hành hủy... 
2026-07-26 01:07:48: [PP369] [AutoTrade] ✓ Đã hủy thành công lệnh LIMIT treo của MEW 
2026-07-26 01:18:24: [PP369] [Binance] Đã đồng bộ giờ: offset = 130678ms (Giờ server: 2026-07-25T18:20:35.397Z) 
2026-07-26 01:36:19: [PP369] [AutoTrade] BLESS → SHORT (Score: +3.6đ) tại $0.00797 
2026-07-26 01:36:19: [PP369] [AutoTrade] BLESS SHORT có Score = 3.6đ < 5.5đ — bỏ qua 
2026-07-26 01:44:31: [PP369] [AutoTrade] Trailing SL: BOME đạt ROI 5.44% -> Dịch SL trên sàn về entry + 1% ROI ($0.0004514) [Mức: Hòa vốn] 
2026-07-26 01:44:31: [PP369] [AutoTrade] Đã hủy SL cũ của BOME (orderId=1000002473392905) 
2026-07-26 01:44:31: [PP369] [AutoTrade] ✓ Đã dịch SL mới cho BOME @ $0.0004514 (orderId=1000002473435548) 
2026-07-26 01:48:24: [PP369] [Binance] Đã đồng bộ giờ: offset = 130854ms (Giờ server: 2026-07-25T18:50:35.571Z) 
2026-07-26 02:15:20: [PP369] [AutoTrade] XNY → LONG (Score: +3.5999999999999996đ) tại $0.006802 
2026-07-26 02:15:20: [PP369] [AutoTrade] XNY LONG có Score = 3.5999999999999996đ < 5.5đ — bỏ qua 
2026-07-26 02:15:49: [PP369] [AutoTrade] XNY → LONG (Score: +3.5999999999999996đ) tại $0.006802 
2026-07-26 02:15:49: [PP369] [AutoTrade] XNY LONG có Score = 3.5999999999999996đ < 5.5đ — bỏ qua 
2026-07-26 02:18:24: [PP369] [Binance] Đã đồng bộ giờ: offset = 131032ms (Giờ server: 2026-07-25T19:20:35.743Z) 
2026-07-26 02:35:20: [PP369] [AutoTrade] BLESS → SHORT (Score: +3.6đ) tại $0.00797 
2026-07-26 02:35:20: [PP369] [AutoTrade] BLESS SHORT có Score = 3.6đ < 5.5đ — bỏ qua 
2026-07-26 02:35:49: [PP369] [AutoTrade] BLESS → SHORT (Score: +3.6đ) tại $0.00797 
2026-07-26 02:35:49: [PP369] [AutoTrade] BLESS SHORT có Score = 3.6đ < 5.5đ — bỏ qua 
2026-07-26 02:36:49: [PP369] [AutoTrade] BLESS → SHORT (Score: +3.6đ) tại $0.00797 
2026-07-26 02:36:49: [PP369] [AutoTrade] BLESS SHORT có Score = 3.6đ < 5.5đ — bỏ qua 
2026-07-26 02:40:49: [PP369] [AutoTrade] BLESS → SHORT (Score: +3.6đ) tại $0.00797 
2026-07-26 02:40:49: [PP369] [AutoTrade] BLESS SHORT có Score = 3.6đ < 5.5đ — bỏ qua 
2026-07-26 02:46:19: [PP369] [AutoTrade] BLESS → SHORT (Score: +3.6đ) tại $0.00797 
2026-07-26 02:46:19: [PP369] [AutoTrade] BLESS SHORT có Score = 3.6đ < 5.5đ — bỏ qua 
2026-07-26 02:48:24: [PP369] [Binance] Đã đồng bộ giờ: offset = 131209ms (Giờ server: 2026-07-25T19:50:35.921Z) 
2026-07-26 02:57:20: [PP369] [AutoTrade] KAITO → SHORT (Score: +3.6đ) tại $0.9862 
2026-07-26 02:57:20: [PP369] [AutoTrade] KAITO SHORT có Score = 3.6đ < 5.5đ — bỏ qua 
2026-07-26 03:03:20: [PP369] [AutoTrade] ARC → LONG (Score: +3.0999999999999996đ) tại $0.05955 
2026-07-26 03:03:20: [PP369] [AutoTrade] ARC LONG có Score = 3.0999999999999996đ < 5.5đ — bỏ qua 
2026-07-26 03:03:49: [PP369] [AutoTrade] ARC → LONG (Score: +3.0999999999999996đ) tại $0.05955 
2026-07-26 03:03:49: [PP369] [AutoTrade] ARC LONG có Score = 3.0999999999999996đ < 5.5đ — bỏ qua 
2026-07-26 03:04:19: [PP369] [AutoTrade] ARC → LONG (Score: +3.0999999999999996đ) tại $0.05955 
2026-07-26 03:04:19: [PP369] [AutoTrade] ARC LONG có Score = 3.0999999999999996đ < 5.5đ — bỏ qua 
2026-07-26 03:04:49: [PP369] [AutoTrade] ARC → LONG (Score: +3.0999999999999996đ) tại $0.05955 
2026-07-26 03:04:49: [PP369] [AutoTrade] ARC LONG có Score = 3.0999999999999996đ < 5.5đ — bỏ qua 
2026-07-26 03:05:19: [PP369] [AutoTrade] ARC → LONG (Score: +3.0999999999999996đ) tại $0.05955 
2026-07-26 03:05:19: [PP369] [AutoTrade] ARC LONG có Score = 3.0999999999999996đ < 5.5đ — bỏ qua 
2026-07-26 03:05:49: [PP369] [AutoTrade] ARC → LONG (Score: +3.0999999999999996đ) tại $0.05955 
2026-07-26 03:05:49: [PP369] [AutoTrade] ARC LONG có Score = 3.0999999999999996đ < 5.5đ — bỏ qua 
2026-07-26 03:06:19: [PP369] [AutoTrade] ARC → LONG (Score: +3.0999999999999996đ) tại $0.05955 
2026-07-26 03:06:19: [PP369] [AutoTrade] ARC LONG có Score = 3.0999999999999996đ < 5.5đ — bỏ qua 
2026-07-26 03:06:49: [PP369] [AutoTrade] ARC → LONG (Score: +3.0999999999999996đ) tại $0.05955 
2026-07-26 03:06:49: [PP369] [AutoTrade] ARC LONG có Score = 3.0999999999999996đ < 5.5đ — bỏ qua 
2026-07-26 03:07:19: [PP369] [AutoTrade] ARC → LONG (Score: +3.0999999999999996đ) tại $0.05955 
2026-07-26 03:07:19: [PP369] [AutoTrade] ARC LONG có Score = 3.0999999999999996đ < 5.5đ — bỏ qua 
2026-07-26 03:07:49: [PP369] [AutoTrade] ARC → LONG (Score: +3.0999999999999996đ) tại $0.05955 
2026-07-26 03:07:49: [PP369] [AutoTrade] ARC LONG có Score = 3.0999999999999996đ < 5.5đ — bỏ qua 
2026-07-26 03:08:19: [PP369] [AutoTrade] ARC → LONG (Score: +3.0999999999999996đ) tại $0.05955 
2026-07-26 03:08:19: [PP369] [AutoTrade] ARC LONG có Score = 3.0999999999999996đ < 5.5đ — bỏ qua 
2026-07-26 03:09:19: [PP369] [AutoTrade] ARC → LONG (Score: +3.0999999999999996đ) tại $0.05955 
2026-07-26 03:09:19: [PP369] [AutoTrade] ARC LONG có Score = 3.0999999999999996đ < 5.5đ — bỏ qua 
2026-07-26 03:09:49: [PP369] [AutoTrade] ARC → LONG (Score: +3.0999999999999996đ) tại $0.05955 
2026-07-26 03:09:49: [PP369] [AutoTrade] ARC LONG có Score = 3.0999999999999996đ < 5.5đ — bỏ qua 
2026-07-26 03:10:19: [PP369] [AutoTrade] ARC → LONG (Score: +3.0999999999999996đ) tại $0.05955 
2026-07-26 03:10:19: [PP369] [AutoTrade] ARC LONG có Score = 3.0999999999999996đ < 5.5đ — bỏ qua 
2026-07-26 03:10:49: [PP369] [AutoTrade] ARC → LONG (Score: +3.0999999999999996đ) tại $0.05955 
2026-07-26 03:10:49: [PP369] [AutoTrade] ARC LONG có Score = 3.0999999999999996đ < 5.5đ — bỏ qua 
2026-07-26 03:11:19: [PP369] [AutoTrade] ARC → LONG (Score: +3.0999999999999996đ) tại $0.05955 
2026-07-26 03:11:19: [PP369] [AutoTrade] ARC LONG có Score = 3.0999999999999996đ < 5.5đ — bỏ qua 
2026-07-26 03:14:49: [PP369] [AutoTrade] ARC → LONG (Score: +3.0999999999999996đ) tại $0.05955 
2026-07-26 03:14:49: [PP369] [AutoTrade] ARC LONG có Score = 3.0999999999999996đ < 5.5đ — bỏ qua 
2026-07-26 03:15:19: [PP369] [AutoTrade] ARC → LONG (Score: +3.0999999999999996đ) tại $0.05955 
2026-07-26 03:15:19: [PP369] [AutoTrade] ARC LONG có Score = 3.0999999999999996đ < 5.5đ — bỏ qua 
2026-07-26 03:15:49: [PP369] [AutoTrade] ARC → LONG (Score: +3.0999999999999996đ) tại $0.05955 
2026-07-26 03:15:49: [PP369] [AutoTrade] ARC LONG có Score = 3.0999999999999996đ < 5.5đ — bỏ qua 
2026-07-26 03:16:19: [PP369] [AutoTrade] ARC → LONG (Score: +3.0999999999999996đ) tại $0.05955 
2026-07-26 03:16:19: [PP369] [AutoTrade] ARC LONG có Score = 3.0999999999999996đ < 5.5đ — bỏ qua 
2026-07-26 03:16:49: [PP369] [AutoTrade] ARC → LONG (Score: +3.0999999999999996đ) tại $0.05955 
2026-07-26 03:16:49: [PP369] [AutoTrade] ARC LONG có Score = 3.0999999999999996đ < 5.5đ — bỏ qua 
2026-07-26 03:17:19: [PP369] [AutoTrade] ARC → LONG (Score: +3.0999999999999996đ) tại $0.05955 
2026-07-26 03:17:19: [PP369] [AutoTrade] ARC LONG có Score = 3.0999999999999996đ < 5.5đ — bỏ qua 
2026-07-26 03:18:19: [PP369] [AutoTrade] ARC → LONG (Score: +3.0999999999999996đ) tại $0.05955 
2026-07-26 03:18:19: [PP369] [AutoTrade] ARC LONG có Score = 3.0999999999999996đ < 5.5đ — bỏ qua 
2026-07-26 03:18:24: [PP369] [Binance] Đã đồng bộ giờ: offset = 131383ms (Giờ server: 2026-07-25T20:20:36.094Z) 
2026-07-26 03:18:49: [PP369] [AutoTrade] ARC → LONG (Score: +3.0999999999999996đ) tại $0.05955 
2026-07-26 03:18:49: [PP369] [AutoTrade] ARC LONG có Score = 3.0999999999999996đ < 5.5đ — bỏ qua 
2026-07-26 03:19:19: [PP369] [AutoTrade] ARC → LONG (Score: +3.0999999999999996đ) tại $0.05955 
2026-07-26 03:19:19: [PP369] [AutoTrade] ARC LONG có Score = 3.0999999999999996đ < 5.5đ — bỏ qua 
2026-07-26 03:19:49: [PP369] [AutoTrade] ARC → LONG (Score: +3.0999999999999996đ) tại $0.05955 
2026-07-26 03:19:49: [PP369] [AutoTrade] ARC LONG có Score = 3.0999999999999996đ < 5.5đ — bỏ qua 
2026-07-26 03:20:19: [PP369] [AutoTrade] ARC → LONG (Score: +3.0999999999999996đ) tại $0.05955 
2026-07-26 03:20:19: [PP369] [AutoTrade] ARC LONG có Score = 3.0999999999999996đ < 5.5đ — bỏ qua 
2026-07-26 03:20:49: [PP369] [AutoTrade] ARC → LONG (Score: +3.0999999999999996đ) tại $0.05955 
2026-07-26 03:20:49: [PP369] [AutoTrade] ARC LONG có Score = 3.0999999999999996đ < 5.5đ — bỏ qua 
2026-07-26 03:21:19: [PP369] [AutoTrade] ARC → LONG (Score: +3.0999999999999996đ) tại $0.05955 
2026-07-26 03:21:19: [PP369] [AutoTrade] ARC LONG có Score = 3.0999999999999996đ < 5.5đ — bỏ qua 
2026-07-26 03:21:49: [PP369] [AutoTrade] ARC → LONG (Score: +3.0999999999999996đ) tại $0.05955 
2026-07-26 03:21:49: [PP369] [AutoTrade] ARC LONG có Score = 3.0999999999999996đ < 5.5đ — bỏ qua 
2026-07-26 03:22:19: [PP369] [AutoTrade] ARC → LONG (Score: +3.0999999999999996đ) tại $0.05955 
2026-07-26 03:22:19: [PP369] [AutoTrade] ARC LONG có Score = 3.0999999999999996đ < 5.5đ — bỏ qua 
2026-07-26 03:22:49: [PP369] [AutoTrade] ARC → LONG (Score: +3.0999999999999996đ) tại $0.05955 
2026-07-26 03:22:49: [PP369] [AutoTrade] ARC LONG có Score = 3.0999999999999996đ < 5.5đ — bỏ qua 
2026-07-26 03:23:19: [PP369] [AutoTrade] ARC → LONG (Score: +3.0999999999999996đ) tại $0.05955 
2026-07-26 03:23:19: [PP369] [AutoTrade] ARC LONG có Score = 3.0999999999999996đ < 5.5đ — bỏ qua 
2026-07-26 03:23:49: [PP369] [AutoTrade] ARC → LONG (Score: +3.0999999999999996đ) tại $0.05955 
2026-07-26 03:23:49: [PP369] [AutoTrade] ARC LONG có Score = 3.0999999999999996đ < 5.5đ — bỏ qua 
2026-07-26 03:24:19: [PP369] [AutoTrade] ARC → LONG (Score: +3.0999999999999996đ) tại $0.05955 
2026-07-26 03:24:19: [PP369] [AutoTrade] ARC LONG có Score = 3.0999999999999996đ < 5.5đ — bỏ qua 
2026-07-26 03:24:49: [PP369] [AutoTrade] ARC → LONG (Score: +3.0999999999999996đ) tại $0.05955 
2026-07-26 03:24:49: [PP369] [AutoTrade] ARC LONG có Score = 3.0999999999999996đ < 5.5đ — bỏ qua 
2026-07-26 03:25:19: [PP369] [AutoTrade] ARC → LONG (Score: +3.0999999999999996đ) tại $0.05955 
2026-07-26 03:25:19: [PP369] [AutoTrade] ARC LONG có Score = 3.0999999999999996đ < 5.5đ — bỏ qua 
2026-07-26 03:28:19: [PP369] [AutoTrade] ARC → LONG (Score: +3.0999999999999996đ) tại $0.05955 
2026-07-26 03:28:19: [PP369] [AutoTrade] ARC LONG có Score = 3.0999999999999996đ < 5.5đ — bỏ qua 
2026-07-26 03:37:19: [PP369] [AutoTrade] BLESS → SHORT (Score: +3.6đ) tại $0.00797 
2026-07-26 03:37:19: [PP369] [AutoTrade] BLESS SHORT có Score = 3.6đ < 5.5đ — bỏ qua 
2026-07-26 03:37:49: [PP369] [AutoTrade] BLESS → SHORT (Score: +3.6đ) tại $0.00797 
2026-07-26 03:37:49: [PP369] [AutoTrade] BLESS SHORT có Score = 3.6đ < 5.5đ — bỏ qua 
2026-07-26 03:38:19: [PP369] [AutoTrade] BLESS → SHORT (Score: +3.6đ) tại $0.00797 
2026-07-26 03:38:19: [PP369] [AutoTrade] BLESS SHORT có Score = 3.6đ < 5.5đ — bỏ qua 
2026-07-26 03:39:19: [PP369] [AutoTrade] BLESS → SHORT (Score: +3.6đ) tại $0.00797 
2026-07-26 03:39:19: [PP369] [AutoTrade] BLESS SHORT có Score = 3.6đ < 5.5đ — bỏ qua 
2026-07-26 03:39:49: [PP369] [AutoTrade] BLESS → SHORT (Score: +3.6đ) tại $0.00797 
2026-07-26 03:39:49: [PP369] [AutoTrade] BLESS SHORT có Score = 3.6đ < 5.5đ — bỏ qua 
2026-07-26 03:40:19: [PP369] [AutoTrade] BLESS → SHORT (Score: +3.6đ) tại $0.00797 
2026-07-26 03:40:19: [PP369] [AutoTrade] BLESS SHORT có Score = 3.6đ < 5.5đ — bỏ qua 
2026-07-26 03:45:49: [PP369] [AutoTrade] BLESS → SHORT (Score: +3.6đ) tại $0.00797 
2026-07-26 03:45:49: [PP369] [AutoTrade] BLESS SHORT có Score = 3.6đ < 5.5đ — bỏ qua 
2026-07-26 03:47:19: [PP369] [AutoTrade] BLESS → SHORT (Score: +3.6đ) tại $0.00797 
2026-07-26 03:47:19: [PP369] [AutoTrade] BLESS SHORT có Score = 3.6đ < 5.5đ — bỏ qua 
2026-07-26 03:47:49: [PP369] [AutoTrade] BLESS → SHORT (Score: +3.6đ) tại $0.00797 
2026-07-26 03:47:49: [PP369] [AutoTrade] BLESS SHORT có Score = 3.6đ < 5.5đ — bỏ qua 
2026-07-26 03:48:19: [PP369] [AutoTrade] BLESS → SHORT (Score: +3.6đ) tại $0.00797 
2026-07-26 03:48:19: [PP369] [AutoTrade] BLESS SHORT có Score = 3.6đ < 5.5đ — bỏ qua 
2026-07-26 03:48:24: [PP369] [Binance] Đã đồng bộ giờ: offset = 131559ms (Giờ server: 2026-07-25T20:50:36.270Z) 
2026-07-26 03:48:27: [PP369] [AutoTrade] [CoinRefresh] Tái kiểm tra danh sách: 452 → 452 coin hợp lệ theo giá hiện tại. 
2026-07-26 03:48:49: [PP369] [AutoTrade] BLESS → SHORT (Score: +3.6đ) tại $0.00797 
2026-07-26 03:48:49: [PP369] [AutoTrade] BLESS SHORT có Score = 3.6đ < 5.5đ — bỏ qua 
2026-07-26 03:49:49: [PP369] [AutoTrade] BLESS → SHORT (Score: +3.6đ) tại $0.00797 
2026-07-26 03:49:49: [PP369] [AutoTrade] BLESS SHORT có Score = 3.6đ < 5.5đ — bỏ qua 
2026-07-26 03:58:19: [PP369] [AutoTrade] BLESS → SHORT (Score: +3.6đ) tại $0.00797 
2026-07-26 03:58:19: [PP369] [AutoTrade] BLESS SHORT có Score = 3.6đ < 5.5đ — bỏ qua 
2026-07-26 03:58:49: [PP369] [AutoTrade] BLESS → SHORT (Score: +3.6đ) tại $0.00797 
2026-07-26 03:58:49: [PP369] [AutoTrade] BLESS SHORT có Score = 3.6đ < 5.5đ — bỏ qua 
2026-07-26 03:59:19: [PP369] [AutoTrade] BLESS → SHORT (Score: +3.6đ) tại $0.00797 
2026-07-26 03:59:19: [PP369] [AutoTrade] BLESS SHORT có Score = 3.6đ < 5.5đ — bỏ qua 
2026-07-26 03:59:49: [PP369] [AutoTrade] BLESS → SHORT (Score: +3.6đ) tại $0.00797 
2026-07-26 03:59:49: [PP369] [AutoTrade] BLESS SHORT có Score = 3.6đ < 5.5đ — bỏ qua 
2026-07-26 04:01:20: [PP369] [AutoTrade] BLESS → SHORT (Score: +3.1đ) tại $0.00797 
2026-07-26 04:01:20: [PP369] [AutoTrade] BLESS SHORT có Score = 3.1đ < 5.5đ — bỏ qua 
2026-07-26 04:01:49: [PP369] [AutoTrade] BLESS → SHORT (Score: +3.1đ) tại $0.00797 
2026-07-26 04:01:49: [PP369] [AutoTrade] BLESS SHORT có Score = 3.1đ < 5.5đ — bỏ qua 
2026-07-26 04:18:24: [PP369] [Binance] Đã đồng bộ giờ: offset = 131733ms (Giờ server: 2026-07-25T21:20:36.445Z) 
2026-07-26 04:48:24: [PP369] [Binance] Đã đồng bộ giờ: offset = 131908ms (Giờ server: 2026-07-25T21:50:36.620Z) 
2026-07-26 05:18:24: [PP369] [Binance] Đã đồng bộ giờ: offset = 132084ms (Giờ server: 2026-07-25T22:20:36.796Z) 
2026-07-26 05:43:51: [PP369] [AutoTrade] 1000SHIB → LONG (Score: +4.8đ) tại $0.004833 
2026-07-26 05:43:51: [PP369] [AutoTrade] 1000SHIB LONG có Score = 4.8đ < 5.5đ — bỏ qua 
2026-07-26 05:45:19: [PP369] [AutoTrade] 1000SHIB → LONG (Score: +4.8đ) tại $0.004833 
2026-07-26 05:45:19: [PP369] [AutoTrade] 1000SHIB LONG có Score = 4.8đ < 5.5đ — bỏ qua 
2026-07-26 05:45:49: [PP369] [AutoTrade] 1000SHIB → LONG (Score: +4.8đ) tại $0.004833 
2026-07-26 05:45:49: [PP369] [AutoTrade] 1000SHIB LONG có Score = 4.8đ < 5.5đ — bỏ qua 
2026-07-26 05:48:24: [PP369] [Binance] Đã đồng bộ giờ: offset = 132255ms (Giờ server: 2026-07-25T22:50:36.978Z) 
2026-07-26 06:18:24: [PP369] [Binance] Đã đồng bộ giờ: offset = 132431ms (Giờ server: 2026-07-25T23:20:37.152Z) 
2026-07-26 06:20:21: [PP369] [AutoTrade] VANRY → LONG (Score: +5.1đ) tại $0.004538 
2026-07-26 06:20:21: [PP369] [AutoTrade] VANRY LONG có Score = 5.1đ < 5.5đ — bỏ qua 
2026-07-26 06:20:49: [PP369] [AutoTrade] VANRY → LONG (Score: +5.1đ) tại $0.004538 
2026-07-26 06:20:49: [PP369] [AutoTrade] VANRY LONG có Score = 5.1đ < 5.5đ — bỏ qua 
2026-07-26 06:21:19: [PP369] [AutoTrade] VANRY → LONG (Score: +5.1đ) tại $0.004538 
2026-07-26 06:21:19: [PP369] [AutoTrade] VANRY LONG có Score = 5.1đ < 5.5đ — bỏ qua 
2026-07-26 06:21:49: [PP369] [AutoTrade] VANRY → LONG (Score: +5.1đ) tại $0.004538 
2026-07-26 06:21:49: [PP369] [AutoTrade] VANRY LONG có Score = 5.1đ < 5.5đ — bỏ qua 
2026-07-26 06:23:19: [PP369] [AutoTrade] VANRY → LONG (Score: +5.1đ) tại $0.004538 
2026-07-26 06:23:19: [PP369] [AutoTrade] VANRY LONG có Score = 5.1đ < 5.5đ — bỏ qua 
2026-07-26 06:26:20: [PP369] [AutoTrade] LDO → LONG (Score: +4.6đ) tại $0.3692 
2026-07-26 06:26:20: [PP369] [AutoTrade] LDO LONG có Score = 4.6đ < 5.5đ — bỏ qua 
2026-07-26 06:26:49: [PP369] [AutoTrade] LDO → LONG (Score: +4.6đ) tại $0.3692 
2026-07-26 06:26:49: [PP369] [AutoTrade] LDO LONG có Score = 4.6đ < 5.5đ — bỏ qua 
2026-07-26 06:26:50: [PP369] [AutoTrade] VANRY → LONG (Score: +5.1đ) tại $0.004538 
2026-07-26 06:26:50: [PP369] [AutoTrade] VANRY LONG có Score = 5.1đ < 5.5đ — bỏ qua 
2026-07-26 06:27:19: [PP369] [AutoTrade] LDO → LONG (Score: +4.6đ) tại $0.3692 
2026-07-26 06:27:19: [PP369] [AutoTrade] LDO LONG có Score = 4.6đ < 5.5đ — bỏ qua 
2026-07-26 06:27:49: [PP369] [AutoTrade] LDO → LONG (Score: +4.6đ) tại $0.3692 
2026-07-26 06:27:49: [PP369] [AutoTrade] LDO LONG có Score = 4.6đ < 5.5đ — bỏ qua 
2026-07-26 06:29:49: [PP369] [AutoTrade] VANRY → LONG (Score: +5.1đ) tại $0.004538 
2026-07-26 06:29:49: [PP369] [AutoTrade] VANRY LONG có Score = 5.1đ < 5.5đ — bỏ qua 
2026-07-26 06:30:19: [PP369] [AutoTrade] LDO → LONG (Score: +4.6đ) tại $0.3692 
2026-07-26 06:30:19: [PP369] [AutoTrade] LDO LONG có Score = 4.6đ < 5.5đ — bỏ qua 
2026-07-26 06:30:49: [PP369] [AutoTrade] LDO → LONG (Score: +4.6đ) tại $0.3692 
2026-07-26 06:30:49: [PP369] [AutoTrade] LDO LONG có Score = 4.6đ < 5.5đ — bỏ qua 
2026-07-26 06:31:19: [PP369] [AutoTrade] LDO → LONG (Score: +4.6đ) tại $0.3692 
2026-07-26 06:31:19: [PP369] [AutoTrade] LDO LONG có Score = 4.6đ < 5.5đ — bỏ qua 
2026-07-26 06:31:49: [PP369] [AutoTrade] LDO → LONG (Score: +4.6đ) tại $0.3692 
2026-07-26 06:31:49: [PP369] [AutoTrade] LDO LONG có Score = 4.6đ < 5.5đ — bỏ qua 
2026-07-26 06:31:50: [PP369] [AutoTrade] VANRY → LONG (Score: +5.1đ) tại $0.004538 
2026-07-26 06:31:50: [PP369] [AutoTrade] VANRY LONG có Score = 5.1đ < 5.5đ — bỏ qua 
2026-07-26 06:48:24: [PP369] [Binance] Đã đồng bộ giờ: offset = 132606ms (Giờ server: 2026-07-25T23:50:37.329Z) 
2026-07-26 06:49:49: [PP369] [AutoTrade] LDO → LONG (Score: +4.6đ) tại $0.3692 
2026-07-26 06:49:49: [PP369] [AutoTrade] LDO LONG có Score = 4.6đ < 5.5đ — bỏ qua 
2026-07-26 06:50:19: [PP369] [AutoTrade] LDO → LONG (Score: +4.6đ) tại $0.3692 
2026-07-26 06:50:19: [PP369] [AutoTrade] LDO LONG có Score = 4.6đ < 5.5đ — bỏ qua 
2026-07-26 06:50:49: [PP369] [AutoTrade] LDO → LONG (Score: +4.6đ) tại $0.3692 
2026-07-26 06:50:49: [PP369] [AutoTrade] LDO LONG có Score = 4.6đ < 5.5đ — bỏ qua 
2026-07-26 06:51:19: [PP369] [AutoTrade] LDO → LONG (Score: +4.6đ) tại $0.3692 
2026-07-26 06:51:19: [PP369] [AutoTrade] LDO LONG có Score = 4.6đ < 5.5đ — bỏ qua 
2026-07-26 06:51:49: [PP369] [AutoTrade] LDO → LONG (Score: +4.6đ) tại $0.3692 
2026-07-26 06:51:49: [PP369] [AutoTrade] LDO LONG có Score = 4.6đ < 5.5đ — bỏ qua 
2026-07-26 06:52:19: [PP369] [AutoTrade] LDO → LONG (Score: +4.6đ) tại $0.3692 
2026-07-26 06:52:19: [PP369] [AutoTrade] LDO LONG có Score = 4.6đ < 5.5đ — bỏ qua 
2026-07-26 06:52:49: [PP369] [AutoTrade] LDO → LONG (Score: +4.6đ) tại $0.3692 
2026-07-26 06:52:49: [PP369] [AutoTrade] LDO LONG có Score = 4.6đ < 5.5đ — bỏ qua 
2026-07-26 06:53:19: [PP369] [AutoTrade] LDO → LONG (Score: +4.6đ) tại $0.3692 
2026-07-26 06:53:19: [PP369] [AutoTrade] LDO LONG có Score = 4.6đ < 5.5đ — bỏ qua 
2026-07-26 06:53:49: [PP369] [AutoTrade] LDO → LONG (Score: +4.6đ) tại $0.3692 
2026-07-26 06:53:49: [PP369] [AutoTrade] LDO LONG có Score = 4.6đ < 5.5đ — bỏ qua 
2026-07-26 06:54:19: [PP369] [AutoTrade] LDO → LONG (Score: +4.6đ) tại $0.3692 
2026-07-26 06:54:19: [PP369] [AutoTrade] LDO LONG có Score = 4.6đ < 5.5đ — bỏ qua 
2026-07-26 06:54:49: [PP369] [AutoTrade] LDO → LONG (Score: +4.6đ) tại $0.3692 
2026-07-26 06:54:49: [PP369] [AutoTrade] LDO LONG có Score = 4.6đ < 5.5đ — bỏ qua 
2026-07-26 06:55:19: [PP369] [AutoTrade] LDO → LONG (Score: +4.6đ) tại $0.3692 
2026-07-26 06:55:19: [PP369] [AutoTrade] LDO LONG có Score = 4.6đ < 5.5đ — bỏ qua 
2026-07-26 06:55:49: [PP369] [AutoTrade] LDO → LONG (Score: +4.6đ) tại $0.3692 
2026-07-26 06:55:49: [PP369] [AutoTrade] LDO LONG có Score = 4.6đ < 5.5đ — bỏ qua 
2026-07-26 06:56:19: [PP369] [AutoTrade] LDO → LONG (Score: +4.6đ) tại $0.3692 
2026-07-26 06:56:19: [PP369] [AutoTrade] LDO LONG có Score = 4.6đ < 5.5đ — bỏ qua 
2026-07-26 06:56:49: [PP369] [AutoTrade] LDO → LONG (Score: +4.6đ) tại $0.3692 
2026-07-26 06:56:49: [PP369] [AutoTrade] LDO LONG có Score = 4.6đ < 5.5đ — bỏ qua 
2026-07-26 06:57:19: [PP369] [AutoTrade] LDO → LONG (Score: +4.6đ) tại $0.3692 
2026-07-26 06:57:19: [PP369] [AutoTrade] LDO LONG có Score = 4.6đ < 5.5đ — bỏ qua 
2026-07-26 06:57:50: [PP369] [AutoTrade] LDO → LONG (Score: +4.6đ) tại $0.3692 
2026-07-26 06:57:50: [PP369] [AutoTrade] LDO LONG có Score = 4.6đ < 5.5đ — bỏ qua 
2026-07-26 06:58:19: [PP369] [AutoTrade] LDO → LONG (Score: +4.6đ) tại $0.3692 
2026-07-26 06:58:19: [PP369] [AutoTrade] LDO LONG có Score = 4.6đ < 5.5đ — bỏ qua 
2026-07-26 06:58:49: [PP369] [AutoTrade] LDO → LONG (Score: +4.6đ) tại $0.3692 
2026-07-26 06:58:49: [PP369] [AutoTrade] LDO LONG có Score = 4.6đ < 5.5đ — bỏ qua 
2026-07-26 06:59:19: [PP369] [AutoTrade] LDO → LONG (Score: +4.6đ) tại $0.3692 
2026-07-26 06:59:19: [PP369] [AutoTrade] LDO LONG có Score = 4.6đ < 5.5đ — bỏ qua 
2026-07-26 06:59:49: [PP369] [AutoTrade] LDO → LONG (Score: +4.6đ) tại $0.3692 
2026-07-26 06:59:49: [PP369] [AutoTrade] LDO LONG có Score = 4.6đ < 5.5đ — bỏ qua 
2026-07-26 07:00:21: [PP369] [AutoTrade] LDO → LONG (Score: +4.8đ) tại $0.3692 
2026-07-26 07:00:21: [PP369] [AutoTrade] LDO LONG có Score = 4.8đ < 5.5đ — bỏ qua 
2026-07-26 07:00:23: [PP369] [AutoTrade] ORDER → LONG (Score: +2.6đ) tại $0.03343 
2026-07-26 07:00:23: [PP369] [AutoTrade] ORDER LONG có Score = 2.6đ < 5.5đ — bỏ qua 
2026-07-26 07:00:49: [PP369] [AutoTrade] LDO → LONG (Score: +4.8đ) tại $0.3692 
2026-07-26 07:00:49: [PP369] [AutoTrade] LDO LONG có Score = 4.8đ < 5.5đ — bỏ qua 
2026-07-26 07:01:19: [PP369] [AutoTrade] ORDER → LONG (Score: +2.6đ) tại $0.03343 
2026-07-26 07:01:19: [PP369] [AutoTrade] ORDER LONG có Score = 2.6đ < 5.5đ — bỏ qua 
2026-07-26 07:01:50: [PP369] [AutoTrade] VANRY → LONG (Score: +5.1đ) tại $0.004538 
2026-07-26 07:01:50: [PP369] [AutoTrade] VANRY LONG có Score = 5.1đ < 5.5đ — bỏ qua 
2026-07-26 07:01:51: [PP369] [AutoTrade] ORDER → LONG (Score: +2.6đ) tại $0.03343 
2026-07-26 07:01:51: [PP369] [AutoTrade] ORDER LONG có Score = 2.6đ < 5.5đ — bỏ qua 
2026-07-26 07:02:19: [PP369] [AutoTrade] VANRY → LONG (Score: +5.1đ) tại $0.004538 
2026-07-26 07:02:19: [PP369] [AutoTrade] VANRY LONG có Score = 5.1đ < 5.5đ — bỏ qua 
2026-07-26 07:02:50: [PP369] [AutoTrade] VANRY → LONG (Score: +5.1đ) tại $0.004538 
2026-07-26 07:02:50: [PP369] [AutoTrade] VANRY LONG có Score = 5.1đ < 5.5đ — bỏ qua 
2026-07-26 07:03:19: [PP369] [AutoTrade] VANRY → LONG (Score: +5.1đ) tại $0.004538 
2026-07-26 07:03:19: [PP369] [AutoTrade] VANRY LONG có Score = 5.1đ < 5.5đ — bỏ qua 
2026-07-26 07:03:49: [PP369] [AutoTrade] VANRY → LONG (Score: +5.1đ) tại $0.004538 
2026-07-26 07:03:49: [PP369] [AutoTrade] VANRY LONG có Score = 5.1đ < 5.5đ — bỏ qua 
2026-07-26 07:04:19: [PP369] [AutoTrade] VANRY → LONG (Score: +5.1đ) tại $0.004538 
2026-07-26 07:04:19: [PP369] [AutoTrade] VANRY LONG có Score = 5.1đ < 5.5đ — bỏ qua 
2026-07-26 07:04:50: [PP369] [AutoTrade] VANRY → LONG (Score: +5.1đ) tại $0.004538 
2026-07-26 07:04:50: [PP369] [AutoTrade] VANRY LONG có Score = 5.1đ < 5.5đ — bỏ qua 
2026-07-26 07:05:19: [PP369] [AutoTrade] VANRY → LONG (Score: +5.1đ) tại $0.004538 
2026-07-26 07:05:19: [PP369] [AutoTrade] VANRY LONG có Score = 5.1đ < 5.5đ — bỏ qua 
2026-07-26 07:05:49: [PP369] [AutoTrade] VANRY → LONG (Score: +5.1đ) tại $0.004538 
2026-07-26 07:05:49: [PP369] [AutoTrade] VANRY LONG có Score = 5.1đ < 5.5đ — bỏ qua 
2026-07-26 07:06:19: [PP369] [AutoTrade] VANRY → LONG (Score: +5.1đ) tại $0.004538 
2026-07-26 07:06:19: [PP369] [AutoTrade] VANRY LONG có Score = 5.1đ < 5.5đ — bỏ qua 
2026-07-26 07:06:49: [PP369] [AutoTrade] VANRY → LONG (Score: +5.1đ) tại $0.004538 
2026-07-26 07:06:49: [PP369] [AutoTrade] VANRY LONG có Score = 5.1đ < 5.5đ — bỏ qua 
2026-07-26 07:07:19: [PP369] [AutoTrade] VANRY → LONG (Score: +5.1đ) tại $0.004538 
2026-07-26 07:07:19: [PP369] [AutoTrade] VANRY LONG có Score = 5.1đ < 5.5đ — bỏ qua 
2026-07-26 07:07:49: [PP369] [AutoTrade] VANRY → LONG (Score: +5.1đ) tại $0.004538 
2026-07-26 07:07:49: [PP369] [AutoTrade] VANRY LONG có Score = 5.1đ < 5.5đ — bỏ qua 
2026-07-26 07:08:19: [PP369] [AutoTrade] VANRY → LONG (Score: +5.1đ) tại $0.004538 
2026-07-26 07:08:19: [PP369] [AutoTrade] VANRY LONG có Score = 5.1đ < 5.5đ — bỏ qua 
2026-07-26 07:08:49: [PP369] [AutoTrade] VANRY → LONG (Score: +5.1đ) tại $0.004538 
2026-07-26 07:08:49: [PP369] [AutoTrade] VANRY LONG có Score = 5.1đ < 5.5đ — bỏ qua 
2026-07-26 07:18:24: [PP369] [Binance] Đã đồng bộ giờ: offset = 132769ms (Giờ server: 2026-07-26T00:20:37.516Z) 
2026-07-26 07:48:24: [PP369] [Binance] Đã đồng bộ giờ: offset = 132946ms (Giờ server: 2026-07-26T00:50:37.691Z) 
2026-07-26 07:48:27: [PP369] [AutoTrade] [CoinRefresh] Tái kiểm tra danh sách: 452 → 452 coin hợp lệ theo giá hiện tại. 
2026-07-26 08:18:24: [PP369] [Binance] Đã đồng bộ giờ: offset = 133131ms (Giờ server: 2026-07-26T01:20:37.860Z) 
2026-07-26 08:44:21: [PP369] [AutoTrade] BLESS → SHORT (Score: +3.6đ) tại $0.00857 
2026-07-26 08:44:21: [PP369] [AutoTrade] BLESS SHORT không đạt Tiêu chí 2 (Biến động H1/M15 an toàn) — bỏ qua 
2026-07-26 08:48:24: [PP369] [Binance] Đã đồng bộ giờ: offset = 133307ms (Giờ server: 2026-07-26T01:50:38.054Z) 
2026-07-26 08:53:50: [PP369] [AutoTrade] 1000SHIB → SHORT (Score: +4.6đ) tại $0.005107 
2026-07-26 08:53:50: [PP369] [AutoTrade] 1000SHIB SHORT có Score = 4.6đ < 5.5đ — bỏ qua 
2026-07-26 08:54:19: [PP369] [AutoTrade] 1000SHIB → SHORT (Score: +4.6đ) tại $0.005107 
2026-07-26 08:54:19: [PP369] [AutoTrade] 1000SHIB SHORT có Score = 4.6đ < 5.5đ — bỏ qua 
2026-07-26 08:54:49: [PP369] [AutoTrade] 1000SHIB → SHORT (Score: +4.6đ) tại $0.005107 
2026-07-26 08:54:49: [PP369] [AutoTrade] 1000SHIB SHORT có Score = 4.6đ < 5.5đ — bỏ qua 
2026-07-26 09:00:21: [PP369] [AutoTrade] TURBO → SHORT (Score: +4.5đ) tại $0.00083 
2026-07-26 09:00:21: [PP369] [AutoTrade] TURBO SHORT có Score = 4.5đ < 5.5đ — bỏ qua 
2026-07-26 09:00:49: [PP369] [AutoTrade] TURBO → SHORT (Score: +4.5đ) tại $0.00083 
2026-07-26 09:00:49: [PP369] [AutoTrade] TURBO SHORT có Score = 4.5đ < 5.5đ — bỏ qua 
2026-07-26 09:01:49: [PP369] [AutoTrade] TURBO → SHORT (Score: +4.5đ) tại $0.00083 
2026-07-26 09:01:49: [PP369] [AutoTrade] TURBO SHORT có Score = 4.5đ < 5.5đ — bỏ qua 
2026-07-26 09:02:19: [PP369] [AutoTrade] TURBO → SHORT (Score: +4.5đ) tại $0.00083 
2026-07-26 09:02:19: [PP369] [AutoTrade] TURBO SHORT có Score = 4.5đ < 5.5đ — bỏ qua 
2026-07-26 09:02:49: [PP369] [AutoTrade] TURBO → SHORT (Score: +4.5đ) tại $0.00083 
2026-07-26 09:02:49: [PP369] [AutoTrade] TURBO SHORT có Score = 4.5đ < 5.5đ — bỏ qua 
2026-07-26 09:06:51: [PP369] [AutoTrade] MEME → SHORT (Score: +5.1đ) tại $0.000537 
2026-07-26 09:06:51: [PP369] [AutoTrade] MEME SHORT có Score = 5.1đ < 5.5đ — bỏ qua 
2026-07-26 09:07:19: [PP369] [AutoTrade] MEME → SHORT (Score: +5.1đ) tại $0.000537 
2026-07-26 09:07:19: [PP369] [AutoTrade] MEME SHORT có Score = 5.1đ < 5.5đ — bỏ qua 
2026-07-26 09:07:49: [PP369] [AutoTrade] MEME → SHORT (Score: +5.1đ) tại $0.000537 
2026-07-26 09:07:49: [PP369] [AutoTrade] MEME SHORT có Score = 5.1đ < 5.5đ — bỏ qua 
2026-07-26 09:08:20: [PP369] [AutoTrade] MEME → SHORT (Score: +5.1đ) tại $0.000537 
2026-07-26 09:08:20: [PP369] [AutoTrade] MEME SHORT có Score = 5.1đ < 5.5đ — bỏ qua 
2026-07-26 09:08:49: [PP369] [AutoTrade] MEME → SHORT (Score: +5.1đ) tại $0.000537 
2026-07-26 09:08:49: [PP369] [AutoTrade] MEME SHORT có Score = 5.1đ < 5.5đ — bỏ qua 
2026-07-26 09:09:19: [PP369] [AutoTrade] MEME → SHORT (Score: +5.1đ) tại $0.000537 
2026-07-26 09:09:19: [PP369] [AutoTrade] MEME SHORT có Score = 5.1đ < 5.5đ — bỏ qua 
2026-07-26 09:09:49: [PP369] [AutoTrade] MEME → SHORT (Score: +5.1đ) tại $0.000537 
2026-07-26 09:09:49: [PP369] [AutoTrade] MEME SHORT có Score = 5.1đ < 5.5đ — bỏ qua 
2026-07-26 09:10:49: [PP369] [AutoTrade] TURBO → SHORT (Score: +4.5đ) tại $0.00083 
2026-07-26 09:10:49: [PP369] [AutoTrade] TURBO SHORT có Score = 4.5đ < 5.5đ — bỏ qua 
2026-07-26 09:11:19: [PP369] [AutoTrade] TURBO → SHORT (Score: +4.5đ) tại $0.00083 
2026-07-26 09:11:19: [PP369] [AutoTrade] TURBO SHORT có Score = 4.5đ < 5.5đ — bỏ qua 
2026-07-26 09:11:49: [PP369] [AutoTrade] TURBO → SHORT (Score: +4.5đ) tại $0.00083 
2026-07-26 09:11:49: [PP369] [AutoTrade] TURBO SHORT có Score = 4.5đ < 5.5đ — bỏ qua 
2026-07-26 09:12:19: [PP369] [AutoTrade] TURBO → SHORT (Score: +4.5đ) tại $0.00083 
2026-07-26 09:12:19: [PP369] [AutoTrade] TURBO SHORT có Score = 4.5đ < 5.5đ — bỏ qua 
2026-07-26 09:18:24: [PP369] [Binance] Đã đồng bộ giờ: offset = 133487ms (Giờ server: 2026-07-26T02:20:38.226Z) 
2026-07-26 09:25:51: [PP369] [AutoTrade] 1000XEC → LONG (Score: +5.6đ) tại $0.00693 
2026-07-26 09:25:51: [PP369] [AutoTrade] Set leverage 1000XECUSDT = 13x (Lưới: 3.61% → tính được 13x, giới hạn: 75x | Ký quỹ mục tiêu: $20) 
2026-07-26 09:25:51: [PP369] [AutoTrade] ✓ 1000XEC BUY 37518 @ $0.00693 orderId=3810219042 status=NEW 
2026-07-26 09:31:19: [PP369] [AutoTrade] Lệnh LIMIT của 1000XEC đã treo quá 3 phút (3.2 phút) -> Tiến hành hủy... 
2026-07-26 09:31:19: [PP369] [AutoTrade] ✓ Đã hủy thành công lệnh LIMIT treo của 1000XEC 
2026-07-26 09:38:50: [PP369] [AutoTrade] BLESS → SHORT (Score: +4.1đ) tại $0.00857 
2026-07-26 09:38:50: [PP369] [AutoTrade] BLESS SHORT có Score = 4.1đ < 5.5đ — bỏ qua 
2026-07-26 09:41:19: [PP369] [AutoTrade] 1000XEC → LONG (Score: +5.6đ) tại $0.00693 
2026-07-26 09:41:20: [PP369] [AutoTrade] Set leverage 1000XECUSDT = 13x (Lưới: 3.61% → tính được 13x, giới hạn: 75x | Ký quỹ mục tiêu: $20) 
2026-07-26 09:41:20: [PP369] [AutoTrade] ✓ 1000XEC BUY 37518 @ $0.00693 orderId=3810231390 status=NEW 
2026-07-26 09:41:25: [PP369] [AutoTrade] ✓ Đặt TP 1000XEC @ $0.0069830 (đối ứng SELL) orderId=1000002473798711 
2026-07-26 09:41:25: [PP369] [AutoTrade] ✓ Đặt SL 1000XEC @ $0.0068770 (đối ứng SELL) orderId=1000002473798713 
2026-07-26 09:43:49: [PP369] [AutoTrade] BLESS → SHORT (Score: +3.9000000000000004đ) tại $0.00857 
2026-07-26 09:43:49: [PP369] [AutoTrade] BLESS SHORT có Score = 3.9000000000000004đ < 5.5đ — bỏ qua 
2026-07-26 09:44:19: [PP369] [AutoTrade] BLESS → SHORT (Score: +3.9000000000000004đ) tại $0.00857 
2026-07-26 09:44:19: [PP369] [AutoTrade] BLESS SHORT có Score = 3.9000000000000004đ < 5.5đ — bỏ qua 
2026-07-26 09:48:21: [PP369] [AutoTrade] MEW → SHORT (Score: +4.5đ) tại $0.000368 
2026-07-26 09:48:21: [PP369] [AutoTrade] MEW SHORT có Score = 4.5đ < 5.5đ — bỏ qua 
2026-07-26 09:48:24: [PP369] [Binance] Đã đồng bộ giờ: offset = 133647ms (Giờ server: 2026-07-26T02:50:38.401Z) 
2026-07-26 09:48:49: [PP369] [AutoTrade] MEW → SHORT (Score: +4.5đ) tại $0.000368 
2026-07-26 09:48:49: [PP369] [AutoTrade] MEW SHORT có Score = 4.5đ < 5.5đ — bỏ qua 
2026-07-26 09:58:21: [PP369] [AutoTrade] ORDI → SHORT (Score: +4đ) tại $3.856 
2026-07-26 09:58:21: [PP369] [AutoTrade] ORDI SHORT có Score = 4đ < 5.5đ — bỏ qua 
2026-07-26 09:58:49: [PP369] [AutoTrade] MEW → SHORT (Score: +4.5đ) tại $0.000368 
2026-07-26 09:58:49: [PP369] [AutoTrade] MEW SHORT có Score = 4.5đ < 5.5đ — bỏ qua 
2026-07-26 10:02:21: [PP369] [AutoTrade] MEW → SHORT (Score: +5.199999999999999đ) tại $0.000368 
2026-07-26 10:02:21: [PP369] [AutoTrade] MEW SHORT có Score = 5.199999999999999đ < 5.5đ — bỏ qua 
2026-07-26 10:02:50: [PP369] [AutoTrade] MEW → SHORT (Score: +5.199999999999999đ) tại $0.000368 
2026-07-26 10:02:50: [PP369] [AutoTrade] MEW SHORT có Score = 5.199999999999999đ < 5.5đ — bỏ qua 
2026-07-26 10:07:21: [PP369] [AutoTrade] BOME → SHORT (Score: +4.5đ) tại $0.000482 
2026-07-26 10:07:21: [PP369] [AutoTrade] BOME SHORT có Score = 4.5đ < 5.5đ — bỏ qua 
2026-07-26 10:07:50: [PP369] [AutoTrade] BOME → SHORT (Score: +4.5đ) tại $0.000482 
2026-07-26 10:07:50: [PP369] [AutoTrade] BOME SHORT có Score = 4.5đ < 5.5đ — bỏ qua 
2026-07-26 10:08:20: [PP369] [AutoTrade] BOME → SHORT (Score: +4.5đ) tại $0.000482 
2026-07-26 10:08:20: [PP369] [AutoTrade] BOME SHORT có Score = 4.5đ < 5.5đ — bỏ qua 
2026-07-26 10:08:50: [PP369] [AutoTrade] BOME → SHORT (Score: +4.5đ) tại $0.000482 
2026-07-26 10:08:50: [PP369] [AutoTrade] BOME SHORT có Score = 4.5đ < 5.5đ — bỏ qua 
2026-07-26 10:09:20: [PP369] [AutoTrade] BOME → SHORT (Score: +4.5đ) tại $0.000482 
2026-07-26 10:09:20: [PP369] [AutoTrade] BOME SHORT có Score = 4.5đ < 5.5đ — bỏ qua 
2026-07-26 10:13:21: [PP369] [AutoTrade] BLESS → SHORT (Score: +3.6đ) tại $0.00857 
2026-07-26 10:13:21: [PP369] [AutoTrade] BLESS SHORT có Score = 3.6đ < 5.5đ — bỏ qua 
2026-07-26 10:18:24: [PP369] [Binance] Đã đồng bộ giờ: offset = 133816ms (Giờ server: 2026-07-26T03:20:38.581Z) 
2026-07-26 10:28:50: [PP369] [AutoTrade] NEWT → LONG (Score: +4.8đ) tại $0.0446 
2026-07-26 10:28:50: [PP369] [AutoTrade] NEWT LONG có Score = 4.8đ < 5.5đ — bỏ qua 
2026-07-26 10:29:19: [PP369] [AutoTrade] NEWT → LONG (Score: +4.8đ) tại $0.0446 
2026-07-26 10:29:19: [PP369] [AutoTrade] NEWT LONG có Score = 4.8đ < 5.5đ — bỏ qua 
2026-07-26 10:29:49: [PP369] [AutoTrade] NEWT → LONG (Score: +4.8đ) tại $0.0446 
2026-07-26 10:29:49: [PP369] [AutoTrade] NEWT LONG có Score = 4.8đ < 5.5đ — bỏ qua 
2026-07-26 10:30:19: [PP369] [AutoTrade] NEWT → LONG (Score: +4.8đ) tại $0.0446 
2026-07-26 10:30:19: [PP369] [AutoTrade] NEWT LONG có Score = 4.8đ < 5.5đ — bỏ qua 
2026-07-26 10:30:49: [PP369] [AutoTrade] NEWT → LONG (Score: +4.8đ) tại $0.0446 
2026-07-26 10:30:49: [PP369] [AutoTrade] NEWT LONG có Score = 4.8đ < 5.5đ — bỏ qua 
2026-07-26 10:31:19: [PP369] [AutoTrade] NEWT → LONG (Score: +4.8đ) tại $0.0446 
2026-07-26 10:31:19: [PP369] [AutoTrade] NEWT LONG có Score = 4.8đ < 5.5đ — bỏ qua 
2026-07-26 10:31:49: [PP369] [AutoTrade] NEWT → LONG (Score: +4.8đ) tại $0.0446 
2026-07-26 10:31:49: [PP369] [AutoTrade] NEWT LONG có Score = 4.8đ < 5.5đ — bỏ qua 
2026-07-26 10:32:21: [PP369] [AutoTrade] CROSS → LONG (Score: +3.1đ) tại $0.0763 
2026-07-26 10:32:21: [PP369] [AutoTrade] CROSS LONG có Score = 3.1đ < 5.5đ — bỏ qua 
2026-07-26 10:32:49: [PP369] [AutoTrade] BOME → SHORT (Score: +4.5đ) tại $0.000482 
2026-07-26 10:32:49: [PP369] [AutoTrade] BOME SHORT có Score = 4.5đ < 5.5đ — bỏ qua 
2026-07-26 10:32:50: [PP369] [AutoTrade] CROSS → LONG (Score: +3.1đ) tại $0.0763 
2026-07-26 10:32:50: [PP369] [AutoTrade] CROSS LONG có Score = 3.1đ < 5.5đ — bỏ qua 
2026-07-26 10:33:19: [PP369] [AutoTrade] BOME → SHORT (Score: +4.5đ) tại $0.000482 
2026-07-26 10:33:19: [PP369] [AutoTrade] BOME SHORT có Score = 4.5đ < 5.5đ — bỏ qua 
2026-07-26 10:33:20: [PP369] [AutoTrade] CROSS → LONG (Score: +3.1đ) tại $0.0763 
2026-07-26 10:33:20: [PP369] [AutoTrade] CROSS LONG có Score = 3.1đ < 5.5đ — bỏ qua 
2026-07-26 10:33:50: [PP369] [AutoTrade] NEWT → LONG (Score: +4.8đ) tại $0.0446 
2026-07-26 10:33:50: [PP369] [AutoTrade] NEWT LONG có Score = 4.8đ < 5.5đ — bỏ qua 
2026-07-26 10:33:50: [PP369] [AutoTrade] CROSS → LONG (Score: +3.1đ) tại $0.0763 
2026-07-26 10:33:50: [PP369] [AutoTrade] CROSS LONG có Score = 3.1đ < 5.5đ — bỏ qua 
2026-07-26 10:34:20: [PP369] [AutoTrade] NEWT → LONG (Score: +4.8đ) tại $0.0446 
2026-07-26 10:34:20: [PP369] [AutoTrade] NEWT LONG có Score = 4.8đ < 5.5đ — bỏ qua 
2026-07-26 10:34:20: [PP369] [AutoTrade] CROSS → LONG (Score: +3.1đ) tại $0.0763 
2026-07-26 10:34:20: [PP369] [AutoTrade] CROSS LONG có Score = 3.1đ < 5.5đ — bỏ qua 
2026-07-26 10:34:50: [PP369] [AutoTrade] NEWT → LONG (Score: +4.8đ) tại $0.0446 
2026-07-26 10:34:50: [PP369] [AutoTrade] NEWT LONG có Score = 4.8đ < 5.5đ — bỏ qua 
2026-07-26 10:35:20: [PP369] [AutoTrade] NEWT → LONG (Score: +4.8đ) tại $0.0446 
2026-07-26 10:35:20: [PP369] [AutoTrade] NEWT LONG có Score = 4.8đ < 5.5đ — bỏ qua 
2026-07-26 10:35:50: [PP369] [AutoTrade] NEWT → LONG (Score: +4.8đ) tại $0.0446 
2026-07-26 10:35:50: [PP369] [AutoTrade] NEWT LONG có Score = 4.8đ < 5.5đ — bỏ qua 
2026-07-26 10:38:19: [PP369] [AutoTrade] NEWT → LONG (Score: +4.8đ) tại $0.0446 
2026-07-26 10:38:19: [PP369] [AutoTrade] NEWT LONG có Score = 4.8đ < 5.5đ — bỏ qua 
2026-07-26 10:38:50: [PP369] [AutoTrade] NEWT → LONG (Score: +4.8đ) tại $0.0446 
2026-07-26 10:38:50: [PP369] [AutoTrade] NEWT LONG có Score = 4.8đ < 5.5đ — bỏ qua 
2026-07-26 10:39:20: [PP369] [AutoTrade] NEWT → LONG (Score: +4.8đ) tại $0.0446 
2026-07-26 10:39:20: [PP369] [AutoTrade] NEWT LONG có Score = 4.8đ < 5.5đ — bỏ qua 
2026-07-26 10:39:50: [PP369] [AutoTrade] NEWT → LONG (Score: +4.8đ) tại $0.0446 
2026-07-26 10:39:50: [PP369] [AutoTrade] NEWT LONG có Score = 4.8đ < 5.5đ — bỏ qua 
2026-07-26 10:40:20: [PP369] [AutoTrade] NEWT → LONG (Score: +4.8đ) tại $0.0446 
2026-07-26 10:40:20: [PP369] [AutoTrade] NEWT LONG có Score = 4.8đ < 5.5đ — bỏ qua 
2026-07-26 10:40:50: [PP369] [AutoTrade] NEWT → LONG (Score: +4.8đ) tại $0.0446 
2026-07-26 10:40:50: [PP369] [AutoTrade] NEWT LONG có Score = 4.8đ < 5.5đ — bỏ qua 
2026-07-26 10:41:20: [PP369] [AutoTrade] NEWT → LONG (Score: +4.8đ) tại $0.0446 
2026-07-26 10:41:20: [PP369] [AutoTrade] NEWT LONG có Score = 4.8đ < 5.5đ — bỏ qua 
2026-07-26 10:41:50: [PP369] [AutoTrade] NEWT → LONG (Score: +4.8đ) tại $0.0446 
2026-07-26 10:41:50: [PP369] [AutoTrade] NEWT LONG có Score = 4.8đ < 5.5đ — bỏ qua 
2026-07-26 10:42:20: [PP369] [AutoTrade] NEWT → LONG (Score: +4.8đ) tại $0.0446 
2026-07-26 10:42:20: [PP369] [AutoTrade] NEWT LONG có Score = 4.8đ < 5.5đ — bỏ qua 
2026-07-26 10:42:50: [PP369] [AutoTrade] NEWT → LONG (Score: +4.8đ) tại $0.0446 
2026-07-26 10:42:50: [PP369] [AutoTrade] NEWT LONG có Score = 4.8đ < 5.5đ — bỏ qua 
2026-07-26 10:43:21: [PP369] [AutoTrade] BAN → LONG (Score: +3.1đ) tại $0.07298 
2026-07-26 10:43:21: [PP369] [AutoTrade] BAN LONG có Score = 3.1đ < 5.5đ — bỏ qua 
2026-07-26 10:43:21: [PP369] [AutoTrade] NEWT → LONG (Score: +4.8đ) tại $0.0446 
2026-07-26 10:43:21: [PP369] [AutoTrade] NEWT LONG có Score = 4.8đ < 5.5đ — bỏ qua 
2026-07-26 10:43:49: [PP369] [AutoTrade] BAN → LONG (Score: +3.1đ) tại $0.07298 
2026-07-26 10:43:49: [PP369] [AutoTrade] BAN LONG có Score = 3.1đ < 5.5đ — bỏ qua 
2026-07-26 10:43:50: [PP369] [AutoTrade] NEWT → LONG (Score: +4.8đ) tại $0.0446 
2026-07-26 10:43:50: [PP369] [AutoTrade] NEWT LONG có Score = 4.8đ < 5.5đ — bỏ qua 
2026-07-26 10:44:19: [PP369] [AutoTrade] BAN → LONG (Score: +3.1đ) tại $0.07298 
2026-07-26 10:44:19: [PP369] [AutoTrade] BAN LONG có Score = 3.1đ < 5.5đ — bỏ qua 
2026-07-26 10:44:20: [PP369] [AutoTrade] NEWT → LONG (Score: +4.8đ) tại $0.0446 
2026-07-26 10:44:20: [PP369] [AutoTrade] NEWT LONG có Score = 4.8đ < 5.5đ — bỏ qua 
2026-07-26 10:44:49: [PP369] [AutoTrade] NEWT → LONG (Score: +4.8đ) tại $0.0446 
2026-07-26 10:44:49: [PP369] [AutoTrade] NEWT LONG có Score = 4.8đ < 5.5đ — bỏ qua 
2026-07-26 10:45:19: [PP369] [AutoTrade] NEWT → LONG (Score: +4.8đ) tại $0.0446 
2026-07-26 10:45:19: [PP369] [AutoTrade] NEWT LONG có Score = 4.8đ < 5.5đ — bỏ qua 
2026-07-26 10:45:49: [PP369] [AutoTrade] BAN → LONG (Score: +2.9000000000000004đ) tại $0.07298 
2026-07-26 10:45:49: [PP369] [AutoTrade] BAN LONG có Score = 2.9000000000000004đ < 5.5đ — bỏ qua 
2026-07-26 10:45:50: [PP369] [AutoTrade] NEWT → LONG (Score: +4.8đ) tại $0.0446 
2026-07-26 10:45:50: [PP369] [AutoTrade] NEWT LONG có Score = 4.8đ < 5.5đ — bỏ qua 
2026-07-26 10:46:19: [PP369] [AutoTrade] NEWT → LONG (Score: +4.8đ) tại $0.0446 
2026-07-26 10:46:19: [PP369] [AutoTrade] NEWT LONG có Score = 4.8đ < 5.5đ — bỏ qua 
2026-07-26 10:46:49: [PP369] [AutoTrade] NEWT → LONG (Score: +4.8đ) tại $0.0446 
2026-07-26 10:46:49: [PP369] [AutoTrade] NEWT LONG có Score = 4.8đ < 5.5đ — bỏ qua 
2026-07-26 10:47:19: [PP369] [AutoTrade] NEWT → LONG (Score: +4.8đ) tại $0.0446 
2026-07-26 10:47:19: [PP369] [AutoTrade] NEWT LONG có Score = 4.8đ < 5.5đ — bỏ qua 
2026-07-26 10:47:49: [PP369] [AutoTrade] NEWT → LONG (Score: +4.8đ) tại $0.0446 
2026-07-26 10:47:50: [PP369] [AutoTrade] NEWT LONG có Score = 4.8đ < 5.5đ — bỏ qua 
2026-07-26 10:48:19: [PP369] [AutoTrade] NEWT → LONG (Score: +4.8đ) tại $0.0446 
2026-07-26 10:48:19: [PP369] [AutoTrade] NEWT LONG có Score = 4.8đ < 5.5đ — bỏ qua 
2026-07-26 10:48:24: [PP369] [Binance] Đã đồng bộ giờ: offset = 134012ms (Giờ server: 2026-07-26T03:50:38.752Z) 
2026-07-26 10:48:50: [PP369] [AutoTrade] NEWT → LONG (Score: +4.8đ) tại $0.0446 
2026-07-26 10:48:50: [PP369] [AutoTrade] NEWT LONG có Score = 4.8đ < 5.5đ — bỏ qua 
2026-07-26 10:49:19: [PP369] [AutoTrade] BAN → LONG (Score: +3.1đ) tại $0.07298 
2026-07-26 10:49:19: [PP369] [AutoTrade] BAN LONG có Score = 3.1đ < 5.5đ — bỏ qua 
2026-07-26 10:49:20: [PP369] [AutoTrade] NEWT → LONG (Score: +4.8đ) tại $0.0446 
2026-07-26 10:49:20: [PP369] [AutoTrade] NEWT LONG có Score = 4.8đ < 5.5đ — bỏ qua 
2026-07-26 10:49:50: [PP369] [AutoTrade] BAN → LONG (Score: +3.1đ) tại $0.07298 
2026-07-26 10:49:50: [PP369] [AutoTrade] BAN LONG có Score = 3.1đ < 5.5đ — bỏ qua 
2026-07-26 10:49:50: [PP369] [AutoTrade] NEWT → LONG (Score: +4.8đ) tại $0.0446 
2026-07-26 10:49:50: [PP369] [AutoTrade] NEWT LONG có Score = 4.8đ < 5.5đ — bỏ qua 
2026-07-26 10:50:20: [PP369] [AutoTrade] BAN → LONG (Score: +3.1đ) tại $0.07298 
2026-07-26 10:50:20: [PP369] [AutoTrade] BAN LONG có Score = 3.1đ < 5.5đ — bỏ qua 
2026-07-26 10:50:20: [PP369] [AutoTrade] NEWT → LONG (Score: +4.8đ) tại $0.0446 
2026-07-26 10:50:20: [PP369] [AutoTrade] NEWT LONG có Score = 4.8đ < 5.5đ — bỏ qua 
2026-07-26 10:50:50: [PP369] [AutoTrade] NEWT → LONG (Score: +4.8đ) tại $0.0446 
2026-07-26 10:50:50: [PP369] [AutoTrade] NEWT LONG có Score = 4.8đ < 5.5đ — bỏ qua 
2026-07-26 10:51:20: [PP369] [AutoTrade] NEWT → LONG (Score: +4.8đ) tại $0.0446 
2026-07-26 10:51:20: [PP369] [AutoTrade] NEWT LONG có Score = 4.8đ < 5.5đ — bỏ qua 
2026-07-26 10:51:51: [PP369] [AutoTrade] NEWT → LONG (Score: +4.8đ) tại $0.0446 
2026-07-26 10:51:51: [PP369] [AutoTrade] NEWT LONG có Score = 4.8đ < 5.5đ — bỏ qua 
2026-07-26 10:52:20: [PP369] [AutoTrade] NEWT → LONG (Score: +4.8đ) tại $0.0446 
2026-07-26 10:52:20: [PP369] [AutoTrade] NEWT LONG có Score = 4.8đ < 5.5đ — bỏ qua 
2026-07-26 10:52:50: [PP369] [AutoTrade] NEWT → LONG (Score: +4.8đ) tại $0.0446 
2026-07-26 10:52:50: [PP369] [AutoTrade] NEWT LONG có Score = 4.8đ < 5.5đ — bỏ qua 
2026-07-26 10:53:20: [PP369] [AutoTrade] NEWT → LONG (Score: +4.8đ) tại $0.0446 
2026-07-26 10:53:20: [PP369] [AutoTrade] NEWT LONG có Score = 4.8đ < 5.5đ — bỏ qua 
2026-07-26 10:53:50: [PP369] [AutoTrade] NEWT → LONG (Score: +4.8đ) tại $0.0446 
2026-07-26 10:53:50: [PP369] [AutoTrade] NEWT LONG có Score = 4.8đ < 5.5đ — bỏ qua 
2026-07-26 10:54:20: [PP369] [AutoTrade] BAN → LONG (Score: +3.1đ) tại $0.07298 
2026-07-26 10:54:20: [PP369] [AutoTrade] BAN LONG có Score = 3.1đ < 5.5đ — bỏ qua 
2026-07-26 10:54:20: [PP369] [AutoTrade] NEWT → LONG (Score: +4.8đ) tại $0.0446 
2026-07-26 10:54:20: [PP369] [AutoTrade] NEWT LONG có Score = 4.8đ < 5.5đ — bỏ qua 
2026-07-26 10:54:50: [PP369] [AutoTrade] NEWT → LONG (Score: +4.8đ) tại $0.0446 
2026-07-26 10:54:50: [PP369] [AutoTrade] NEWT LONG có Score = 4.8đ < 5.5đ — bỏ qua 
2026-07-26 10:55:20: [PP369] [AutoTrade] NEWT → LONG (Score: +4.8đ) tại $0.0446 
2026-07-26 10:55:20: [PP369] [AutoTrade] NEWT LONG có Score = 4.8đ < 5.5đ — bỏ qua 
2026-07-26 10:55:50: [PP369] [AutoTrade] NEWT → LONG (Score: +4.8đ) tại $0.0446 
2026-07-26 10:55:50: [PP369] [AutoTrade] NEWT LONG có Score = 4.8đ < 5.5đ — bỏ qua 
2026-07-26 10:56:20: [PP369] [AutoTrade] NEWT → LONG (Score: +4.8đ) tại $0.0446 
2026-07-26 10:56:20: [PP369] [AutoTrade] NEWT LONG có Score = 4.8đ < 5.5đ — bỏ qua 
2026-07-26 10:56:50: [PP369] [AutoTrade] NEWT → LONG (Score: +4.8đ) tại $0.0446 
2026-07-26 10:56:50: [PP369] [AutoTrade] NEWT LONG có Score = 4.8đ < 5.5đ — bỏ qua 
2026-07-26 10:57:20: [PP369] [AutoTrade] NEWT → LONG (Score: +4.8đ) tại $0.0446 
2026-07-26 10:57:20: [PP369] [AutoTrade] NEWT LONG có Score = 4.8đ < 5.5đ — bỏ qua 
2026-07-26 10:57:52: [PP369] [AutoTrade] NEWT → LONG (Score: +4.8đ) tại $0.0446 
2026-07-26 10:57:52: [PP369] [AutoTrade] NEWT LONG có Score = 4.8đ < 5.5đ — bỏ qua 
2026-07-26 10:58:20: [PP369] [AutoTrade] NEWT → LONG (Score: +4.8đ) tại $0.0446 
2026-07-26 10:58:20: [PP369] [AutoTrade] NEWT LONG có Score = 4.8đ < 5.5đ — bỏ qua 
2026-07-26 10:58:50: [PP369] [AutoTrade] NEWT → LONG (Score: +4.8đ) tại $0.0446 
2026-07-26 10:58:50: [PP369] [AutoTrade] NEWT LONG có Score = 4.8đ < 5.5đ — bỏ qua 
2026-07-26 10:59:20: [PP369] [AutoTrade] NEWT → LONG (Score: +4.8đ) tại $0.0446 
2026-07-26 10:59:20: [PP369] [AutoTrade] NEWT LONG có Score = 4.8đ < 5.5đ — bỏ qua 
2026-07-26 10:59:50: [PP369] [AutoTrade] NEWT → LONG (Score: +4.8đ) tại $0.0446 
2026-07-26 10:59:50: [PP369] [AutoTrade] NEWT LONG có Score = 4.8đ < 5.5đ — bỏ qua 
2026-07-26 11:00:22: [PP369] [AutoTrade] WLD → LONG (Score: +6.1đ) tại $0.3305 
2026-07-26 11:00:22: [PP369] [AutoTrade] Set leverage WLDUSDT = 5x (Lưới: 8.71% → tính được 5x, giới hạn: 75x | Ký quỹ mục tiêu: $20) 
2026-07-26 11:00:22: [PP369] [AutoTrade] ✓ WLD BUY 302 @ $0.3305 orderId=22759037029 status=NEW 
2026-07-26 11:05:21: [PP369] [AutoTrade] CROSS → LONG (Score: +3.1đ) tại $0.0763 
2026-07-26 11:05:21: [PP369] [AutoTrade] CROSS LONG có Score = 3.1đ < 5.5đ — bỏ qua 
2026-07-26 11:05:49: [PP369] [AutoTrade] Lệnh LIMIT của WLD đã treo quá 3 phút (3.2 phút) -> Tiến hành hủy... 
2026-07-26 11:05:49: [PP369] [AutoTrade] ✓ Đã hủy thành công lệnh LIMIT treo của WLD 
2026-07-26 11:05:50: [PP369] [AutoTrade] CROSS → LONG (Score: +3.1đ) tại $0.0763 
2026-07-26 11:05:50: [PP369] [AutoTrade] CROSS LONG có Score = 3.1đ < 5.5đ — bỏ qua 
2026-07-26 11:08:21: [PP369] [AutoTrade] BAN → LONG (Score: +4.3đ) tại $0.07298 
2026-07-26 11:08:21: [PP369] [AutoTrade] BAN LONG có Score = 4.3đ < 5.5đ — bỏ qua 
2026-07-26 11:08:50: [PP369] [AutoTrade] BAN → LONG (Score: +4.3đ) tại $0.07298 
2026-07-26 11:08:50: [PP369] [AutoTrade] BAN LONG có Score = 4.3đ < 5.5đ — bỏ qua 
2026-07-26 11:09:20: [PP369] [AutoTrade] BAN → LONG (Score: +4.3đ) tại $0.07298 
2026-07-26 11:09:20: [PP369] [AutoTrade] BAN LONG có Score = 4.3đ < 5.5đ — bỏ qua 
2026-07-26 11:09:50: [PP369] [AutoTrade] BAN → LONG (Score: +4.3đ) tại $0.07298 
2026-07-26 11:09:50: [PP369] [AutoTrade] BAN LONG có Score = 4.3đ < 5.5đ — bỏ qua 
2026-07-26 11:10:20: [PP369] [AutoTrade] BAN → LONG (Score: +4.3đ) tại $0.07298 
2026-07-26 11:10:20: [PP369] [AutoTrade] BAN LONG có Score = 4.3đ < 5.5đ — bỏ qua 
2026-07-26 11:10:50: [PP369] [AutoTrade] BAN → LONG (Score: +4.3đ) tại $0.07298 
2026-07-26 11:10:50: [PP369] [AutoTrade] BAN LONG có Score = 4.3đ < 5.5đ — bỏ qua 
2026-07-26 11:11:20: [PP369] [AutoTrade] BAN → LONG (Score: +4.3đ) tại $0.07298 
2026-07-26 11:11:20: [PP369] [AutoTrade] BAN LONG có Score = 4.3đ < 5.5đ — bỏ qua 
2026-07-26 11:11:50: [PP369] [AutoTrade] BAN → LONG (Score: +4.3đ) tại $0.07298 
2026-07-26 11:11:50: [PP369] [AutoTrade] BAN LONG có Score = 4.3đ < 5.5đ — bỏ qua 
2026-07-26 11:12:21: [PP369] [AutoTrade] BAN → LONG (Score: +4.3đ) tại $0.07298 
2026-07-26 11:12:21: [PP369] [AutoTrade] BAN LONG có Score = 4.3đ < 5.5đ — bỏ qua 
2026-07-26 11:18:24: [PP369] [Binance] Đã đồng bộ giờ: offset = 134184ms (Giờ server: 2026-07-26T04:20:38.935Z) 
2026-07-26 11:48:24: [PP369] [Binance] Đã đồng bộ giờ: offset = 134358ms (Giờ server: 2026-07-26T04:50:39.109Z) 
2026-07-26 11:48:27: [PP369] [AutoTrade] [CoinRefresh] Tái kiểm tra danh sách: 452 → 453 coin hợp lệ theo giá hiện tại. 
2026-07-26 12:01:21: [PP369] [AutoTrade] PIEVERSE → SHORT (Score: +4.699999999999999đ) tại $0.7576 
2026-07-26 12:01:21: [PP369] [AutoTrade] PIEVERSE SHORT không đạt Tiêu chí 2 (Biến động H1/M15 an toàn) — bỏ qua 
2026-07-26 12:18:24: [PP369] [Binance] Đã đồng bộ giờ: offset = 134534ms (Giờ server: 2026-07-26T05:20:39.285Z) 
2026-07-26 12:25:50: [PP369] [AutoTrade] PIEVERSE → SHORT (Score: +3.8đ) tại $0.7876 
2026-07-26 12:25:50: [PP369] [AutoTrade] PIEVERSE SHORT không đạt Tiêu chí 2 (Biến động H1/M15 an toàn) — bỏ qua 
2026-07-26 12:30:21: [PP369] [AutoTrade] GMX → LONG (Score: +3.5999999999999996đ) tại $6.523 
2026-07-26 12:30:21: [PP369] [AutoTrade] GMX LONG có Score = 3.5999999999999996đ < 5.5đ — bỏ qua 
2026-07-26 12:30:50: [PP369] [AutoTrade] GMX → LONG (Score: +3.5999999999999996đ) tại $6.523 
2026-07-26 12:30:50: [PP369] [AutoTrade] GMX LONG có Score = 3.5999999999999996đ < 5.5đ — bỏ qua 
2026-07-26 12:31:19: [PP369] [AutoTrade] GMX → LONG (Score: +3.5999999999999996đ) tại $6.523 
2026-07-26 12:31:19: [PP369] [AutoTrade] GMX LONG có Score = 3.5999999999999996đ < 5.5đ — bỏ qua 
2026-07-26 12:31:50: [PP369] [AutoTrade] GMX → LONG (Score: +3.5999999999999996đ) tại $6.523 
2026-07-26 12:31:50: [PP369] [AutoTrade] GMX LONG có Score = 3.5999999999999996đ < 5.5đ — bỏ qua 
2026-07-26 12:33:19: [PP369] [AutoTrade] GMX → LONG (Score: +3.5999999999999996đ) tại $6.523 
2026-07-26 12:33:19: [PP369] [AutoTrade] GMX LONG có Score = 3.5999999999999996đ < 5.5đ — bỏ qua 
2026-07-26 12:33:50: [PP369] [AutoTrade] GMX → LONG (Score: +3.5999999999999996đ) tại $6.523 
2026-07-26 12:33:50: [PP369] [AutoTrade] GMX LONG có Score = 3.5999999999999996đ < 5.5đ — bỏ qua 
2026-07-26 12:34:20: [PP369] [AutoTrade] GMX → LONG (Score: +3.5999999999999996đ) tại $6.523 
2026-07-26 12:34:20: [PP369] [AutoTrade] GMX LONG có Score = 3.5999999999999996đ < 5.5đ — bỏ qua 
2026-07-26 12:34:49: [PP369] [AutoTrade] GMX → LONG (Score: +3.5999999999999996đ) tại $6.523 
2026-07-26 12:34:49: [PP369] [AutoTrade] GMX LONG có Score = 3.5999999999999996đ < 5.5đ — bỏ qua 
2026-07-26 12:35:19: [PP369] [AutoTrade] GMX → LONG (Score: +3.5999999999999996đ) tại $6.523 
2026-07-26 12:35:19: [PP369] [AutoTrade] GMX LONG có Score = 3.5999999999999996đ < 5.5đ — bỏ qua 
2026-07-26 12:38:51: [PP369] [AutoTrade] SWARMS → SHORT (Score: +5.3đ) tại $0.00708 
2026-07-26 12:38:51: [PP369] [AutoTrade] SWARMS SHORT có Score = 5.3đ < 5.5đ — bỏ qua 
2026-07-26 12:39:19: [PP369] [AutoTrade] SWARMS → SHORT (Score: +5.3đ) tại $0.00708 
2026-07-26 12:39:19: [PP369] [AutoTrade] SWARMS SHORT có Score = 5.3đ < 5.5đ — bỏ qua 
2026-07-26 12:39:51: [PP369] [AutoTrade] SWARMS → SHORT (Score: +5.3đ) tại $0.00708 
2026-07-26 12:39:51: [PP369] [AutoTrade] SWARMS SHORT có Score = 5.3đ < 5.5đ — bỏ qua 
2026-07-26 12:40:20: [PP369] [AutoTrade] SWARMS → SHORT (Score: +5.3đ) tại $0.00708 
2026-07-26 12:40:20: [PP369] [AutoTrade] SWARMS SHORT có Score = 5.3đ < 5.5đ — bỏ qua 
2026-07-26 12:40:50: [PP369] [AutoTrade] SWARMS → SHORT (Score: +5.3đ) tại $0.00708 
2026-07-26 12:40:50: [PP369] [AutoTrade] SWARMS SHORT có Score = 5.3đ < 5.5đ — bỏ qua 
2026-07-26 12:41:20: [PP369] [AutoTrade] SWARMS → SHORT (Score: +5.3đ) tại $0.00708 
2026-07-26 12:41:20: [PP369] [AutoTrade] SWARMS SHORT có Score = 5.3đ < 5.5đ — bỏ qua 
2026-07-26 12:41:50: [PP369] [AutoTrade] SWARMS → SHORT (Score: +5.3đ) tại $0.00708 
2026-07-26 12:41:50: [PP369] [AutoTrade] SWARMS SHORT có Score = 5.3đ < 5.5đ — bỏ qua 
2026-07-26 12:42:21: [PP369] [AutoTrade] SWARMS → SHORT (Score: +5.3đ) tại $0.00708 
2026-07-26 12:42:21: [PP369] [AutoTrade] SWARMS SHORT có Score = 5.3đ < 5.5đ — bỏ qua 
2026-07-26 12:42:51: [PP369] [AutoTrade] PNUT → SHORT (Score: +4.5đ) tại $0.04473 
2026-07-26 12:42:51: [PP369] [AutoTrade] PNUT SHORT có Score = 4.5đ < 5.5đ — bỏ qua 
2026-07-26 12:42:51: [PP369] [AutoTrade] SWARMS → SHORT (Score: +5.3đ) tại $0.00708 
2026-07-26 12:42:51: [PP369] [AutoTrade] SWARMS SHORT có Score = 5.3đ < 5.5đ — bỏ qua 
2026-07-26 12:43:20: [PP369] [AutoTrade] SWARMS → SHORT (Score: +5.3đ) tại $0.00708 
2026-07-26 12:43:20: [PP369] [AutoTrade] SWARMS SHORT có Score = 5.3đ < 5.5đ — bỏ qua 
2026-07-26 12:43:50: [PP369] [AutoTrade] SWARMS → SHORT (Score: +5.3đ) tại $0.00708 
2026-07-26 12:43:50: [PP369] [AutoTrade] SWARMS SHORT có Score = 5.3đ < 5.5đ — bỏ qua 
2026-07-26 12:44:20: [PP369] [AutoTrade] PNUT → SHORT (Score: +4.3đ) tại $0.04473 
2026-07-26 12:44:20: [PP369] [AutoTrade] PNUT SHORT có Score = 4.3đ < 5.5đ — bỏ qua 
2026-07-26 12:44:20: [PP369] [AutoTrade] SWARMS → SHORT (Score: +5.3đ) tại $0.00708 
2026-07-26 12:44:20: [PP369] [AutoTrade] SWARMS SHORT có Score = 5.3đ < 5.5đ — bỏ qua 
2026-07-26 12:44:50: [PP369] [AutoTrade] PNUT → SHORT (Score: +4.3đ) tại $0.04473 
2026-07-26 12:44:50: [PP369] [AutoTrade] PNUT SHORT có Score = 4.3đ < 5.5đ — bỏ qua 
2026-07-26 12:44:50: [PP369] [AutoTrade] SWARMS → SHORT (Score: +5.3đ) tại $0.00708 
2026-07-26 12:44:50: [PP369] [AutoTrade] SWARMS SHORT có Score = 5.3đ < 5.5đ — bỏ qua 
2026-07-26 12:45:20: [PP369] [AutoTrade] BOME → SHORT (Score: +4.9đ) tại $0.000512 
2026-07-26 12:45:20: [PP369] [AutoTrade] BOME SHORT có Score = 4.9đ < 5.5đ — bỏ qua 
2026-07-26 12:45:21: [PP369] [AutoTrade] SWARMS → SHORT (Score: +5.3đ) tại $0.00708 
2026-07-26 12:45:21: [PP369] [AutoTrade] SWARMS SHORT có Score = 5.3đ < 5.5đ — bỏ qua 
2026-07-26 12:45:50: [PP369] [AutoTrade] BOME → SHORT (Score: +4.9đ) tại $0.000512 
2026-07-26 12:45:50: [PP369] [AutoTrade] BOME SHORT có Score = 4.9đ < 5.5đ — bỏ qua 
2026-07-26 12:47:20: [PP369] [AutoTrade] PNUT → SHORT (Score: +4.3đ) tại $0.04473 
2026-07-26 12:47:20: [PP369] [AutoTrade] PNUT SHORT có Score = 4.3đ < 5.5đ — bỏ qua 
2026-07-26 12:47:50: [PP369] [AutoTrade] PNUT → SHORT (Score: +4.3đ) tại $0.04473 
2026-07-26 12:47:50: [PP369] [AutoTrade] PNUT SHORT có Score = 4.3đ < 5.5đ — bỏ qua 
2026-07-26 12:48:20: [PP369] [AutoTrade] PNUT → SHORT (Score: +4.3đ) tại $0.04473 
2026-07-26 12:48:20: [PP369] [AutoTrade] PNUT SHORT có Score = 4.3đ < 5.5đ — bỏ qua 
2026-07-26 12:48:24: [PP369] [Binance] Đã đồng bộ giờ: offset = 134709ms (Giờ server: 2026-07-26T05:50:39.460Z) 
2026-07-26 12:52:51: [PP369] [AutoTrade] BRETT → SHORT (Score: +3.3đ) tại $0.0047 
2026-07-26 12:52:51: [PP369] [AutoTrade] BRETT SHORT có Score = 3.3đ < 5.5đ — bỏ qua 
2026-07-26 13:18:24: [PP369] [Binance] Đã đồng bộ giờ: offset = 134885ms (Giờ server: 2026-07-26T06:20:39.648Z) 
2026-07-26 13:18:51: [PP369] [AutoTrade] BANANA → LONG (Score: +4.1đ) tại $3.557 
2026-07-26 13:18:51: [PP369] [AutoTrade] BANANA LONG có Score = 4.1đ < 5.5đ — bỏ qua 
2026-07-26 13:19:20: [PP369] [AutoTrade] BANANA → LONG (Score: +4.1đ) tại $3.557 
2026-07-26 13:19:20: [PP369] [AutoTrade] BANANA LONG có Score = 4.1đ < 5.5đ — bỏ qua 
2026-07-26 13:19:50: [PP369] [AutoTrade] BANANA → LONG (Score: +4.1đ) tại $3.557 
2026-07-26 13:19:50: [PP369] [AutoTrade] BANANA LONG có Score = 4.1đ < 5.5đ — bỏ qua 
2026-07-26 13:20:20: [PP369] [AutoTrade] BANANA → LONG (Score: +4.1đ) tại $3.557 
2026-07-26 13:20:20: [PP369] [AutoTrade] BANANA LONG có Score = 4.1đ < 5.5đ — bỏ qua 
2026-07-26 13:20:50: [PP369] [AutoTrade] BANANA → LONG (Score: +4.1đ) tại $3.557 
2026-07-26 13:20:50: [PP369] [AutoTrade] BANANA LONG có Score = 4.1đ < 5.5đ — bỏ qua 
2026-07-26 13:21:20: [PP369] [AutoTrade] BANANA → LONG (Score: +4.1đ) tại $3.557 
2026-07-26 13:21:20: [PP369] [AutoTrade] BANANA LONG có Score = 4.1đ < 5.5đ — bỏ qua 
2026-07-26 13:21:50: [PP369] [AutoTrade] BANANA → LONG (Score: +4.1đ) tại $3.557 
2026-07-26 13:21:50: [PP369] [AutoTrade] BANANA LONG có Score = 4.1đ < 5.5đ — bỏ qua 
2026-07-26 13:22:20: [PP369] [AutoTrade] BANANA → LONG (Score: +4.1đ) tại $3.557 
2026-07-26 13:22:20: [PP369] [AutoTrade] BANANA LONG có Score = 4.1đ < 5.5đ — bỏ qua 
2026-07-26 13:22:50: [PP369] [AutoTrade] BANANA → LONG (Score: +4.1đ) tại $3.557 
2026-07-26 13:22:50: [PP369] [AutoTrade] BANANA LONG có Score = 4.1đ < 5.5đ — bỏ qua 
2026-07-26 13:23:50: [PP369] [AutoTrade] BANANA → LONG (Score: +4.1đ) tại $3.557 
2026-07-26 13:23:50: [PP369] [AutoTrade] BANANA LONG có Score = 4.1đ < 5.5đ — bỏ qua 
2026-07-26 13:24:20: [PP369] [AutoTrade] BANANA → LONG (Score: +4.1đ) tại $3.557 
2026-07-26 13:24:20: [PP369] [AutoTrade] BANANA LONG có Score = 4.1đ < 5.5đ — bỏ qua 
2026-07-26 13:24:50: [PP369] [AutoTrade] BANANA → LONG (Score: +4.1đ) tại $3.557 
2026-07-26 13:24:50: [PP369] [AutoTrade] BANANA LONG có Score = 4.1đ < 5.5đ — bỏ qua 
2026-07-26 13:25:50: [PP369] [AutoTrade] BANANA → LONG (Score: +4.1đ) tại $3.557 
2026-07-26 13:25:50: [PP369] [AutoTrade] BANANA LONG có Score = 4.1đ < 5.5đ — bỏ qua 
2026-07-26 13:26:20: [PP369] [AutoTrade] BANANA → LONG (Score: +4.1đ) tại $3.557 
2026-07-26 13:26:20: [PP369] [AutoTrade] BANANA LONG có Score = 4.1đ < 5.5đ — bỏ qua 
2026-07-26 13:27:21: [PP369] [AutoTrade] ONT → SHORT (Score: +4.5đ) tại $0.043 
2026-07-26 13:27:21: [PP369] [AutoTrade] ONT SHORT có Score = 4.5đ < 5.5đ — bỏ qua 
2026-07-26 13:27:21: [PP369] [AutoTrade] BANANA → LONG (Score: +4.1đ) tại $3.557 
2026-07-26 13:27:21: [PP369] [AutoTrade] BANANA LONG có Score = 4.1đ < 5.5đ — bỏ qua 
2026-07-26 13:27:50: [PP369] [AutoTrade] ONT → SHORT (Score: +4.5đ) tại $0.043 
2026-07-26 13:27:50: [PP369] [AutoTrade] ONT SHORT có Score = 4.5đ < 5.5đ — bỏ qua 
2026-07-26 13:27:50: [PP369] [AutoTrade] BANANA → LONG (Score: +4.1đ) tại $3.557 
2026-07-26 13:27:50: [PP369] [AutoTrade] BANANA LONG có Score = 4.1đ < 5.5đ — bỏ qua 
2026-07-26 13:28:20: [PP369] [AutoTrade] BANANA → LONG (Score: +4.1đ) tại $3.557 
2026-07-26 13:28:20: [PP369] [AutoTrade] BANANA LONG có Score = 4.1đ < 5.5đ — bỏ qua 
2026-07-26 13:28:50: [PP369] [AutoTrade] BANANA → LONG (Score: +4.1đ) tại $3.557 
2026-07-26 13:28:50: [PP369] [AutoTrade] BANANA LONG có Score = 4.1đ < 5.5đ — bỏ qua 
2026-07-26 13:29:20: [PP369] [AutoTrade] BANANA → LONG (Score: +4.1đ) tại $3.557 
2026-07-26 13:29:20: [PP369] [AutoTrade] BANANA LONG có Score = 4.1đ < 5.5đ — bỏ qua 
2026-07-26 13:29:50: [PP369] [AutoTrade] BANANA → LONG (Score: +4.1đ) tại $3.557 
2026-07-26 13:29:50: [PP369] [AutoTrade] BANANA LONG có Score = 4.1đ < 5.5đ — bỏ qua 
2026-07-26 13:30:20: [PP369] [AutoTrade] BANANA → LONG (Score: +4.1đ) tại $3.557 
2026-07-26 13:30:20: [PP369] [AutoTrade] BANANA LONG có Score = 4.1đ < 5.5đ — bỏ qua 
2026-07-26 13:30:50: [PP369] [AutoTrade] BANANA → LONG (Score: +4.1đ) tại $3.557 
2026-07-26 13:30:50: [PP369] [AutoTrade] BANANA LONG có Score = 4.1đ < 5.5đ — bỏ qua 
2026-07-26 13:31:20: [PP369] [AutoTrade] BANANA → LONG (Score: +4.1đ) tại $3.557 
2026-07-26 13:31:20: [PP369] [AutoTrade] BANANA LONG có Score = 4.1đ < 5.5đ — bỏ qua 
2026-07-26 13:31:50: [PP369] [AutoTrade] ONT → SHORT (Score: +4.5đ) tại $0.043 
2026-07-26 13:31:50: [PP369] [AutoTrade] ONT SHORT có Score = 4.5đ < 5.5đ — bỏ qua 
2026-07-26 13:31:50: [PP369] [AutoTrade] BANANA → LONG (Score: +4.1đ) tại $3.557 
2026-07-26 13:31:50: [PP369] [AutoTrade] BANANA LONG có Score = 4.1đ < 5.5đ — bỏ qua 
2026-07-26 13:32:20: [PP369] [AutoTrade] BANANA → LONG (Score: +4.1đ) tại $3.557 
2026-07-26 13:32:20: [PP369] [AutoTrade] BANANA LONG có Score = 4.1đ < 5.5đ — bỏ qua 
2026-07-26 13:32:50: [PP369] [AutoTrade] BANANA → LONG (Score: +4.1đ) tại $3.557 
2026-07-26 13:32:50: [PP369] [AutoTrade] BANANA LONG có Score = 4.1đ < 5.5đ — bỏ qua 
2026-07-26 13:33:20: [PP369] [AutoTrade] ONT → SHORT (Score: +4.5đ) tại $0.043 
2026-07-26 13:33:20: [PP369] [AutoTrade] ONT SHORT có Score = 4.5đ < 5.5đ — bỏ qua 
2026-07-26 13:33:20: [PP369] [AutoTrade] BANANA → LONG (Score: +4.1đ) tại $3.557 
2026-07-26 13:33:20: [PP369] [AutoTrade] BANANA LONG có Score = 4.1đ < 5.5đ — bỏ qua 
2026-07-26 13:33:50: [PP369] [AutoTrade] BANANA → LONG (Score: +4.1đ) tại $3.557 
2026-07-26 13:33:50: [PP369] [AutoTrade] BANANA LONG có Score = 4.1đ < 5.5đ — bỏ qua 
2026-07-26 13:34:20: [PP369] [AutoTrade] BANANA → LONG (Score: +4.1đ) tại $3.557 
2026-07-26 13:34:20: [PP369] [AutoTrade] BANANA LONG có Score = 4.1đ < 5.5đ — bỏ qua 
2026-07-26 13:34:50: [PP369] [AutoTrade] BANANA → LONG (Score: +4.1đ) tại $3.557 
2026-07-26 13:34:50: [PP369] [AutoTrade] BANANA LONG có Score = 4.1đ < 5.5đ — bỏ qua 
2026-07-26 13:35:20: [PP369] [AutoTrade] BANANA → LONG (Score: +4.1đ) tại $3.557 
2026-07-26 13:35:20: [PP369] [AutoTrade] BANANA LONG có Score = 4.1đ < 5.5đ — bỏ qua 
2026-07-26 13:35:50: [PP369] [AutoTrade] GMX → LONG (Score: +4.3đ) tại $6.523 
2026-07-26 13:35:50: [PP369] [AutoTrade] GMX LONG có Score = 4.3đ < 5.5đ — bỏ qua 
2026-07-26 13:35:51: [PP369] [AutoTrade] BANANA → LONG (Score: +4.1đ) tại $3.557 
2026-07-26 13:35:51: [PP369] [AutoTrade] BANANA LONG có Score = 4.1đ < 5.5đ — bỏ qua 
2026-07-26 13:36:20: [PP369] [AutoTrade] GMX → LONG (Score: +4.3đ) tại $6.523 
2026-07-26 13:36:20: [PP369] [AutoTrade] GMX LONG có Score = 4.3đ < 5.5đ — bỏ qua 
2026-07-26 13:36:20: [PP369] [AutoTrade] BANANA → LONG (Score: +4.1đ) tại $3.557 
2026-07-26 13:36:20: [PP369] [AutoTrade] BANANA LONG có Score = 4.1đ < 5.5đ — bỏ qua 
2026-07-26 13:36:50: [PP369] [AutoTrade] GMX → LONG (Score: +4.3đ) tại $6.523 
2026-07-26 13:36:50: [PP369] [AutoTrade] GMX LONG có Score = 4.3đ < 5.5đ — bỏ qua 
2026-07-26 13:36:50: [PP369] [AutoTrade] BANANA → LONG (Score: +4.1đ) tại $3.557 
2026-07-26 13:36:50: [PP369] [AutoTrade] BANANA LONG có Score = 4.1đ < 5.5đ — bỏ qua 
2026-07-26 13:37:20: [PP369] [AutoTrade] ONT → SHORT (Score: +4.5đ) tại $0.043 
2026-07-26 13:37:20: [PP369] [AutoTrade] ONT SHORT có Score = 4.5đ < 5.5đ — bỏ qua 
2026-07-26 13:37:20: [PP369] [AutoTrade] BANANA → LONG (Score: +4.1đ) tại $3.557 
2026-07-26 13:37:20: [PP369] [AutoTrade] BANANA LONG có Score = 4.1đ < 5.5đ — bỏ qua 
2026-07-26 13:37:50: [PP369] [AutoTrade] ONT → SHORT (Score: +4.5đ) tại $0.043 
2026-07-26 13:37:50: [PP369] [AutoTrade] ONT SHORT có Score = 4.5đ < 5.5đ — bỏ qua 
2026-07-26 13:37:50: [PP369] [AutoTrade] BANANA → LONG (Score: +4.1đ) tại $3.557 
2026-07-26 13:37:50: [PP369] [AutoTrade] BANANA LONG có Score = 4.1đ < 5.5đ — bỏ qua 
2026-07-26 13:38:20: [PP369] [AutoTrade] ONT → SHORT (Score: +4.5đ) tại $0.043 
2026-07-26 13:38:20: [PP369] [AutoTrade] ONT SHORT có Score = 4.5đ < 5.5đ — bỏ qua 
2026-07-26 13:38:21: [PP369] [AutoTrade] BANANA → LONG (Score: +4.1đ) tại $3.557 
2026-07-26 13:38:21: [PP369] [AutoTrade] BANANA LONG có Score = 4.1đ < 5.5đ — bỏ qua 
2026-07-26 13:38:50: [PP369] [AutoTrade] ONT → SHORT (Score: +4.5đ) tại $0.043 
2026-07-26 13:38:50: [PP369] [AutoTrade] ONT SHORT có Score = 4.5đ < 5.5đ — bỏ qua 
2026-07-26 13:39:20: [PP369] [AutoTrade] ONT → SHORT (Score: +4.5đ) tại $0.043 
2026-07-26 13:39:20: [PP369] [AutoTrade] ONT SHORT có Score = 4.5đ < 5.5đ — bỏ qua 
2026-07-26 13:40:20: [PP369] [AutoTrade] ONT → SHORT (Score: +4.5đ) tại $0.043 
2026-07-26 13:40:20: [PP369] [AutoTrade] ONT SHORT có Score = 4.5đ < 5.5đ — bỏ qua 
2026-07-26 13:40:50: [PP369] [AutoTrade] ONT → SHORT (Score: +4.5đ) tại $0.043 
2026-07-26 13:40:50: [PP369] [AutoTrade] ONT SHORT có Score = 4.5đ < 5.5đ — bỏ qua 
2026-07-26 13:40:51: [PP369] [AutoTrade] HOT → SHORT (Score: +3.4999999999999996đ) tại $0.000342 
2026-07-26 13:40:51: [PP369] [AutoTrade] HOT SHORT có Score = 3.4999999999999996đ < 5.5đ — bỏ qua 
2026-07-26 13:41:20: [PP369] [AutoTrade] ONT → SHORT (Score: +4.5đ) tại $0.043 
2026-07-26 13:41:20: [PP369] [AutoTrade] ONT SHORT có Score = 4.5đ < 5.5đ — bỏ qua 
2026-07-26 13:41:50: [PP369] [AutoTrade] ONT → SHORT (Score: +4.5đ) tại $0.043 
2026-07-26 13:41:50: [PP369] [AutoTrade] ONT SHORT có Score = 4.5đ < 5.5đ — bỏ qua 
2026-07-26 13:42:20: [PP369] [AutoTrade] ONT → SHORT (Score: +4.5đ) tại $0.043 
2026-07-26 13:42:20: [PP369] [AutoTrade] ONT SHORT có Score = 4.5đ < 5.5đ — bỏ qua 
2026-07-26 13:48:24: [PP369] [Binance] Đã đồng bộ giờ: offset = 135060ms (Giờ server: 2026-07-26T06:50:39.828Z) 
2026-07-26 14:18:24: [PP369] [Binance] Đã đồng bộ giờ: offset = 135237ms (Giờ server: 2026-07-26T07:20:40.003Z) 
2026-07-26 14:46:22: [PP369] [AutoTrade] KOMA → LONG (Score: +5.4đ) tại $0.00797 
2026-07-26 14:46:22: [PP369] [AutoTrade] KOMA LONG có Score = 5.4đ < 5.5đ — bỏ qua 
2026-07-26 14:48:24: [PP369] [Binance] Đã đồng bộ giờ: offset = 135412ms (Giờ server: 2026-07-26T07:50:40.174Z) 
2026-07-26 15:07:21: [PP369] [AutoTrade] VANRY → LONG (Score: +4.8đ) tại $0.004238 
2026-07-26 15:07:21: [PP369] [AutoTrade] VANRY LONG có Score = 4.8đ < 5.5đ — bỏ qua 
2026-07-26 15:07:50: [PP369] [AutoTrade] VANRY → LONG (Score: +4.8đ) tại $0.004238 
2026-07-26 15:07:50: [PP369] [AutoTrade] VANRY LONG có Score = 4.8đ < 5.5đ — bỏ qua 
2026-07-26 15:18:24: [PP369] [Binance] Đã đồng bộ giờ: offset = 135586ms (Giờ server: 2026-07-26T08:20:40.351Z) 
2026-07-26 15:44:21: [PP369] [AutoTrade] BAN → SHORT (Score: +3.2đ) tại $0.07543 
2026-07-26 15:44:21: [PP369] [AutoTrade] BAN SHORT có Score = 3.2đ < 5.5đ — bỏ qua 
2026-07-26 15:48:24: [PP369] [Binance] Đã đồng bộ giờ: offset = 135763ms (Giờ server: 2026-07-26T08:50:40.534Z) 
2026-07-26 15:48:27: [PP369] [AutoTrade] [CoinRefresh] Tái kiểm tra danh sách: 453 → 453 coin hợp lệ theo giá hiện tại. 
2026-07-26 16:02:51: [PP369] [AutoTrade] XNY → LONG (Score: +4.699999999999999đ) tại $0.006502 
2026-07-26 16:02:51: [PP369] [AutoTrade] XNY LONG có Score = 4.699999999999999đ < 5.5đ — bỏ qua 
2026-07-26 16:08:50: [PP369] [AutoTrade] XNY → LONG (Score: +4.699999999999999đ) tại $0.006502 
2026-07-26 16:08:50: [PP369] [AutoTrade] XNY LONG có Score = 4.699999999999999đ < 5.5đ — bỏ qua 
2026-07-26 16:09:20: [PP369] [AutoTrade] XNY → LONG (Score: +4.699999999999999đ) tại $0.006502 
2026-07-26 16:09:20: [PP369] [AutoTrade] XNY LONG có Score = 4.699999999999999đ < 5.5đ — bỏ qua 
2026-07-26 16:09:50: [PP369] [AutoTrade] XNY → LONG (Score: +4.699999999999999đ) tại $0.006502 
2026-07-26 16:09:50: [PP369] [AutoTrade] XNY LONG có Score = 4.699999999999999đ < 5.5đ — bỏ qua 
2026-07-26 16:10:20: [PP369] [AutoTrade] XNY → LONG (Score: +4.699999999999999đ) tại $0.006502 
2026-07-26 16:10:20: [PP369] [AutoTrade] XNY LONG có Score = 4.699999999999999đ < 5.5đ — bỏ qua 
2026-07-26 16:10:50: [PP369] [AutoTrade] XNY → LONG (Score: +4.699999999999999đ) tại $0.006502 
2026-07-26 16:10:50: [PP369] [AutoTrade] XNY LONG có Score = 4.699999999999999đ < 5.5đ — bỏ qua 
2026-07-26 16:11:20: [PP369] [AutoTrade] XNY → LONG (Score: +4.699999999999999đ) tại $0.006502 
2026-07-26 16:11:20: [PP369] [AutoTrade] XNY LONG có Score = 4.699999999999999đ < 5.5đ — bỏ qua 
2026-07-26 16:18:24: [PP369] [Binance] Đã đồng bộ giờ: offset = 135938ms (Giờ server: 2026-07-26T09:20:40.706Z) 
2026-07-26 16:48:24: [PP369] [Binance] Đã đồng bộ giờ: offset = 136114ms (Giờ server: 2026-07-26T09:50:40.881Z) 
2026-07-26 16:57:51: [PP369] [AutoTrade] HYPER → SHORT (Score: +3.9000000000000004đ) tại $0.0667 
2026-07-26 16:57:51: [PP369] [AutoTrade] HYPER SHORT có Score = 3.9000000000000004đ < 5.5đ — bỏ qua 
2026-07-26 16:58:20: [PP369] [AutoTrade] HYPER → SHORT (Score: +3.9000000000000004đ) tại $0.0667 
2026-07-26 16:58:20: [PP369] [AutoTrade] HYPER SHORT có Score = 3.9000000000000004đ < 5.5đ — bỏ qua 
2026-07-26 17:18:24: [PP369] [Binance] Đã đồng bộ giờ: offset = 136288ms (Giờ server: 2026-07-26T10:20:41.058Z) 
2026-07-26 17:39:21: [PP369] [AutoTrade] BAN → SHORT (Score: +3đ) tại $0.07543 
2026-07-26 17:39:21: [PP369] [AutoTrade] BAN SHORT có Score = 3đ < 5.5đ — bỏ qua 
2026-07-26 17:39:50: [PP369] [AutoTrade] BAN → SHORT (Score: +3đ) tại $0.07543 
2026-07-26 17:39:50: [PP369] [AutoTrade] BAN SHORT có Score = 3đ < 5.5đ — bỏ qua 
2026-07-26 17:40:50: [PP369] [AutoTrade] BAN → SHORT (Score: +3đ) tại $0.07543 
2026-07-26 17:40:50: [PP369] [AutoTrade] BAN SHORT có Score = 3đ < 5.5đ — bỏ qua 
2026-07-26 17:41:20: [PP369] [AutoTrade] BAN → SHORT (Score: +3đ) tại $0.07543 
2026-07-26 17:41:20: [PP369] [AutoTrade] BAN SHORT có Score = 3đ < 5.5đ — bỏ qua 
2026-07-26 17:41:50: [PP369] [AutoTrade] BAN → SHORT (Score: +3đ) tại $0.07543 
2026-07-26 17:41:50: [PP369] [AutoTrade] BAN SHORT có Score = 3đ < 5.5đ — bỏ qua 
2026-07-26 17:42:20: [PP369] [AutoTrade] BAN → SHORT (Score: +3đ) tại $0.07543 
2026-07-26 17:42:20: [PP369] [AutoTrade] BAN SHORT có Score = 3đ < 5.5đ — bỏ qua 
2026-07-26 17:42:50: [PP369] [AutoTrade] BAN → SHORT (Score: +3đ) tại $0.07543 
2026-07-26 17:42:50: [PP369] [AutoTrade] BAN SHORT có Score = 3đ < 5.5đ — bỏ qua 
2026-07-26 17:43:20: [PP369] [AutoTrade] BAN → SHORT (Score: +3đ) tại $0.07543 
2026-07-26 17:43:20: [PP369] [AutoTrade] BAN SHORT có Score = 3đ < 5.5đ — bỏ qua 
2026-07-26 17:43:50: [PP369] [AutoTrade] BAN → SHORT (Score: +3đ) tại $0.07543 
2026-07-26 17:43:50: [PP369] [AutoTrade] BAN SHORT có Score = 3đ < 5.5đ — bỏ qua 
2026-07-26 17:44:20: [PP369] [AutoTrade] BAN → SHORT (Score: +3đ) tại $0.07543 
2026-07-26 17:44:20: [PP369] [AutoTrade] BAN SHORT có Score = 3đ < 5.5đ — bỏ qua 
2026-07-26 17:44:50: [PP369] [AutoTrade] BAN → SHORT (Score: +3đ) tại $0.07543 
2026-07-26 17:44:50: [PP369] [AutoTrade] BAN SHORT có Score = 3đ < 5.5đ — bỏ qua 
2026-07-26 17:48:24: [PP369] [Binance] Đã đồng bộ giờ: offset = 136466ms (Giờ server: 2026-07-26T10:50:41.232Z) 
2026-07-26 18:18:24: [PP369] [Binance] Đã đồng bộ giờ: offset = 136640ms (Giờ server: 2026-07-26T11:20:41.407Z) 
2026-07-26 18:48:24: [PP369] [Binance] Đã đồng bộ giờ: offset = 136815ms (Giờ server: 2026-07-26T11:50:41.584Z) 
2026-07-26 18:58:52: [PP369] [AutoTrade] EPIC → LONG (Score: +5đ) tại $0.7385 
2026-07-26 18:58:52: [PP369] [AutoTrade] EPIC LONG không đạt Tiêu chí 2 (Biến động H1/M15 an toàn) — bỏ qua 
2026-07-26 19:18:24: [PP369] [Binance] Đã đồng bộ giờ: offset = 136989ms (Giờ server: 2026-07-26T12:20:41.764Z) 
2026-07-26 19:20:21: [PP369] [AutoTrade] EPIC → SHORT (Score: +3đ) tại $0.6177 
2026-07-26 19:20:21: [PP369] [AutoTrade] EPIC SHORT không đạt Tiêu chí 2 (Biến động H1/M15 an toàn) — bỏ qua 
2026-07-26 19:38:21: [PP369] [AutoTrade] CROSS → SHORT (Score: +3.5đ) tại $0.09406 
2026-07-26 19:38:21: [PP369] [AutoTrade] CROSS SHORT không đạt Tiêu chí 2 (Biến động H1/M15 an toàn) — bỏ qua 
2026-07-26 19:40:51: [PP369] [AutoTrade] SAFE → LONG (Score: +3.9đ) tại $0.0871 
2026-07-26 19:40:51: [PP369] [AutoTrade] SAFE LONG không đạt Tiêu chí 2 (Biến động H1/M15 an toàn) — bỏ qua 
2026-07-26 19:48:24: [PP369] [Binance] Đã đồng bộ giờ: offset = 137164ms (Giờ server: 2026-07-26T12:50:41.941Z) 
2026-07-26 19:48:27: [PP369] [AutoTrade] [CoinRefresh] Tái kiểm tra danh sách: 453 → 452 coin hợp lệ theo giá hiện tại. 
2026-07-26 19:50:20: [PP369] [AutoTrade] SAFE → LONG (Score: +3.9đ) tại $0.0871 
2026-07-26 19:50:20: [PP369] [AutoTrade] SAFE LONG không đạt Tiêu chí 2 (Biến động H1/M15 an toàn) — bỏ qua 
2026-07-26 20:12:22: [PP369] [AutoTrade] SLP → LONG (Score: +5.7đ) tại $0.0005542 
2026-07-26 20:12:22: [PP369] [AutoTrade] Set leverage SLPUSDT = 12x (Lưới: 3.95% → tính được 12x, giới hạn: 50x | Ký quỹ mục tiêu: $20) 
2026-07-26 20:12:22: [PP369] [AutoTrade] ✓ SLP BUY 433056 @ $0.0005542 orderId=410812551 status=NEW 
2026-07-26 20:12:25: [PP369] [AutoTrade] ✓ Đặt TP SLP @ $0.0005586 (đối ứng SELL) orderId=1000002474429275 
2026-07-26 20:12:25: [PP369] [AutoTrade] ✓ Đặt SL SLP @ $0.0005494 (đối ứng SELL) orderId=1000002474429279 
2026-07-26 20:18:07: [PP369] [AutoTrade] Trailing SL: SLP đạt ROI 5.09% -> Dịch SL trên sàn về entry + 1% ROI ($0.0005545) [Mức: Hòa vốn] 
2026-07-26 20:18:07: [PP369] [AutoTrade] Đã hủy SL cũ của SLP (orderId=1000002474429279) 
2026-07-26 20:18:07: [PP369] [AutoTrade] ✓ Đã dịch SL mới cho SLP @ $0.0005545 (orderId=1000002474435197) 
2026-07-26 20:18:24: [PP369] [Binance] Đã đồng bộ giờ: offset = 137340ms (Giờ server: 2026-07-26T13:20:42.111Z) 
2026-07-26 20:25:21: [PP369] [AutoTrade] 1000SHIB → LONG (Score: +5.1đ) tại $0.005133 
2026-07-26 20:25:21: [PP369] [AutoTrade] 1000SHIB LONG có Score = 5.1đ < 5.5đ — bỏ qua 
2026-07-26 20:48:24: [PP369] [Binance] Đã đồng bộ giờ: offset = 137516ms (Giờ server: 2026-07-26T13:50:42.286Z) 
2026-07-26 21:05:50: [PP369] [AutoTrade] Trailing SL: BTC đạt ROI 15.45% -> Dịch SL trên sàn về entry + 8% ROI ($64288.8) [Mức: Khóa lãi] 
2026-07-26 21:05:50: [PP369] [AutoTrade] Đã hủy SL cũ của BTC (orderId=1000002473397176) 
2026-07-26 21:05:50: [PP369] [AutoTrade] ✓ Đã dịch SL mới cho BTC @ $64288.80 (orderId=1000002474485769) 
2026-07-26 21:12:22: [PP369] [AutoTrade] TWT → SHORT (Score: +5.2đ) tại $0.3575 
2026-07-26 21:12:22: [PP369] [AutoTrade] TWT SHORT có Score = 5.2đ < 5.5đ — bỏ qua 
2026-07-26 21:13:20: [PP369] [AutoTrade] TWT → SHORT (Score: +5.2đ) tại $0.3575 
2026-07-26 21:13:20: [PP369] [AutoTrade] TWT SHORT có Score = 5.2đ < 5.5đ — bỏ qua 
2026-07-26 21:13:50: [PP369] [AutoTrade] TWT → SHORT (Score: +5.2đ) tại $0.3575 
2026-07-26 21:13:50: [PP369] [AutoTrade] TWT SHORT có Score = 5.2đ < 5.5đ — bỏ qua 
2026-07-26 21:14:20: [PP369] [AutoTrade] TWT → SHORT (Score: +5.2đ) tại $0.3575 
2026-07-26 21:14:20: [PP369] [AutoTrade] TWT SHORT có Score = 5.2đ < 5.5đ — bỏ qua 
2026-07-26 21:14:50: [PP369] [AutoTrade] TWT → SHORT (Score: +5.2đ) tại $0.3575 
2026-07-26 21:14:50: [PP369] [AutoTrade] TWT SHORT có Score = 5.2đ < 5.5đ — bỏ qua 
2026-07-26 21:18:24: [PP369] [Binance] Đã đồng bộ giờ: offset = 137691ms (Giờ server: 2026-07-26T14:20:42.466Z) 
2026-07-26 21:48:24: [PP369] [Binance] Đã đồng bộ giờ: offset = 137865ms (Giờ server: 2026-07-26T14:50:42.638Z) 
2026-07-26 22:00:52: [PP369] [AutoTrade] RONIN → SHORT (Score: +5.5đ) tại $0.0543 
2026-07-26 22:00:52: [PP369] [AutoTrade] Set leverage RONINUSDT = 9x (Lưới: 5.44% → tính được 9x, giới hạn: 50x | Ký quỹ mục tiêu: $20) 
2026-07-26 22:00:53: [PP369] [AutoTrade] ✓ RONIN SELL 3314.9 @ $0.0543 orderId=1930737062 status=NEW 
2026-07-26 22:01:06: [PP369] [AutoTrade] ✓ Đặt TP RONIN @ $0.053700 (đối ứng BUY) orderId=1000002474557149 
2026-07-26 22:01:06: [PP369] [AutoTrade] ✓ Đặt SL RONIN @ $0.054900 (đối ứng BUY) orderId=1000002474557154 
2026-07-26 22:18:24: [PP369] [Binance] Đã đồng bộ giờ: offset = 138040ms (Giờ server: 2026-07-26T15:20:42.812Z) 
2026-07-26 22:22:51: [PP369] [AutoTrade] HOLO → SHORT (Score: +5.1đ) tại $0.07083 
2026-07-26 22:22:51: [PP369] [AutoTrade] HOLO SHORT có Score = 5.1đ < 5.5đ — bỏ qua 
2026-07-26 22:23:50: [PP369] [AutoTrade] HOLO → SHORT (Score: +5.1đ) tại $0.07083 
2026-07-26 22:23:50: [PP369] [AutoTrade] HOLO SHORT có Score = 5.1đ < 5.5đ — bỏ qua 
2026-07-26 22:41:21: [PP369] [AutoTrade] ARC → LONG (Score: +4.6đ) tại $0.05655 
2026-07-26 22:41:21: [PP369] [AutoTrade] ARC LONG có Score = 4.6đ < 5.5đ — bỏ qua 
2026-07-26 22:41:50: [PP369] [AutoTrade] ARC → LONG (Score: +4.6đ) tại $0.05655 
2026-07-26 22:41:50: [PP369] [AutoTrade] ARC LONG có Score = 4.6đ < 5.5đ — bỏ qua 
2026-07-26 22:42:20: [PP369] [AutoTrade] ARC → LONG (Score: +4.6đ) tại $0.05655 
2026-07-26 22:42:20: [PP369] [AutoTrade] ARC LONG có Score = 4.6đ < 5.5đ — bỏ qua 
2026-07-26 22:42:51: [PP369] [AutoTrade] ARC → LONG (Score: +4.6đ) tại $0.05655 
2026-07-26 22:42:51: [PP369] [AutoTrade] ARC LONG có Score = 4.6đ < 5.5đ — bỏ qua 
2026-07-26 22:46:50: [PP369] [AutoTrade] ARC → LONG (Score: +4.6đ) tại $0.05655 
2026-07-26 22:46:50: [PP369] [AutoTrade] ARC LONG có Score = 4.6đ < 5.5đ — bỏ qua 
2026-07-26 22:47:20: [PP369] [AutoTrade] ARC → LONG (Score: +4.6đ) tại $0.05655 
2026-07-26 22:47:20: [PP369] [AutoTrade] ARC LONG có Score = 4.6đ < 5.5đ — bỏ qua 
2026-07-26 22:47:50: [PP369] [AutoTrade] ARC → LONG (Score: +4.6đ) tại $0.05655 
2026-07-26 22:47:50: [PP369] [AutoTrade] ARC LONG có Score = 4.6đ < 5.5đ — bỏ qua 
2026-07-26 22:48:24: [PP369] [Binance] Đã đồng bộ giờ: offset = 138215ms (Giờ server: 2026-07-26T15:50:42.989Z) 
2026-07-26 22:48:50: [PP369] [AutoTrade] ARC → LONG (Score: +4.6đ) tại $0.05655 
2026-07-26 22:48:50: [PP369] [AutoTrade] ARC LONG có Score = 4.6đ < 5.5đ — bỏ qua 
2026-07-26 22:53:20: [PP369] [AutoTrade] HOLO → SHORT (Score: +5.1đ) tại $0.07083 
2026-07-26 22:53:20: [PP369] [AutoTrade] HOLO SHORT có Score = 5.1đ < 5.5đ — bỏ qua 
2026-07-26 22:53:50: [PP369] [AutoTrade] HOLO → SHORT (Score: +5.1đ) tại $0.07083 
2026-07-26 22:53:50: [PP369] [AutoTrade] HOLO SHORT có Score = 5.1đ < 5.5đ — bỏ qua 
2026-07-26 22:54:20: [PP369] [AutoTrade] HOLO → SHORT (Score: +5.1đ) tại $0.07083 
2026-07-26 22:54:20: [PP369] [AutoTrade] HOLO SHORT có Score = 5.1đ < 5.5đ — bỏ qua 
2026-07-26 22:54:50: [PP369] [AutoTrade] HOLO → SHORT (Score: +5.1đ) tại $0.07083 
2026-07-26 22:54:50: [PP369] [AutoTrade] HOLO SHORT có Score = 5.1đ < 5.5đ — bỏ qua 
2026-07-26 22:55:50: [PP369] [AutoTrade] HOLO → SHORT (Score: +5.1đ) tại $0.07083 
2026-07-26 22:55:50: [PP369] [AutoTrade] HOLO SHORT có Score = 5.1đ < 5.5đ — bỏ qua 
2026-07-26 22:56:20: [PP369] [AutoTrade] HOLO → SHORT (Score: +5.1đ) tại $0.07083 
2026-07-26 22:56:20: [PP369] [AutoTrade] HOLO SHORT có Score = 5.1đ < 5.5đ — bỏ qua 
2026-07-26 22:56:50: [PP369] [AutoTrade] HOLO → SHORT (Score: +5.1đ) tại $0.07083 
2026-07-26 22:56:50: [PP369] [AutoTrade] HOLO SHORT có Score = 5.1đ < 5.5đ — bỏ qua 
2026-07-26 22:57:20: [PP369] [AutoTrade] HOLO → SHORT (Score: +5.1đ) tại $0.07083 
2026-07-26 22:57:20: [PP369] [AutoTrade] HOLO SHORT có Score = 5.1đ < 5.5đ — bỏ qua 
2026-07-26 22:57:50: [PP369] [AutoTrade] HOLO → SHORT (Score: +5.1đ) tại $0.07083 
2026-07-26 22:57:50: [PP369] [AutoTrade] HOLO SHORT có Score = 5.1đ < 5.5đ — bỏ qua 
2026-07-26 22:58:20: [PP369] [AutoTrade] HOLO → SHORT (Score: +5.1đ) tại $0.07083 
2026-07-26 22:58:20: [PP369] [AutoTrade] HOLO SHORT có Score = 5.1đ < 5.5đ — bỏ qua 
2026-07-26 22:58:50: [PP369] [AutoTrade] HOLO → SHORT (Score: +5.1đ) tại $0.07083 
2026-07-26 22:58:50: [PP369] [AutoTrade] HOLO SHORT có Score = 5.1đ < 5.5đ — bỏ qua 
2026-07-26 23:05:52: [PP369] [AutoTrade] HOLO → SHORT (Score: +5.3đ) tại $0.07083 
2026-07-26 23:05:52: [PP369] [AutoTrade] HOLO SHORT có Score = 5.3đ < 5.5đ — bỏ qua 
2026-07-26 23:06:20: [PP369] [AutoTrade] HOLO → SHORT (Score: +5.3đ) tại $0.07083 
2026-07-26 23:06:20: [PP369] [AutoTrade] HOLO SHORT có Score = 5.3đ < 5.5đ — bỏ qua 
2026-07-26 23:18:24: [PP369] [Binance] Đã đồng bộ giờ: offset = 138390ms (Giờ server: 2026-07-26T16:20:43.163Z) 
2026-07-26 23:19:21: [PP369] [AutoTrade] ARC → LONG (Score: +4.6đ) tại $0.05655 
2026-07-26 23:19:21: [PP369] [AutoTrade] ARC LONG có Score = 4.6đ < 5.5đ — bỏ qua 
2026-07-26 23:48:24: [PP369] [Binance] Đã đồng bộ giờ: offset = 138565ms (Giờ server: 2026-07-26T16:50:43.339Z) 
2026-07-26 23:48:27: [PP369] [AutoTrade] [CoinRefresh] Tái kiểm tra danh sách: 452 → 452 coin hợp lệ theo giá hiện tại. 
2026-07-27 00:18:24: [PP369] [Binance] Đã đồng bộ giờ: offset = 138740ms (Giờ server: 2026-07-26T17:20:43.513Z) 
2026-07-27 00:48:24: [PP369] [Binance] Đã đồng bộ giờ: offset = 138904ms (Giờ server: 2026-07-26T17:50:43.697Z) 
2026-07-27 01:18:24: [PP369] [Binance] Đã đồng bộ giờ: offset = 139095ms (Giờ server: 2026-07-26T18:20:43.955Z) 
2026-07-27 01:48:24: [PP369] [Binance] Đã đồng bộ giờ: offset = 139269ms (Giờ server: 2026-07-26T18:50:44.033Z) 
2026-07-27 02:00:22: [PP369] [AutoTrade] EPIC → SHORT (Score: +2.7đ) tại $0.7677 
2026-07-27 02:00:22: [PP369] [AutoTrade] EPIC SHORT không đạt Tiêu chí 2 (Biến động H1/M15 an toàn) — bỏ qua 
2026-07-27 02:18:24: [PP369] [Binance] Đã đồng bộ giờ: offset = 139445ms (Giờ server: 2026-07-26T19:20:44.211Z) 
2026-07-27 02:48:24: [PP369] [Binance] Đã đồng bộ giờ: offset = 139619ms (Giờ server: 2026-07-26T19:50:44.384Z) 
2026-07-27 02:58:22: [PP369] [AutoTrade] AIOT → SHORT (Score: +4.6đ) tại $0.0523 
2026-07-27 02:58:22: [PP369] [AutoTrade] AIOT SHORT có Score = 4.6đ < 5.5đ — bỏ qua 
2026-07-27 03:18:24: [PP369] [Binance] Đã đồng bộ giờ: offset = 139764ms (Giờ server: 2026-07-26T20:20:44.558Z) 
2026-07-27 03:30:22: [PP369] [AutoTrade] EPIC → LONG (Score: +3.8999999999999995đ) tại $0.7385 
2026-07-27 03:30:22: [PP369] [AutoTrade] EPIC LONG có Score = 3.8999999999999995đ < 5.5đ — bỏ qua 
2026-07-27 03:30:51: [PP369] [AutoTrade] EPIC → LONG (Score: +3.8999999999999995đ) tại $0.7385 
2026-07-27 03:30:51: [PP369] [AutoTrade] EPIC LONG có Score = 3.8999999999999995đ < 5.5đ — bỏ qua 
2026-07-27 03:31:21: [PP369] [AutoTrade] EPIC → LONG (Score: +3.8999999999999995đ) tại $0.7385 
2026-07-27 03:31:21: [PP369] [AutoTrade] EPIC LONG có Score = 3.8999999999999995đ < 5.5đ — bỏ qua 
2026-07-27 03:48:24: [PP369] [Binance] Đã đồng bộ giờ: offset = 139967ms (Giờ server: 2026-07-26T20:50:44.739Z) 
2026-07-27 03:48:27: [PP369] [AutoTrade] [CoinRefresh] Tái kiểm tra danh sách: 452 → 451 coin hợp lệ theo giá hiện tại. 
2026-07-27 04:18:24: [PP369] [Binance] Đã đồng bộ giờ: offset = 140142ms (Giờ server: 2026-07-26T21:20:44.950Z) 
2026-07-27 04:48:24: [PP369] [Binance] Đã đồng bộ giờ: offset = 140318ms (Giờ server: 2026-07-26T21:50:45.091Z) 
2026-07-27 04:53:52: [PP369] [AutoTrade] ENS → SHORT (Score: +3.5đ) tại $4.624 
2026-07-27 04:53:52: [PP369] [AutoTrade] ENS SHORT có Score = 3.5đ < 5.5đ — bỏ qua 
2026-07-27 04:54:21: [PP369] [AutoTrade] ENS → SHORT (Score: +3.5đ) tại $4.624 
2026-07-27 04:54:21: [PP369] [AutoTrade] ENS SHORT có Score = 3.5đ < 5.5đ — bỏ qua 
2026-07-27 04:55:51: [PP369] [AutoTrade] ENS → SHORT (Score: +3.5đ) tại $4.624 
2026-07-27 04:55:51: [PP369] [AutoTrade] ENS SHORT có Score = 3.5đ < 5.5đ — bỏ qua 
2026-07-27 04:56:21: [PP369] [AutoTrade] ENS → SHORT (Score: +3.5đ) tại $4.624 
2026-07-27 04:56:21: [PP369] [AutoTrade] ENS SHORT có Score = 3.5đ < 5.5đ — bỏ qua 
2026-07-27 04:56:51: [PP369] [AutoTrade] ENS → SHORT (Score: +3.5đ) tại $4.624 
2026-07-27 04:56:51: [PP369] [AutoTrade] ENS SHORT có Score = 3.5đ < 5.5đ — bỏ qua 
2026-07-27 05:18:24: [PP369] [Binance] Đã đồng bộ giờ: offset = 140494ms (Giờ server: 2026-07-26T22:20:45.267Z) 
2026-07-27 05:48:24: [PP369] [Binance] Đã đồng bộ giờ: offset = 140667ms (Giờ server: 2026-07-26T22:50:45.442Z) 
2026-07-27 05:54:52: [PP369] [AutoTrade] ZEC → SHORT (Score: +4.1đ) tại $509.27 
2026-07-27 05:54:52: [PP369] [AutoTrade] ZEC SHORT có Score = 4.1đ < 5.5đ — bỏ qua 
2026-07-27 05:55:21: [PP369] [AutoTrade] ZEC → SHORT (Score: +4.1đ) tại $509.27 
2026-07-27 05:55:21: [PP369] [AutoTrade] ZEC SHORT có Score = 4.1đ < 5.5đ — bỏ qua 
2026-07-27 05:55:51: [PP369] [AutoTrade] ZEC → SHORT (Score: +4.1đ) tại $509.27 
2026-07-27 05:55:51: [PP369] [AutoTrade] ZEC SHORT có Score = 4.1đ < 5.5đ — bỏ qua 
2026-07-27 05:56:21: [PP369] [AutoTrade] ZEC → SHORT (Score: +4.1đ) tại $509.27 
2026-07-27 05:56:21: [PP369] [AutoTrade] ZEC SHORT có Score = 4.1đ < 5.5đ — bỏ qua 
2026-07-27 06:14:23: [PP369] [AutoTrade] WLD → SHORT (Score: +3.8đ) tại $0.3593 
2026-07-27 06:14:23: [PP369] [AutoTrade] WLD SHORT có Score = 3.8đ < 5.5đ — bỏ qua 
2026-07-27 06:18:24: [PP369] [Binance] Đã đồng bộ giờ: offset = 140843ms (Giờ server: 2026-07-26T23:20:45.619Z) 
2026-07-27 06:23:21: [PP369] [AutoTrade] WLD → SHORT (Score: +3.8đ) tại $0.3593 
2026-07-27 06:23:21: [PP369] [AutoTrade] WLD SHORT có Score = 3.8đ < 5.5đ — bỏ qua 
2026-07-27 06:30:22: [PP369] [AutoTrade] ZEC → SHORT (Score: +5.3đ) tại $509.27 
2026-07-27 06:30:22: [PP369] [AutoTrade] ZEC SHORT có Score = 5.3đ < 5.5đ — bỏ qua 
2026-07-27 06:30:22: [PP369] [AutoTrade] WLD → SHORT (Score: +3.8đ) tại $0.3593 
2026-07-27 06:30:22: [PP369] [AutoTrade] WLD SHORT có Score = 3.8đ < 5.5đ — bỏ qua 
2026-07-27 06:30:51: [PP369] [AutoTrade] ZEC → SHORT (Score: +5.3đ) tại $509.27 
2026-07-27 06:30:51: [PP369] [AutoTrade] ZEC SHORT có Score = 5.3đ < 5.5đ — bỏ qua 
2026-07-27 06:31:21: [PP369] [AutoTrade] ZEC → SHORT (Score: +5.3đ) tại $509.27 
2026-07-27 06:31:21: [PP369] [AutoTrade] ZEC SHORT có Score = 5.3đ < 5.5đ — bỏ qua 
2026-07-27 06:31:22: [PP369] [AutoTrade] WLD → SHORT (Score: +3.8đ) tại $0.3593 
2026-07-27 06:31:22: [PP369] [AutoTrade] WLD SHORT có Score = 3.8đ < 5.5đ — bỏ qua 
2026-07-27 06:31:51: [PP369] [AutoTrade] ZEC → SHORT (Score: +5.3đ) tại $509.27 
2026-07-27 06:31:51: [PP369] [AutoTrade] ZEC SHORT có Score = 5.3đ < 5.5đ — bỏ qua 
2026-07-27 06:31:52: [PP369] [AutoTrade] WLD → SHORT (Score: +3.8đ) tại $0.3593 
2026-07-27 06:31:52: [PP369] [AutoTrade] WLD SHORT có Score = 3.8đ < 5.5đ — bỏ qua 
2026-07-27 06:32:21: [PP369] [AutoTrade] WLD → SHORT (Score: +3.8đ) tại $0.3593 
2026-07-27 06:32:21: [PP369] [AutoTrade] WLD SHORT có Score = 3.8đ < 5.5đ — bỏ qua 
2026-07-27 06:32:51: [PP369] [AutoTrade] ZEC → SHORT (Score: +5.3đ) tại $509.27 
2026-07-27 06:32:51: [PP369] [AutoTrade] ZEC SHORT có Score = 5.3đ < 5.5đ — bỏ qua 
2026-07-27 06:32:52: [PP369] [AutoTrade] WLD → SHORT (Score: +3.8đ) tại $0.3593 
2026-07-27 06:32:52: [PP369] [AutoTrade] WLD SHORT có Score = 3.8đ < 5.5đ — bỏ qua 
2026-07-27 06:33:21: [PP369] [AutoTrade] ZEC → SHORT (Score: +5.3đ) tại $509.27 
2026-07-27 06:33:21: [PP369] [AutoTrade] ZEC SHORT có Score = 5.3đ < 5.5đ — bỏ qua 
2026-07-27 06:33:22: [PP369] [AutoTrade] WLD → SHORT (Score: +3.8đ) tại $0.3593 
2026-07-27 06:33:22: [PP369] [AutoTrade] WLD SHORT có Score = 3.8đ < 5.5đ — bỏ qua 
2026-07-27 06:33:51: [PP369] [AutoTrade] ZEC → SHORT (Score: +5.3đ) tại $509.27 
2026-07-27 06:33:51: [PP369] [AutoTrade] ZEC SHORT có Score = 5.3đ < 5.5đ — bỏ qua 
2026-07-27 06:33:52: [PP369] [AutoTrade] WLD → SHORT (Score: +3.8đ) tại $0.3593 
2026-07-27 06:33:52: [PP369] [AutoTrade] WLD SHORT có Score = 3.8đ < 5.5đ — bỏ qua 
2026-07-27 06:34:21: [PP369] [AutoTrade] ZEC → SHORT (Score: +4.8đ) tại $509.27 
2026-07-27 06:34:21: [PP369] [AutoTrade] ZEC SHORT có Score = 4.8đ < 5.5đ — bỏ qua 
2026-07-27 06:34:22: [PP369] [AutoTrade] WLD → SHORT (Score: +3.8đ) tại $0.3593 
2026-07-27 06:34:22: [PP369] [AutoTrade] WLD SHORT có Score = 3.8đ < 5.5đ — bỏ qua 
2026-07-27 06:34:51: [PP369] [AutoTrade] WLD → SHORT (Score: +3.8đ) tại $0.3593 
2026-07-27 06:34:51: [PP369] [AutoTrade] WLD SHORT có Score = 3.8đ < 5.5đ — bỏ qua 
2026-07-27 06:35:21: [PP369] [AutoTrade] WLD → SHORT (Score: +3.8đ) tại $0.3593 
2026-07-27 06:35:21: [PP369] [AutoTrade] WLD SHORT có Score = 3.8đ < 5.5đ — bỏ qua 
2026-07-27 06:35:52: [PP369] [AutoTrade] WLD → SHORT (Score: +3.8đ) tại $0.3593 
2026-07-27 06:35:52: [PP369] [AutoTrade] WLD SHORT có Score = 3.8đ < 5.5đ — bỏ qua 
2026-07-27 06:36:21: [PP369] [AutoTrade] WLD → SHORT (Score: +3.8đ) tại $0.3593 
2026-07-27 06:36:21: [PP369] [AutoTrade] WLD SHORT có Score = 3.8đ < 5.5đ — bỏ qua 
2026-07-27 06:36:51: [PP369] [AutoTrade] WLD → SHORT (Score: +3.8đ) tại $0.3593 
2026-07-27 06:36:51: [PP369] [AutoTrade] WLD SHORT có Score = 3.8đ < 5.5đ — bỏ qua 
2026-07-27 06:37:21: [PP369] [AutoTrade] WLD → SHORT (Score: +3.8đ) tại $0.3593 
2026-07-27 06:37:21: [PP369] [AutoTrade] WLD SHORT có Score = 3.8đ < 5.5đ — bỏ qua 
2026-07-27 06:37:51: [PP369] [AutoTrade] WLD → SHORT (Score: +3.8đ) tại $0.3593 
2026-07-27 06:37:51: [PP369] [AutoTrade] WLD SHORT có Score = 3.8đ < 5.5đ — bỏ qua 
2026-07-27 06:48:24: [PP369] [Binance] Đã đồng bộ giờ: offset = 141018ms (Giờ server: 2026-07-26T23:50:45.794Z) 
2026-07-27 07:18:24: [PP369] [Binance] Đã đồng bộ giờ: offset = 141192ms (Giờ server: 2026-07-27T00:20:45.971Z) 
2026-07-27 07:45:53: [PP369] [AutoTrade] 1000XEC → LONG (Score: +6.2đ) tại $0.00663 
2026-07-27 07:45:53: [PP369] [AutoTrade] Set leverage 1000XECUSDT = 13x (Lưới: 3.77% → tính được 13x, giới hạn: 75x | Ký quỹ mục tiêu: $20) 
2026-07-27 07:45:53: [PP369] [AutoTrade] ✓ 1000XEC BUY 39215 @ $0.00663 orderId=3811438182 status=NEW 
2026-07-27 07:48:24: [PP369] [Binance] Đã đồng bộ giờ: offset = 141366ms (Giờ server: 2026-07-27T00:50:46.146Z) 
2026-07-27 07:48:27: [PP369] [AutoTrade] [CoinRefresh] Tái kiểm tra danh sách: 451 → 450 coin hợp lệ theo giá hiện tại. 
2026-07-27 07:51:10: [PP369] [AutoTrade] ✓ Đặt TP 1000XEC @ $0.0066810 (đối ứng SELL) orderId=1000002475171918 
2026-07-27 07:51:10: [PP369] [AutoTrade] ✓ Đặt SL 1000XEC @ $0.0065790 (đối ứng SELL) orderId=1000002475171919 
2026-07-27 07:54:34: [PP369] [AutoTrade] Trailing SL: 1000XEC đạt ROI 5.21% -> Dịch SL trên sàn về entry + 1% ROI ($0.006635) [Mức: Hòa vốn] 
2026-07-27 07:54:34: [PP369] [AutoTrade] Đã hủy SL cũ của 1000XEC (orderId=1000002475171919) 
2026-07-27 07:54:34: [PP369] [AutoTrade] ✓ Đã dịch SL mới cho 1000XEC @ $0.0066350 (orderId=1000002475176759) 
2026-07-27 07:59:52: [PP369] [AutoTrade] BANANA → SHORT (Score: +3.9đ) tại $3.757 
2026-07-27 07:59:52: [PP369] [AutoTrade] BANANA SHORT có Score = 3.9đ < 5.5đ — bỏ qua 
2026-07-27 08:00:23: [PP369] [AutoTrade] BANANA → SHORT (Score: +4.199999999999999đ) tại $3.757 
2026-07-27 08:00:23: [PP369] [AutoTrade] BANANA SHORT có Score = 4.199999999999999đ < 5.5đ — bỏ qua 
2026-07-27 08:18:24: [PP369] [Binance] Đã đồng bộ giờ: offset = 141543ms (Giờ server: 2026-07-27T01:20:46.320Z) 
2026-07-27 08:25:52: [PP369] [AutoTrade] EPIC → LONG (Score: +4.3999999999999995đ) tại $0.7085 
2026-07-27 08:25:52: [PP369] [AutoTrade] EPIC LONG có Score = 4.3999999999999995đ < 5.5đ — bỏ qua 
2026-07-27 08:26:21: [PP369] [AutoTrade] EPIC → LONG (Score: +4.3999999999999995đ) tại $0.7085 
2026-07-27 08:26:21: [PP369] [AutoTrade] EPIC LONG có Score = 4.3999999999999995đ < 5.5đ — bỏ qua 
2026-07-27 08:26:51: [PP369] [AutoTrade] EPIC → LONG (Score: +4.3999999999999995đ) tại $0.7085 
2026-07-27 08:26:51: [PP369] [AutoTrade] EPIC LONG có Score = 4.3999999999999995đ < 5.5đ — bỏ qua 
2026-07-27 08:27:21: [PP369] [AutoTrade] EPIC → LONG (Score: +4.3999999999999995đ) tại $0.7085 
2026-07-27 08:27:21: [PP369] [AutoTrade] EPIC LONG có Score = 4.3999999999999995đ < 5.5đ — bỏ qua 
2026-07-27 08:27:51: [PP369] [AutoTrade] EPIC → LONG (Score: +4.3999999999999995đ) tại $0.7085 
2026-07-27 08:27:51: [PP369] [AutoTrade] EPIC LONG có Score = 4.3999999999999995đ < 5.5đ — bỏ qua 
2026-07-27 08:29:21: [PP369] [AutoTrade] EPIC → LONG (Score: +4.3999999999999995đ) tại $0.7085 
2026-07-27 08:29:21: [PP369] [AutoTrade] EPIC LONG có Score = 4.3999999999999995đ < 5.5đ — bỏ qua 
2026-07-27 08:29:51: [PP369] [AutoTrade] EPIC → LONG (Score: +4.3999999999999995đ) tại $0.7085 
2026-07-27 08:29:51: [PP369] [AutoTrade] EPIC LONG có Score = 4.3999999999999995đ < 5.5đ — bỏ qua 
2026-07-27 08:30:21: [PP369] [AutoTrade] EPIC → LONG (Score: +4.3999999999999995đ) tại $0.7085 
2026-07-27 08:30:21: [PP369] [AutoTrade] EPIC LONG có Score = 4.3999999999999995đ < 5.5đ — bỏ qua 
2026-07-27 08:30:51: [PP369] [AutoTrade] EPIC → LONG (Score: +4.3999999999999995đ) tại $0.7085 
2026-07-27 08:30:51: [PP369] [AutoTrade] EPIC LONG có Score = 4.3999999999999995đ < 5.5đ — bỏ qua 
2026-07-27 08:31:21: [PP369] [AutoTrade] EPIC → LONG (Score: +4.3999999999999995đ) tại $0.7085 
2026-07-27 08:31:21: [PP369] [AutoTrade] EPIC LONG có Score = 4.3999999999999995đ < 5.5đ — bỏ qua 
2026-07-27 08:33:23: [PP369] [AutoTrade] EPIC → LONG (Score: +4.3999999999999995đ) tại $0.7085 
2026-07-27 08:33:23: [PP369] [AutoTrade] EPIC LONG có Score = 4.3999999999999995đ < 5.5đ — bỏ qua 
2026-07-27 08:33:51: [PP369] [AutoTrade] EPIC → LONG (Score: +4.3999999999999995đ) tại $0.7085 
2026-07-27 08:33:51: [PP369] [AutoTrade] EPIC LONG có Score = 4.3999999999999995đ < 5.5đ — bỏ qua 
2026-07-27 08:37:21: [PP369] [AutoTrade] EPIC → LONG (Score: +4.3999999999999995đ) tại $0.7085 
2026-07-27 08:37:21: [PP369] [AutoTrade] EPIC LONG có Score = 4.3999999999999995đ < 5.5đ — bỏ qua 
2026-07-27 08:37:23: [PP369] [AutoTrade] NIL → SHORT (Score: +3.9đ) tại $0.04018 
2026-07-27 08:37:23: [PP369] [AutoTrade] NIL SHORT có Score = 3.9đ < 5.5đ — bỏ qua 
2026-07-27 08:37:51: [PP369] [AutoTrade] NIL → SHORT (Score: +3.9đ) tại $0.04018 
2026-07-27 08:37:51: [PP369] [AutoTrade] NIL SHORT có Score = 3.9đ < 5.5đ — bỏ qua 
2026-07-27 08:38:22: [PP369] [AutoTrade] NIL → SHORT (Score: +3.9đ) tại $0.04018 
2026-07-27 08:38:22: [PP369] [AutoTrade] NIL SHORT có Score = 3.9đ < 5.5đ — bỏ qua 
2026-07-27 08:42:21: [PP369] [AutoTrade] EPIC → LONG (Score: +4.3999999999999995đ) tại $0.7085 
2026-07-27 08:42:21: [PP369] [AutoTrade] EPIC LONG có Score = 4.3999999999999995đ < 5.5đ — bỏ qua 
2026-07-27 08:45:21: [PP369] [AutoTrade] EPIC → LONG (Score: +4.3999999999999995đ) tại $0.7085 
2026-07-27 08:45:21: [PP369] [AutoTrade] EPIC LONG có Score = 4.3999999999999995đ < 5.5đ — bỏ qua 
2026-07-27 08:45:51: [PP369] [AutoTrade] EPIC → LONG (Score: +4.3999999999999995đ) tại $0.7085 
2026-07-27 08:45:51: [PP369] [AutoTrade] EPIC LONG có Score = 4.3999999999999995đ < 5.5đ — bỏ qua 
2026-07-27 08:46:21: [PP369] [AutoTrade] EPIC → LONG (Score: +4.3999999999999995đ) tại $0.7085 
2026-07-27 08:46:21: [PP369] [AutoTrade] EPIC LONG có Score = 4.3999999999999995đ < 5.5đ — bỏ qua 
2026-07-27 08:46:51: [PP369] [AutoTrade] EPIC → LONG (Score: +4.3999999999999995đ) tại $0.7085 
2026-07-27 08:46:51: [PP369] [AutoTrade] EPIC LONG có Score = 4.3999999999999995đ < 5.5đ — bỏ qua 
2026-07-27 08:48:24: [PP369] [Binance] Đã đồng bộ giờ: offset = 141718ms (Giờ server: 2026-07-27T01:50:46.495Z) 
